Ar,Manad,ArManad,Kommun,Hemland,Gastnatter
2010,1,201001,Luleå,Australien,14
2010,1,201001,Luleå,Belgien,4
2010,1,201001,Luleå,Brasilien,12
2010,1,201001,Luleå,Bulgarien,2
2010,1,201001,Luleå,Danmark,24
2010,1,201001,Luleå,Ej angivet,63
2010,1,201001,Luleå,Finland,255
2010,1,201001,Luleå,Frankrike,80
2010,1,201001,Luleå,Georgien,8
2010,1,201001,Luleå,Grekland,12
2010,1,201001,Luleå,Italien,59
2010,1,201001,Luleå,Japan,17
2010,1,201001,Luleå,Kanada,3
2010,1,201001,Luleå,Kina,31
2010,1,201001,Luleå,Malaysia,1
2010,1,201001,Luleå,Nederländerna,35
2010,1,201001,Luleå,Norge,277
2010,1,201001,Luleå,Polen,1
2010,1,201001,Luleå,Portugal,13
2010,1,201001,Luleå,Ryssland,795
2010,1,201001,Luleå,Schweiz,16
2010,1,201001,Luleå,Spanien,66
2010,1,201001,Luleå,Storbritannien,84
2010,1,201001,Luleå,Sverige,12466
2010,1,201001,Luleå,Sydkorea,5
2010,1,201001,Luleå,Tjeckien,9
2010,1,201001,Luleå,Turkiet,3
2010,1,201001,Luleå,Tyskland,254
2010,1,201001,Luleå,USA,37
2010,1,201001,Luleå,Ungern,1
2010,1,201001,Luleå,Österrike,11
2010,1,201001,Luleå,Övriga Asien,4
2010,2,201002,Luleå,Afghanistan,3
2010,2,201002,Luleå,Australien,23
2010,2,201002,Luleå,Belgien,9
2010,2,201002,Luleå,Danmark,57
2010,2,201002,Luleå,Demokratiska republiken Kongo,1
2010,2,201002,Luleå,Ej angivet,32
2010,2,201002,Luleå,Estland,7
2010,2,201002,Luleå,Finland,447
2010,2,201002,Luleå,Frankrike,236
2010,2,201002,Luleå,Georgien,2
2010,2,201002,Luleå,Grekland,3
2010,2,201002,Luleå,Irland,4
2010,2,201002,Luleå,Italien,50
2010,2,201002,Luleå,Japan,30
2010,2,201002,Luleå,Kanada,39
2010,2,201002,Luleå,Kina,52
2010,2,201002,Luleå,Kongo-Brazzaville,2
2010,2,201002,Luleå,Litauen,5
2010,2,201002,Luleå,Luxemburg,14
2010,2,201002,Luleå,Malaysia,5
2010,2,201002,Luleå,Nederländerna,42
2010,2,201002,Luleå,Norge,454
2010,2,201002,Luleå,Polen,15
2010,2,201002,Luleå,Portugal,10
2010,2,201002,Luleå,Ryssland,493
2010,2,201002,Luleå,Schweiz,42
2010,2,201002,Luleå,Spanien,91
2010,2,201002,Luleå,Storbritannien,117
2010,2,201002,Luleå,Sverige,19792
2010,2,201002,Luleå,Sydafrika,14
2010,2,201002,Luleå,Sydkorea,25
2010,2,201002,Luleå,Taiwan,2
2010,2,201002,Luleå,Thailand,2
2010,2,201002,Luleå,Tjeckien,2
2010,2,201002,Luleå,Tyskland,364
2010,2,201002,Luleå,USA,90
2010,2,201002,Luleå,Österrike,7
2010,2,201002,Luleå,Övriga Amerika,14
2010,3,201003,Luleå,Albanien,1
2010,3,201003,Luleå,Australien,5
2010,3,201003,Luleå,Belgien,31
2010,3,201003,Luleå,Danmark,58
2010,3,201003,Luleå,Demokratiska republiken Kongo,2
2010,3,201003,Luleå,Ej angivet,4
2010,3,201003,Luleå,Estland,27
2010,3,201003,Luleå,Finland,892
2010,3,201003,Luleå,Frankrike,131
2010,3,201003,Luleå,Georgien,2
2010,3,201003,Luleå,Grekland,19
2010,3,201003,Luleå,Indien,8
2010,3,201003,Luleå,Irland,1
2010,3,201003,Luleå,Italien,197
2010,3,201003,Luleå,Japan,42
2010,3,201003,Luleå,Kanada,13
2010,3,201003,Luleå,Kina,46
2010,3,201003,Luleå,Liechtenstein,3
2010,3,201003,Luleå,Luxemburg,7
2010,3,201003,Luleå,Malaysia,3
2010,3,201003,Luleå,Nederländerna,46
2010,3,201003,Luleå,Niger,3
2010,3,201003,Luleå,Norge,1880
2010,3,201003,Luleå,Nya Zeeland,1
2010,3,201003,Luleå,Polen,27
2010,3,201003,Luleå,Portugal,16
2010,3,201003,Luleå,Rumänien,11
2010,3,201003,Luleå,Ryssland,108
2010,3,201003,Luleå,Schweiz,18
2010,3,201003,Luleå,Slovakien,2
2010,3,201003,Luleå,Slovenien,6
2010,3,201003,Luleå,Spanien,216
2010,3,201003,Luleå,Storbritannien,165
2010,3,201003,Luleå,Sverige,20821
2010,3,201003,Luleå,Sydkorea,20
2010,3,201003,Luleå,Taiwan,1
2010,3,201003,Luleå,Tjeckien,3
2010,3,201003,Luleå,Turkiet,2
2010,3,201003,Luleå,Tyskland,407
2010,3,201003,Luleå,USA,88
2010,3,201003,Luleå,Österrike,25
2010,4,201004,Luleå,Afghanistan,2
2010,4,201004,Luleå,Australien,13
2010,4,201004,Luleå,Belgien,12
2010,4,201004,Luleå,Danmark,76
2010,4,201004,Luleå,Ej angivet,16
2010,4,201004,Luleå,Estland,1
2010,4,201004,Luleå,Finland,1219
2010,4,201004,Luleå,Frankrike,102
2010,4,201004,Luleå,Georgien,18
2010,4,201004,Luleå,Grekland,4
2010,4,201004,Luleå,Irland,1
2010,4,201004,Luleå,Island,1
2010,4,201004,Luleå,Italien,29
2010,4,201004,Luleå,Japan,5
2010,4,201004,Luleå,Kina,16
2010,4,201004,Luleå,Luxemburg,1
2010,4,201004,Luleå,Malaysia,3
2010,4,201004,Luleå,Mexiko,48
2010,4,201004,Luleå,Nederländerna,19
2010,4,201004,Luleå,Nordkorea,1
2010,4,201004,Luleå,Norge,1694
2010,4,201004,Luleå,Polen,3
2010,4,201004,Luleå,Rumänien,21
2010,4,201004,Luleå,Ryssland,356
2010,4,201004,Luleå,Schweiz,6
2010,4,201004,Luleå,Slovakien,8
2010,4,201004,Luleå,Spanien,257
2010,4,201004,Luleå,Storbritannien,78
2010,4,201004,Luleå,Sverige,17377
2010,4,201004,Luleå,Sydafrika,3
2010,4,201004,Luleå,Sydkorea,13
2010,4,201004,Luleå,Tjeckien,6
2010,4,201004,Luleå,Tyskland,69
2010,4,201004,Luleå,USA,74
2010,4,201004,Luleå,Uganda,7
2010,4,201004,Luleå,Österrike,7
2010,5,201005,Luleå,Australien,46
2010,5,201005,Luleå,Belgien,8
2010,5,201005,Luleå,Brasilien,2
2010,5,201005,Luleå,Chile,20
2010,5,201005,Luleå,Danmark,51
2010,5,201005,Luleå,Ej angivet,11
2010,5,201005,Luleå,Estland,2
2010,5,201005,Luleå,Finland,752
2010,5,201005,Luleå,Frankrike,166
2010,5,201005,Luleå,Indien,14
2010,5,201005,Luleå,Irland,2
2010,5,201005,Luleå,Italien,47
2010,5,201005,Luleå,Japan,12
2010,5,201005,Luleå,Kanada,15
2010,5,201005,Luleå,Kina,21
2010,5,201005,Luleå,Luxemburg,2
2010,5,201005,Luleå,Malaysia,9
2010,5,201005,Luleå,Mexiko,18
2010,5,201005,Luleå,Nederländerna,125
2010,5,201005,Luleå,Nordkorea,1
2010,5,201005,Luleå,Norge,1907
2010,5,201005,Luleå,Polen,15
2010,5,201005,Luleå,Ryssland,143
2010,5,201005,Luleå,Schweiz,99
2010,5,201005,Luleå,Slovakien,6
2010,5,201005,Luleå,Slovenien,1
2010,5,201005,Luleå,Spanien,159
2010,5,201005,Luleå,Storbritannien,121
2010,5,201005,Luleå,Sverige,22004
2010,5,201005,Luleå,Sydkorea,17
2010,5,201005,Luleå,Tjeckien,1
2010,5,201005,Luleå,Tyskland,230
2010,5,201005,Luleå,USA,222
2010,5,201005,Luleå,Österrike,61
2010,5,201005,Luleå,Övriga Amerika,1
2010,6,201006,Luleå,Afghanistan,2
2010,6,201006,Luleå,Albanien,2
2010,6,201006,Luleå,Australien,100
2010,6,201006,Luleå,Belgien,36
2010,6,201006,Luleå,Brasilien,6
2010,6,201006,Luleå,Costa Rica,6
2010,6,201006,Luleå,Danmark,290
2010,6,201006,Luleå,Ej angivet,254
2010,6,201006,Luleå,El Salvador,8
2010,6,201006,Luleå,Estland,13
2010,6,201006,Luleå,Finland,727
2010,6,201006,Luleå,Frankrike,214
2010,6,201006,Luleå,Georgien,37
2010,6,201006,Luleå,Grekland,12
2010,6,201006,Luleå,Irland,12
2010,6,201006,Luleå,Italien,85
2010,6,201006,Luleå,Japan,42
2010,6,201006,Luleå,Kanada,14
2010,6,201006,Luleå,Kina,17
2010,6,201006,Luleå,Lettland,4
2010,6,201006,Luleå,Litauen,8
2010,6,201006,Luleå,Mexiko,4
2010,6,201006,Luleå,Nederländerna,908
2010,6,201006,Luleå,Norge,7653
2010,6,201006,Luleå,Nya Zeeland,2
2010,6,201006,Luleå,Polen,43
2010,6,201006,Luleå,Portugal,3
2010,6,201006,Luleå,Rumänien,3
2010,6,201006,Luleå,Ryssland,96
2010,6,201006,Luleå,Schweiz,239
2010,6,201006,Luleå,Slovenien,3
2010,6,201006,Luleå,Spanien,107
2010,6,201006,Luleå,Storbritannien,435
2010,6,201006,Luleå,Sverige,20172
2010,6,201006,Luleå,Sydafrika,4
2010,6,201006,Luleå,Sydkorea,2
2010,6,201006,Luleå,Tjeckien,38
2010,6,201006,Luleå,Tyskland,1211
2010,6,201006,Luleå,USA,265
2010,6,201006,Luleå,Ungern,12
2010,6,201006,Luleå,Uruguay,2
2010,6,201006,Luleå,Österrike,92
2010,6,201006,Luleå,Övriga Amerika,2
2010,7,201007,Luleå,Algeriet,4
2010,7,201007,Luleå,Andorra,3
2010,7,201007,Luleå,Argentina,2
2010,7,201007,Luleå,Australien,26
2010,7,201007,Luleå,Belgien,81
2010,7,201007,Luleå,Brasilien,2
2010,7,201007,Luleå,Bulgarien,2
2010,7,201007,Luleå,Danmark,542
2010,7,201007,Luleå,Ej angivet,104
2010,7,201007,Luleå,Estland,42
2010,7,201007,Luleå,Finland,2821
2010,7,201007,Luleå,Frankrike,430
2010,7,201007,Luleå,Georgien,87
2010,7,201007,Luleå,Indonesien,2
2010,7,201007,Luleå,Irland,48
2010,7,201007,Luleå,Island,12
2010,7,201007,Luleå,Italien,133
2010,7,201007,Luleå,Japan,5
2010,7,201007,Luleå,Kanada,2
2010,7,201007,Luleå,Kina,1
2010,7,201007,Luleå,Lettland,62
2010,7,201007,Luleå,Litauen,3
2010,7,201007,Luleå,Nederländerna,340
2010,7,201007,Luleå,Niger,1
2010,7,201007,Luleå,Norge,68787
2010,7,201007,Luleå,Nya Zeeland,6
2010,7,201007,Luleå,Polen,70
2010,7,201007,Luleå,Rumänien,2
2010,7,201007,Luleå,Ryssland,151
2010,7,201007,Luleå,Saudiarabien,7
2010,7,201007,Luleå,Schweiz,431
2010,7,201007,Luleå,Seychellerna,2
2010,7,201007,Luleå,Sierra Leone,3
2010,7,201007,Luleå,Slovakien,4
2010,7,201007,Luleå,Spanien,90
2010,7,201007,Luleå,Storbritannien,166
2010,7,201007,Luleå,Sverige,28024
2010,7,201007,Luleå,Swaziland,4
2010,7,201007,Luleå,Thailand,1
2010,7,201007,Luleå,Tjeckien,91
2010,7,201007,Luleå,Tyskland,1776
2010,7,201007,Luleå,USA,149
2010,7,201007,Luleå,Ukraina,1
2010,7,201007,Luleå,Ungern,7
2010,7,201007,Luleå,Vietnam,6
2010,7,201007,Luleå,Österrike,100
2010,7,201007,Luleå,Östtimor,46
2010,7,201007,Luleå,Övriga Europa,6
2010,8,201008,Luleå,Afghanistan,2
2010,8,201008,Luleå,Armenien,2
2010,8,201008,Luleå,Australien,50
2010,8,201008,Luleå,Belgien,51
2010,8,201008,Luleå,Brasilien,3
2010,8,201008,Luleå,Bulgarien,2
2010,8,201008,Luleå,Danmark,302
2010,8,201008,Luleå,Ej angivet,157
2010,8,201008,Luleå,Estland,11
2010,8,201008,Luleå,Finland,1901
2010,8,201008,Luleå,Frankrike,215
2010,8,201008,Luleå,Förenade Arabemiraten,1
2010,8,201008,Luleå,Georgien,9
2010,8,201008,Luleå,Grekland,18
2010,8,201008,Luleå,Indien,1
2010,8,201008,Luleå,Irak,3
2010,8,201008,Luleå,Iran,2
2010,8,201008,Luleå,Irland,42
2010,8,201008,Luleå,Italien,231
2010,8,201008,Luleå,Jamaica,1
2010,8,201008,Luleå,Japan,43
2010,8,201008,Luleå,Kanada,26
2010,8,201008,Luleå,Kina,32
2010,8,201008,Luleå,Lettland,93
2010,8,201008,Luleå,Litauen,22
2010,8,201008,Luleå,Luxemburg,9
2010,8,201008,Luleå,Nederländerna,168
2010,8,201008,Luleå,Norge,13084
2010,8,201008,Luleå,Nya Zeeland,1
2010,8,201008,Luleå,Polen,54
2010,8,201008,Luleå,Rumänien,2
2010,8,201008,Luleå,Ryssland,140
2010,8,201008,Luleå,Saudiarabien,21
2010,8,201008,Luleå,Schweiz,178
2010,8,201008,Luleå,Slovakien,4
2010,8,201008,Luleå,Slovenien,2
2010,8,201008,Luleå,Spanien,179
2010,8,201008,Luleå,Storbritannien,114
2010,8,201008,Luleå,Sverige,25064
2010,8,201008,Luleå,Sydafrika,3
2010,8,201008,Luleå,Thailand,5
2010,8,201008,Luleå,Tjeckien,41
2010,8,201008,Luleå,Tyskland,967
2010,8,201008,Luleå,USA,176
2010,8,201008,Luleå,Österrike,37
2010,8,201008,Luleå,Övriga Europa,40
2010,9,201009,Luleå,Australien,22
2010,9,201009,Luleå,Belgien,21
2010,9,201009,Luleå,Brasilien,1
2010,9,201009,Luleå,Bulgarien,1
2010,9,201009,Luleå,Danmark,74
2010,9,201009,Luleå,Ej angivet,159
2010,9,201009,Luleå,Estland,2
2010,9,201009,Luleå,Finland,678
2010,9,201009,Luleå,Frankrike,154
2010,9,201009,Luleå,Georgien,29
2010,9,201009,Luleå,Grekland,1
2010,9,201009,Luleå,Irland,4
2010,9,201009,Luleå,Italien,32
2010,9,201009,Luleå,Japan,94
2010,9,201009,Luleå,Kanada,34
2010,9,201009,Luleå,Kina,45
2010,9,201009,Luleå,Lettland,43
2010,9,201009,Luleå,Litauen,2
2010,9,201009,Luleå,Nederländerna,30
2010,9,201009,Luleå,Norge,891
2010,9,201009,Luleå,Nya Zeeland,6
2010,9,201009,Luleå,Pakistan,1
2010,9,201009,Luleå,Polen,10
2010,9,201009,Luleå,Portugal,4
2010,9,201009,Luleå,Rumänien,5
2010,9,201009,Luleå,Ryssland,133
2010,9,201009,Luleå,Schweiz,66
2010,9,201009,Luleå,Singapore,1
2010,9,201009,Luleå,Spanien,70
2010,9,201009,Luleå,Storbritannien,142
2010,9,201009,Luleå,Sverige,19554
2010,9,201009,Luleå,Swaziland,12
2010,9,201009,Luleå,Sydkorea,11
2010,9,201009,Luleå,Tjeckien,1
2010,9,201009,Luleå,Turkiet,44
2010,9,201009,Luleå,Tyskland,270
2010,9,201009,Luleå,USA,76
2010,9,201009,Luleå,Ungern,2
2010,9,201009,Luleå,Österrike,10
2010,9,201009,Luleå,Övriga Asien,1
2010,10,201010,Luleå,Andorra,1
2010,10,201010,Luleå,Australien,24
2010,10,201010,Luleå,Belgien,16
2010,10,201010,Luleå,Danmark,80
2010,10,201010,Luleå,Ej angivet,88
2010,10,201010,Luleå,Estland,8
2010,10,201010,Luleå,Finland,630
2010,10,201010,Luleå,Frankrike,295
2010,10,201010,Luleå,Grekland,3
2010,10,201010,Luleå,Indien,22
2010,10,201010,Luleå,Iran,9
2010,10,201010,Luleå,Irland,12
2010,10,201010,Luleå,Italien,31
2010,10,201010,Luleå,Japan,25
2010,10,201010,Luleå,Kanada,33
2010,10,201010,Luleå,Kina,55
2010,10,201010,Luleå,Lettland,34
2010,10,201010,Luleå,Luxemburg,6
2010,10,201010,Luleå,Nederländerna,32
2010,10,201010,Luleå,Niger,3
2010,10,201010,Luleå,Norge,849
2010,10,201010,Luleå,Nya Zeeland,1
2010,10,201010,Luleå,Polen,69
2010,10,201010,Luleå,Portugal,16
2010,10,201010,Luleå,Ryssland,84
2010,10,201010,Luleå,Schweiz,107
2010,10,201010,Luleå,Singapore,2
2010,10,201010,Luleå,Spanien,61
2010,10,201010,Luleå,Storbritannien,144
2010,10,201010,Luleå,Sverige,22761
2010,10,201010,Luleå,Sydafrika,13
2010,10,201010,Luleå,Sydkorea,85
2010,10,201010,Luleå,Tjeckien,9
2010,10,201010,Luleå,Turkiet,12
2010,10,201010,Luleå,Tyskland,194
2010,10,201010,Luleå,USA,73
2010,10,201010,Luleå,Ungern,34
2010,10,201010,Luleå,Österrike,45
2010,11,201011,Luleå,Australien,12
2010,11,201011,Luleå,Belgien,2
2010,11,201011,Luleå,Danmark,67
2010,11,201011,Luleå,Ej angivet,134
2010,11,201011,Luleå,Estland,2
2010,11,201011,Luleå,Finland,463
2010,11,201011,Luleå,Frankrike,342
2010,11,201011,Luleå,Indien,16
2010,11,201011,Luleå,Irland,7
2010,11,201011,Luleå,Italien,65
2010,11,201011,Luleå,Japan,13
2010,11,201011,Luleå,Kanada,25
2010,11,201011,Luleå,Kina,47
2010,11,201011,Luleå,Lettland,13
2010,11,201011,Luleå,Litauen,3
2010,11,201011,Luleå,Luxemburg,1
2010,11,201011,Luleå,Nederländerna,30
2010,11,201011,Luleå,Norge,887
2010,11,201011,Luleå,Polen,86
2010,11,201011,Luleå,Rumänien,9
2010,11,201011,Luleå,Ryssland,203
2010,11,201011,Luleå,Schweiz,105
2010,11,201011,Luleå,Slovakien,1
2010,11,201011,Luleå,Slovenien,2
2010,11,201011,Luleå,Spanien,123
2010,11,201011,Luleå,Storbritannien,96
2010,11,201011,Luleå,Sverige,23586
2010,11,201011,Luleå,Sydkorea,67
2010,11,201011,Luleå,Tjeckien,12
2010,11,201011,Luleå,Turkiet,13
2010,11,201011,Luleå,Tyskland,229
2010,11,201011,Luleå,USA,88
2010,11,201011,Luleå,Ungern,39
2010,11,201011,Luleå,Österrike,28
2010,11,201011,Luleå,Övriga Europa,2
2010,12,201012,Luleå,Australien,30
2010,12,201012,Luleå,Belgien,8
2010,12,201012,Luleå,Brasilien,8
2010,12,201012,Luleå,Bulgarien,4
2010,12,201012,Luleå,Danmark,89
2010,12,201012,Luleå,Egypten,2
2010,12,201012,Luleå,Ej angivet,73
2010,12,201012,Luleå,Estland,26
2010,12,201012,Luleå,Finland,379
2010,12,201012,Luleå,Frankrike,223
2010,12,201012,Luleå,Förenade Arabemiraten,1
2010,12,201012,Luleå,Grekland,4
2010,12,201012,Luleå,Indien,14
2010,12,201012,Luleå,Irland,15
2010,12,201012,Luleå,Island,1
2010,12,201012,Luleå,Israel,1
2010,12,201012,Luleå,Italien,21
2010,12,201012,Luleå,Japan,29
2010,12,201012,Luleå,Kanada,55
2010,12,201012,Luleå,Kina,175
2010,12,201012,Luleå,Lettland,9
2010,12,201012,Luleå,Litauen,5
2010,12,201012,Luleå,Malaysia,1
2010,12,201012,Luleå,Nederländerna,42
2010,12,201012,Luleå,Norge,360
2010,12,201012,Luleå,Polen,13
2010,12,201012,Luleå,Portugal,9
2010,12,201012,Luleå,Ryssland,640
2010,12,201012,Luleå,Saudiarabien,4
2010,12,201012,Luleå,Schweiz,26
2010,12,201012,Luleå,Singapore,4
2010,12,201012,Luleå,Spanien,54
2010,12,201012,Luleå,Storbritannien,130
2010,12,201012,Luleå,Sverige,14464
2010,12,201012,Luleå,Sydafrika,2
2010,12,201012,Luleå,Sydkorea,20
2010,12,201012,Luleå,Taiwan,1
2010,12,201012,Luleå,Thailand,10
2010,12,201012,Luleå,Tjeckien,11
2010,12,201012,Luleå,Turkiet,35
2010,12,201012,Luleå,Tyskland,228
2010,12,201012,Luleå,USA,72
2010,12,201012,Luleå,Ukraina,2
2010,12,201012,Luleå,Ungern,6
2010,12,201012,Luleå,Österrike,34
2010,12,201012,Luleå,Övriga Amerika,2
2010,12,201012,Luleå,Övriga Europa,10
2011,1,201101,Luleå,Algeriet,4
2011,1,201101,Luleå,Andorra,3
2011,1,201101,Luleå,Australien,4
2011,1,201101,Luleå,Belgien,5
2011,1,201101,Luleå,Colombia,3
2011,1,201101,Luleå,Danmark,655
2011,1,201101,Luleå,Ej angivet,267
2011,1,201101,Luleå,Estland,5
2011,1,201101,Luleå,Finland,532
2011,1,201101,Luleå,Frankrike,206
2011,1,201101,Luleå,Förenade Arabemiraten,2
2011,1,201101,Luleå,Island,2
2011,1,201101,Luleå,Italien,39
2011,1,201101,Luleå,Japan,13
2011,1,201101,Luleå,Kanada,24
2011,1,201101,Luleå,Kina,176
2011,1,201101,Luleå,Litauen,2
2011,1,201101,Luleå,Malta,1
2011,1,201101,Luleå,Nederländerna,26
2011,1,201101,Luleå,Norge,378
2011,1,201101,Luleå,Nya Zeeland,14
2011,1,201101,Luleå,Panama,3
2011,1,201101,Luleå,Polen,49
2011,1,201101,Luleå,Portugal,1
2011,1,201101,Luleå,Ryssland,639
2011,1,201101,Luleå,Schweiz,42
2011,1,201101,Luleå,Singapore,8
2011,1,201101,Luleå,Spanien,143
2011,1,201101,Luleå,Storbritannien,98
2011,1,201101,Luleå,Sverige,15043
2011,1,201101,Luleå,Sydafrika,2
2011,1,201101,Luleå,Thailand,2
2011,1,201101,Luleå,Tjeckien,1
2011,1,201101,Luleå,Turkiet,6
2011,1,201101,Luleå,Tyskland,219
2011,1,201101,Luleå,USA,19
2011,1,201101,Luleå,Österrike,26
2011,1,201101,Luleå,Övriga Asien,1
2011,1,201101,Luleå,Övriga Europa,1
2011,2,201102,Luleå,Algeriet,3
2011,2,201102,Luleå,Australien,9
2011,2,201102,Luleå,Belgien,29
2011,2,201102,Luleå,Brasilien,9
2011,2,201102,Luleå,Danmark,96
2011,2,201102,Luleå,Ej angivet,105
2011,2,201102,Luleå,Estland,6
2011,2,201102,Luleå,Finland,595
2011,2,201102,Luleå,Frankrike,134
2011,2,201102,Luleå,Grekland,25
2011,2,201102,Luleå,Indien,15
2011,2,201102,Luleå,Iran,2
2011,2,201102,Luleå,Irland,5
2011,2,201102,Luleå,Italien,30
2011,2,201102,Luleå,Japan,25
2011,2,201102,Luleå,Kanada,24
2011,2,201102,Luleå,Kina,129
2011,2,201102,Luleå,Luxemburg,5
2011,2,201102,Luleå,Nederländerna,100
2011,2,201102,Luleå,Norge,351
2011,2,201102,Luleå,Nya Zeeland,3
2011,2,201102,Luleå,Polen,9
2011,2,201102,Luleå,Portugal,3
2011,2,201102,Luleå,Ryssland,122
2011,2,201102,Luleå,Schweiz,49
2011,2,201102,Luleå,Singapore,1
2011,2,201102,Luleå,Slovakien,4
2011,2,201102,Luleå,Spanien,108
2011,2,201102,Luleå,Storbritannien,224
2011,2,201102,Luleå,Sverige,20368
2011,2,201102,Luleå,Sydafrika,5
2011,2,201102,Luleå,Sydkorea,28
2011,2,201102,Luleå,Tjeckien,13
2011,2,201102,Luleå,Turkiet,38
2011,2,201102,Luleå,Tyskland,423
2011,2,201102,Luleå,USA,80
2011,2,201102,Luleå,Österrike,43
2011,3,201103,Luleå,Australien,15
2011,3,201103,Luleå,Belgien,28
2011,3,201103,Luleå,Brasilien,7
2011,3,201103,Luleå,Danmark,115
2011,3,201103,Luleå,Ej angivet,69
2011,3,201103,Luleå,Estland,12
2011,3,201103,Luleå,Finland,516
2011,3,201103,Luleå,Frankrike,257
2011,3,201103,Luleå,Georgien,2
2011,3,201103,Luleå,Grekland,17
2011,3,201103,Luleå,Indien,2
2011,3,201103,Luleå,Irland,11
2011,3,201103,Luleå,Island,6
2011,3,201103,Luleå,Italien,75
2011,3,201103,Luleå,Japan,32
2011,3,201103,Luleå,Kanada,8
2011,3,201103,Luleå,Kina,33
2011,3,201103,Luleå,Lettland,3
2011,3,201103,Luleå,Libanon,3
2011,3,201103,Luleå,Litauen,10
2011,3,201103,Luleå,Nederländerna,51
2011,3,201103,Luleå,Norge,997
2011,3,201103,Luleå,Polen,66
2011,3,201103,Luleå,Portugal,15
2011,3,201103,Luleå,Rumänien,12
2011,3,201103,Luleå,Ryssland,276
2011,3,201103,Luleå,Saudiarabien,3
2011,3,201103,Luleå,Schweiz,25
2011,3,201103,Luleå,Singapore,6
2011,3,201103,Luleå,Spanien,176
2011,3,201103,Luleå,Storbritannien,261
2011,3,201103,Luleå,Sverige,23245
2011,3,201103,Luleå,Sydafrika,7
2011,3,201103,Luleå,Sydkorea,37
2011,3,201103,Luleå,Syrien,1
2011,3,201103,Luleå,Tjeckien,80
2011,3,201103,Luleå,Turkiet,34
2011,3,201103,Luleå,Tyskland,316
2011,3,201103,Luleå,USA,83
2011,3,201103,Luleå,Ungern,3
2011,3,201103,Luleå,Vietnam,1
2011,3,201103,Luleå,Österrike,41
2011,3,201103,Luleå,Övriga Världen,1
2011,4,201104,Luleå,Australien,20
2011,4,201104,Luleå,Belgien,15
2011,4,201104,Luleå,Danmark,60
2011,4,201104,Luleå,Ej angivet,86
2011,4,201104,Luleå,Estland,7
2011,4,201104,Luleå,Finland,1290
2011,4,201104,Luleå,Frankrike,118
2011,4,201104,Luleå,Grekland,2
2011,4,201104,Luleå,Iran,2
2011,4,201104,Luleå,Irland,4
2011,4,201104,Luleå,Israel,1
2011,4,201104,Luleå,Italien,14
2011,4,201104,Luleå,Japan,4
2011,4,201104,Luleå,Kanada,14
2011,4,201104,Luleå,Kina,44
2011,4,201104,Luleå,Lettland,20
2011,4,201104,Luleå,Nederländerna,32
2011,4,201104,Luleå,Niger,2
2011,4,201104,Luleå,Norge,1429
2011,4,201104,Luleå,Polen,1
2011,4,201104,Luleå,Ryssland,144
2011,4,201104,Luleå,Schweiz,17
2011,4,201104,Luleå,Singapore,1
2011,4,201104,Luleå,Slovakien,8
2011,4,201104,Luleå,Spanien,167
2011,4,201104,Luleå,Storbritannien,173
2011,4,201104,Luleå,Sverige,17145
2011,4,201104,Luleå,Sydkorea,23
2011,4,201104,Luleå,Tjeckien,12
2011,4,201104,Luleå,Turkiet,110
2011,4,201104,Luleå,Tyskland,167
2011,4,201104,Luleå,USA,83
2011,4,201104,Luleå,Ungern,4
2011,4,201104,Luleå,Vietnam,4
2011,4,201104,Luleå,Österrike,11
2011,5,201105,Luleå,Australien,23
2011,5,201105,Luleå,Belgien,16
2011,5,201105,Luleå,Danmark,91
2011,5,201105,Luleå,Ej angivet,142
2011,5,201105,Luleå,Estland,17
2011,5,201105,Luleå,Finland,1059
2011,5,201105,Luleå,Frankrike,160
2011,5,201105,Luleå,Indien,27
2011,5,201105,Luleå,Irland,7
2011,5,201105,Luleå,Italien,5
2011,5,201105,Luleå,Japan,33
2011,5,201105,Luleå,Jordanien,2
2011,5,201105,Luleå,Kanada,19
2011,5,201105,Luleå,Kina,40
2011,5,201105,Luleå,Lettland,14
2011,5,201105,Luleå,Litauen,9
2011,5,201105,Luleå,Namibia,4
2011,5,201105,Luleå,Nederländerna,78
2011,5,201105,Luleå,Norge,1162
2011,5,201105,Luleå,Nya Zeeland,8
2011,5,201105,Luleå,Polen,69
2011,5,201105,Luleå,Portugal,13
2011,5,201105,Luleå,Rumänien,7
2011,5,201105,Luleå,Ryssland,304
2011,5,201105,Luleå,Schweiz,37
2011,5,201105,Luleå,Slovakien,2
2011,5,201105,Luleå,Spanien,159
2011,5,201105,Luleå,Storbritannien,127
2011,5,201105,Luleå,Sverige,20272
2011,5,201105,Luleå,Swaziland,2
2011,5,201105,Luleå,Sydafrika,1
2011,5,201105,Luleå,Sydkorea,24
2011,5,201105,Luleå,Tjeckien,16
2011,5,201105,Luleå,Turkiet,87
2011,5,201105,Luleå,Tyskland,259
2011,5,201105,Luleå,USA,108
2011,5,201105,Luleå,Vietnam,16
2011,5,201105,Luleå,Österrike,21
2011,6,201106,Luleå,Argentina,4
2011,6,201106,Luleå,Australien,14
2011,6,201106,Luleå,Bahrain,1
2011,6,201106,Luleå,Belgien,25
2011,6,201106,Luleå,Brasilien,2
2011,6,201106,Luleå,Colombia,12
2011,6,201106,Luleå,Costa Rica,12
2011,6,201106,Luleå,Cypern,5
2011,6,201106,Luleå,Danmark,448
2011,6,201106,Luleå,Egypten,10
2011,6,201106,Luleå,Ej angivet,460
2011,6,201106,Luleå,Estland,21
2011,6,201106,Luleå,Filippinerna,1
2011,6,201106,Luleå,Finland,863
2011,6,201106,Luleå,Frankrike,238
2011,6,201106,Luleå,Georgien,14
2011,6,201106,Luleå,Grekland,25
2011,6,201106,Luleå,Indien,9
2011,6,201106,Luleå,Iran,6
2011,6,201106,Luleå,Irland,58
2011,6,201106,Luleå,Island,2
2011,6,201106,Luleå,Italien,156
2011,6,201106,Luleå,Japan,23
2011,6,201106,Luleå,Kanada,34
2011,6,201106,Luleå,Kina,20
2011,6,201106,Luleå,Kuwait,5
2011,6,201106,Luleå,Litauen,5
2011,6,201106,Luleå,Luxemburg,4
2011,6,201106,Luleå,Malaysia,1
2011,6,201106,Luleå,Namibia,1
2011,6,201106,Luleå,Nederländerna,342
2011,6,201106,Luleå,Norge,6781
2011,6,201106,Luleå,Nya Zeeland,1
2011,6,201106,Luleå,Polen,49
2011,6,201106,Luleå,Portugal,9
2011,6,201106,Luleå,Rumänien,27
2011,6,201106,Luleå,Ryssland,399
2011,6,201106,Luleå,Schweiz,206
2011,6,201106,Luleå,Singapore,1
2011,6,201106,Luleå,Slovenien,3
2011,6,201106,Luleå,Spanien,131
2011,6,201106,Luleå,Storbritannien,310
2011,6,201106,Luleå,Sverige,18802
2011,6,201106,Luleå,Sydafrika,42
2011,6,201106,Luleå,Sydkorea,4
2011,6,201106,Luleå,Taiwan,2
2011,6,201106,Luleå,Thailand,81
2011,6,201106,Luleå,Tjeckien,7
2011,6,201106,Luleå,Turkiet,9
2011,6,201106,Luleå,Tyskland,1677
2011,6,201106,Luleå,USA,309
2011,6,201106,Luleå,Ungern,3
2011,6,201106,Luleå,Vietnam,6
2011,6,201106,Luleå,Vitryssland,4
2011,6,201106,Luleå,Zimbabwe,6
2011,6,201106,Luleå,Österrike,76
2011,7,201107,Luleå,Afghanistan,2
2011,7,201107,Luleå,Australien,66
2011,7,201107,Luleå,Belgien,33
2011,7,201107,Luleå,Brasilien,2
2011,7,201107,Luleå,Danmark,543
2011,7,201107,Luleå,Ej angivet,366
2011,7,201107,Luleå,Estland,12
2011,7,201107,Luleå,Finland,2349
2011,7,201107,Luleå,Frankrike,509
2011,7,201107,Luleå,Georgien,7
2011,7,201107,Luleå,Grekland,4
2011,7,201107,Luleå,Irland,20
2011,7,201107,Luleå,Island,4
2011,7,201107,Luleå,Israel,4
2011,7,201107,Luleå,Italien,226
2011,7,201107,Luleå,Japan,25
2011,7,201107,Luleå,Kanada,4
2011,7,201107,Luleå,Kina,21
2011,7,201107,Luleå,Kroatien,4
2011,7,201107,Luleå,Lettland,11
2011,7,201107,Luleå,Liechtenstein,1
2011,7,201107,Luleå,Luxemburg,15
2011,7,201107,Luleå,Montenegro,8
2011,7,201107,Luleå,Namibia,2
2011,7,201107,Luleå,Nederländerna,180
2011,7,201107,Luleå,Norge,68840
2011,7,201107,Luleå,Polen,93
2011,7,201107,Luleå,Portugal,36
2011,7,201107,Luleå,Rumänien,12
2011,7,201107,Luleå,Ryssland,482
2011,7,201107,Luleå,Schweiz,388
2011,7,201107,Luleå,Singapore,1
2011,7,201107,Luleå,Slovakien,6
2011,7,201107,Luleå,Slovenien,2
2011,7,201107,Luleå,Spanien,105
2011,7,201107,Luleå,Storbritannien,185
2011,7,201107,Luleå,Sverige,24389
2011,7,201107,Luleå,Sydafrika,1
2011,7,201107,Luleå,Thailand,13
2011,7,201107,Luleå,Tjeckien,31
2011,7,201107,Luleå,Turkiet,2
2011,7,201107,Luleå,Tyskland,1556
2011,7,201107,Luleå,USA,194
2011,7,201107,Luleå,Ukraina,6
2011,7,201107,Luleå,Ungern,8
2011,7,201107,Luleå,Österrike,83
2011,7,201107,Luleå,Övriga Världen,238
2011,8,201108,Luleå,Algeriet,1
2011,8,201108,Luleå,Andorra,1
2011,8,201108,Luleå,Australien,74
2011,8,201108,Luleå,Belgien,35
2011,8,201108,Luleå,Brasilien,4
2011,8,201108,Luleå,Danmark,295
2011,8,201108,Luleå,Demokratiska republiken Kongo,1
2011,8,201108,Luleå,Ej angivet,334
2011,8,201108,Luleå,Estland,47
2011,8,201108,Luleå,Finland,1149
2011,8,201108,Luleå,Frankrike,311
2011,8,201108,Luleå,Georgien,6
2011,8,201108,Luleå,Honduras,2
2011,8,201108,Luleå,Indien,24
2011,8,201108,Luleå,Irland,66
2011,8,201108,Luleå,Italien,203
2011,8,201108,Luleå,Japan,7
2011,8,201108,Luleå,Kanada,13
2011,8,201108,Luleå,Kina,37
2011,8,201108,Luleå,Litauen,2
2011,8,201108,Luleå,Luxemburg,4
2011,8,201108,Luleå,Malaysia,12
2011,8,201108,Luleå,Mexiko,5
2011,8,201108,Luleå,Nederländerna,237
2011,8,201108,Luleå,Norge,11202
2011,8,201108,Luleå,Polen,28
2011,8,201108,Luleå,Portugal,13
2011,8,201108,Luleå,Ryssland,222
2011,8,201108,Luleå,Saudiarabien,1
2011,8,201108,Luleå,Schweiz,219
2011,8,201108,Luleå,Slovenien,3
2011,8,201108,Luleå,Spanien,136
2011,8,201108,Luleå,Storbritannien,219
2011,8,201108,Luleå,Sverige,23562
2011,8,201108,Luleå,Sydafrika,4
2011,8,201108,Luleå,Tjeckien,21
2011,8,201108,Luleå,Turkiet,26
2011,8,201108,Luleå,Tyskland,969
2011,8,201108,Luleå,USA,129
2011,8,201108,Luleå,Ungern,4
2011,8,201108,Luleå,Österrike,62
2011,8,201108,Luleå,Övriga Amerika,4
2011,9,201109,Luleå,Australien,21
2011,9,201109,Luleå,Belgien,22
2011,9,201109,Luleå,Bulgarien,3
2011,9,201109,Luleå,Danmark,220
2011,9,201109,Luleå,Ej angivet,329
2011,9,201109,Luleå,El Salvador,1
2011,9,201109,Luleå,Estland,3
2011,9,201109,Luleå,Finland,642
2011,9,201109,Luleå,Frankrike,228
2011,9,201109,Luleå,Georgien,8
2011,9,201109,Luleå,Grekland,4
2011,9,201109,Luleå,Indien,7
2011,9,201109,Luleå,Irak,15
2011,9,201109,Luleå,Iran,28
2011,9,201109,Luleå,Irland,23
2011,9,201109,Luleå,Israel,2
2011,9,201109,Luleå,Italien,52
2011,9,201109,Luleå,Jamaica,2
2011,9,201109,Luleå,Japan,48
2011,9,201109,Luleå,Kanada,21
2011,9,201109,Luleå,Kina,81
2011,9,201109,Luleå,Litauen,10
2011,9,201109,Luleå,Mexiko,2
2011,9,201109,Luleå,Nederländerna,58
2011,9,201109,Luleå,Norge,1324
2011,9,201109,Luleå,Polen,51
2011,9,201109,Luleå,Portugal,16
2011,9,201109,Luleå,Rumänien,4
2011,9,201109,Luleå,Ryssland,136
2011,9,201109,Luleå,Schweiz,50
2011,9,201109,Luleå,Spanien,110
2011,9,201109,Luleå,Storbritannien,284
2011,9,201109,Luleå,Sverige,17405
2011,9,201109,Luleå,Sydafrika,14
2011,9,201109,Luleå,Sydkorea,16
2011,9,201109,Luleå,Taiwan,2
2011,9,201109,Luleå,Thailand,7
2011,9,201109,Luleå,Tjeckien,23
2011,9,201109,Luleå,Tyskland,388
2011,9,201109,Luleå,USA,145
2011,9,201109,Luleå,Ukraina,2
2011,9,201109,Luleå,Ungern,4
2011,9,201109,Luleå,Österrike,67
2011,10,201110,Luleå,Afghanistan,3
2011,10,201110,Luleå,Australien,22
2011,10,201110,Luleå,Belgien,12
2011,10,201110,Luleå,Bosnien och Hercegovina,10
2011,10,201110,Luleå,Brasilien,6
2011,10,201110,Luleå,Danmark,85
2011,10,201110,Luleå,Ej angivet,251
2011,10,201110,Luleå,Estland,4
2011,10,201110,Luleå,Finland,783
2011,10,201110,Luleå,Frankrike,403
2011,10,201110,Luleå,Ghana,1
2011,10,201110,Luleå,Grekland,9
2011,10,201110,Luleå,Guinea Bissau,3
2011,10,201110,Luleå,Indien,9
2011,10,201110,Luleå,Irland,40
2011,10,201110,Luleå,Island,7
2011,10,201110,Luleå,Israel,5
2011,10,201110,Luleå,Italien,15
2011,10,201110,Luleå,Japan,24
2011,10,201110,Luleå,Kanada,22
2011,10,201110,Luleå,Kina,22
2011,10,201110,Luleå,Litauen,9
2011,10,201110,Luleå,Nederländerna,33
2011,10,201110,Luleå,Norge,822
2011,10,201110,Luleå,Polen,21
2011,10,201110,Luleå,Portugal,1
2011,10,201110,Luleå,Rumänien,6
2011,10,201110,Luleå,Ryssland,53
2011,10,201110,Luleå,Schweiz,30
2011,10,201110,Luleå,Spanien,65
2011,10,201110,Luleå,Storbritannien,348
2011,10,201110,Luleå,Sverige,21246
2011,10,201110,Luleå,Sydkorea,25
2011,10,201110,Luleå,Tjeckien,19
2011,10,201110,Luleå,Turkiet,54
2011,10,201110,Luleå,Tyskland,269
2011,10,201110,Luleå,USA,141
2011,10,201110,Luleå,Österrike,6
2011,11,201111,Luleå,Australien,17
2011,11,201111,Luleå,Belgien,11
2011,11,201111,Luleå,Bulgarien,4
2011,11,201111,Luleå,Danmark,54
2011,11,201111,Luleå,Ej angivet,307
2011,11,201111,Luleå,Estland,15
2011,11,201111,Luleå,Finland,441
2011,11,201111,Luleå,Frankrike,362
2011,11,201111,Luleå,Grekland,8
2011,11,201111,Luleå,Indien,2
2011,11,201111,Luleå,Irak,27
2011,11,201111,Luleå,Iran,8
2011,11,201111,Luleå,Irland,12
2011,11,201111,Luleå,Island,11
2011,11,201111,Luleå,Italien,34
2011,11,201111,Luleå,Japan,16
2011,11,201111,Luleå,Kanada,61
2011,11,201111,Luleå,Kina,74
2011,11,201111,Luleå,Litauen,2
2011,11,201111,Luleå,Mexiko,8
2011,11,201111,Luleå,Nederländerna,22
2011,11,201111,Luleå,Norge,677
2011,11,201111,Luleå,Polen,9
2011,11,201111,Luleå,Portugal,1
2011,11,201111,Luleå,Ryssland,186
2011,11,201111,Luleå,Schweiz,19
2011,11,201111,Luleå,Singapore,1
2011,11,201111,Luleå,Slovakien,2
2011,11,201111,Luleå,Spanien,49
2011,11,201111,Luleå,Storbritannien,256
2011,11,201111,Luleå,Sverige,22113
2011,11,201111,Luleå,Swaziland,3
2011,11,201111,Luleå,Sydafrika,7
2011,11,201111,Luleå,Sydkorea,37
2011,11,201111,Luleå,Tjeckien,6
2011,11,201111,Luleå,Turkiet,2
2011,11,201111,Luleå,Tyskland,168
2011,11,201111,Luleå,USA,174
2011,11,201111,Luleå,Ukraina,1
2011,11,201111,Luleå,Österrike,46
2011,11,201111,Luleå,Övriga Världen,1
2011,12,201112,Luleå,Australien,10
2011,12,201112,Luleå,Belgien,8
2011,12,201112,Luleå,Bulgarien,1
2011,12,201112,Luleå,Chile,2
2011,12,201112,Luleå,Cypern,7
2011,12,201112,Luleå,Danmark,62
2011,12,201112,Luleå,Ej angivet,104
2011,12,201112,Luleå,El Salvador,2
2011,12,201112,Luleå,Finland,410
2011,12,201112,Luleå,Frankrike,312
2011,12,201112,Luleå,Förenade Arabemiraten,10
2011,12,201112,Luleå,Indien,3
2011,12,201112,Luleå,Indonesien,3
2011,12,201112,Luleå,Irland,15
2011,12,201112,Luleå,Island,3
2011,12,201112,Luleå,Italien,22
2011,12,201112,Luleå,Japan,23
2011,12,201112,Luleå,Kanada,22
2011,12,201112,Luleå,Kina,96
2011,12,201112,Luleå,Malaysia,13
2011,12,201112,Luleå,Malta,3
2011,12,201112,Luleå,Nederländerna,35
2011,12,201112,Luleå,Norge,461
2011,12,201112,Luleå,Nya Zeeland,4
2011,12,201112,Luleå,Polen,2
2011,12,201112,Luleå,Qatar,8
2011,12,201112,Luleå,Ryssland,266
2011,12,201112,Luleå,Schweiz,17
2011,12,201112,Luleå,Singapore,10
2011,12,201112,Luleå,Slovakien,11
2011,12,201112,Luleå,Slovenien,2
2011,12,201112,Luleå,Spanien,103
2011,12,201112,Luleå,Storbritannien,307
2011,12,201112,Luleå,Sverige,15020
2011,12,201112,Luleå,Swaziland,1
2011,12,201112,Luleå,Sydkorea,16
2011,12,201112,Luleå,Taiwan,1
2011,12,201112,Luleå,Tjeckien,22
2011,12,201112,Luleå,Turkiet,2
2011,12,201112,Luleå,Tyskland,236
2011,12,201112,Luleå,USA,132
2011,12,201112,Luleå,Ungern,1
2011,12,201112,Luleå,Österrike,26
2012,1,201201,Luleå,Afghanistan,1
2012,1,201201,Luleå,Australien,19
2012,1,201201,Luleå,Belgien,27
2012,1,201201,Luleå,Brasilien,4
2012,1,201201,Luleå,Cypern,11
2012,1,201201,Luleå,Danmark,136
2012,1,201201,Luleå,Ej angivet,119
2012,1,201201,Luleå,Estland,12
2012,1,201201,Luleå,Finland,343
2012,1,201201,Luleå,Frankrike,143
2012,1,201201,Luleå,Grekland,8
2012,1,201201,Luleå,Indien,2
2012,1,201201,Luleå,Iran,8
2012,1,201201,Luleå,Irland,19
2012,1,201201,Luleå,Island,1
2012,1,201201,Luleå,Israel,4
2012,1,201201,Luleå,Italien,63
2012,1,201201,Luleå,Japan,46
2012,1,201201,Luleå,Kanada,9
2012,1,201201,Luleå,Kina,56
2012,1,201201,Luleå,Lettland,6
2012,1,201201,Luleå,Luxemburg,4
2012,1,201201,Luleå,Malaysia,8
2012,1,201201,Luleå,Malta,4
2012,1,201201,Luleå,Nederländerna,55
2012,1,201201,Luleå,Norge,467
2012,1,201201,Luleå,Polen,13
2012,1,201201,Luleå,Rumänien,1
2012,1,201201,Luleå,Ryssland,735
2012,1,201201,Luleå,Schweiz,35
2012,1,201201,Luleå,Slovenien,3
2012,1,201201,Luleå,Spanien,97
2012,1,201201,Luleå,Storbritannien,357
2012,1,201201,Luleå,Sverige,14769
2012,1,201201,Luleå,Swaziland,1
2012,1,201201,Luleå,Sydkorea,4
2012,1,201201,Luleå,Syrien,60
2012,1,201201,Luleå,Thailand,1
2012,1,201201,Luleå,Tjeckien,16
2012,1,201201,Luleå,Turkiet,9
2012,1,201201,Luleå,Tyskland,355
2012,1,201201,Luleå,USA,131
2012,1,201201,Luleå,Ungern,3
2012,1,201201,Luleå,Österrike,14
2012,1,201201,Luleå,Övriga Asien,2
2012,1,201201,Luleå,Övriga Europa,1
2012,1,201201,Luleå,Övriga Världen,3
2012,2,201202,Luleå,Australien,14
2012,2,201202,Luleå,Belgien,21
2012,2,201202,Luleå,Brasilien,2
2012,2,201202,Luleå,Chile,1
2012,2,201202,Luleå,Danmark,71
2012,2,201202,Luleå,Ej angivet,180
2012,2,201202,Luleå,Estland,14
2012,2,201202,Luleå,Finland,400
2012,2,201202,Luleå,Frankrike,500
2012,2,201202,Luleå,Grekland,11
2012,2,201202,Luleå,Indien,1
2012,2,201202,Luleå,Iran,12
2012,2,201202,Luleå,Irland,28
2012,2,201202,Luleå,Island,3
2012,2,201202,Luleå,Italien,67
2012,2,201202,Luleå,Japan,41
2012,2,201202,Luleå,Jordanien,6
2012,2,201202,Luleå,Kanada,5
2012,2,201202,Luleå,Kina,61
2012,2,201202,Luleå,Lettland,1
2012,2,201202,Luleå,Litauen,2
2012,2,201202,Luleå,Mexiko,2
2012,2,201202,Luleå,Namibia,1
2012,2,201202,Luleå,Nederländerna,74
2012,2,201202,Luleå,Norge,1197
2012,2,201202,Luleå,Polen,21
2012,2,201202,Luleå,Portugal,5
2012,2,201202,Luleå,Rumänien,3
2012,2,201202,Luleå,Ryssland,223
2012,2,201202,Luleå,Schweiz,87
2012,2,201202,Luleå,Singapore,13
2012,2,201202,Luleå,Slovakien,2
2012,2,201202,Luleå,Spanien,59
2012,2,201202,Luleå,Storbritannien,368
2012,2,201202,Luleå,Sverige,20169
2012,2,201202,Luleå,Swaziland,4
2012,2,201202,Luleå,Sydafrika,3
2012,2,201202,Luleå,Sydkorea,3
2012,2,201202,Luleå,Tjeckien,10
2012,2,201202,Luleå,Turkiet,7
2012,2,201202,Luleå,Tyskland,413
2012,2,201202,Luleå,USA,194
2012,2,201202,Luleå,Österrike,20
2012,2,201202,Luleå,Övriga Asien,4
2012,3,201203,Luleå,Algeriet,1
2012,3,201203,Luleå,Australien,19
2012,3,201203,Luleå,Belgien,20
2012,3,201203,Luleå,Brasilien,2
2012,3,201203,Luleå,Burkina Faso,1
2012,3,201203,Luleå,Danmark,84
2012,3,201203,Luleå,Ej angivet,180
2012,3,201203,Luleå,Estland,4
2012,3,201203,Luleå,Finland,299
2012,3,201203,Luleå,Frankrike,343
2012,3,201203,Luleå,Grekland,3
2012,3,201203,Luleå,Indien,22
2012,3,201203,Luleå,Iran,1
2012,3,201203,Luleå,Irland,8
2012,3,201203,Luleå,Island,14
2012,3,201203,Luleå,Italien,61
2012,3,201203,Luleå,Japan,27
2012,3,201203,Luleå,Kanada,6
2012,3,201203,Luleå,Kina,44
2012,3,201203,Luleå,Kroatien,10
2012,3,201203,Luleå,Lettland,1
2012,3,201203,Luleå,Litauen,6
2012,3,201203,Luleå,Makedonien,2
2012,3,201203,Luleå,Nederländerna,58
2012,3,201203,Luleå,Norge,699
2012,3,201203,Luleå,Polen,26
2012,3,201203,Luleå,Portugal,21
2012,3,201203,Luleå,Rumänien,3
2012,3,201203,Luleå,Ryssland,124
2012,3,201203,Luleå,Schweiz,41
2012,3,201203,Luleå,Singapore,5
2012,3,201203,Luleå,Spanien,142
2012,3,201203,Luleå,Storbritannien,426
2012,3,201203,Luleå,Sverige,20185
2012,3,201203,Luleå,Sydafrika,20
2012,3,201203,Luleå,Sydkorea,17
2012,3,201203,Luleå,Taiwan,1
2012,3,201203,Luleå,Tjeckien,5
2012,3,201203,Luleå,Turkiet,23
2012,3,201203,Luleå,Tyskland,467
2012,3,201203,Luleå,USA,183
2012,3,201203,Luleå,Ukraina,2
2012,3,201203,Luleå,Ungern,83
2012,3,201203,Luleå,Österrike,30
2012,3,201203,Luleå,Övriga Europa,1
2012,3,201203,Luleå,Övriga Världen,3
2012,4,201204,Luleå,Australien,17
2012,4,201204,Luleå,Belgien,8
2012,4,201204,Luleå,Brasilien,6
2012,4,201204,Luleå,Bulgarien,6
2012,4,201204,Luleå,Danmark,59
2012,4,201204,Luleå,Ej angivet,146
2012,4,201204,Luleå,Estland,24
2012,4,201204,Luleå,Finland,821
2012,4,201204,Luleå,Frankrike,183
2012,4,201204,Luleå,Förenade Arabemiraten,8
2012,4,201204,Luleå,Indien,74
2012,4,201204,Luleå,Israel,41
2012,4,201204,Luleå,Italien,5
2012,4,201204,Luleå,Japan,97
2012,4,201204,Luleå,Jordanien,2
2012,4,201204,Luleå,Kanada,21
2012,4,201204,Luleå,Kina,24
2012,4,201204,Luleå,Litauen,3
2012,4,201204,Luleå,Mexiko,1
2012,4,201204,Luleå,Nederländerna,21
2012,4,201204,Luleå,Norge,1185
2012,4,201204,Luleå,Polen,37
2012,4,201204,Luleå,Ryssland,203
2012,4,201204,Luleå,Schweiz,15
2012,4,201204,Luleå,Singapore,5
2012,4,201204,Luleå,Spanien,123
2012,4,201204,Luleå,Storbritannien,187
2012,4,201204,Luleå,Sverige,15295
2012,4,201204,Luleå,Sydafrika,9
2012,4,201204,Luleå,Sydkorea,1
2012,4,201204,Luleå,Tjeckien,2
2012,4,201204,Luleå,Turkiet,10
2012,4,201204,Luleå,Turkmenistan,2
2012,4,201204,Luleå,Tyskland,184
2012,4,201204,Luleå,USA,140
2012,4,201204,Luleå,Ukraina,3
2012,4,201204,Luleå,Vitryssland,1
2012,4,201204,Luleå,Österrike,25
2012,5,201205,Luleå,Algeriet,1
2012,5,201205,Luleå,Australien,15
2012,5,201205,Luleå,Belgien,12
2012,5,201205,Luleå,Brasilien,2
2012,5,201205,Luleå,Danmark,124
2012,5,201205,Luleå,Egypten,3
2012,5,201205,Luleå,Ej angivet,258
2012,5,201205,Luleå,Estland,3
2012,5,201205,Luleå,Finland,740
2012,5,201205,Luleå,Frankrike,73
2012,5,201205,Luleå,Georgien,12
2012,5,201205,Luleå,Grekland,1
2012,5,201205,Luleå,Indien,74
2012,5,201205,Luleå,Indonesien,1
2012,5,201205,Luleå,Irland,16
2012,5,201205,Luleå,Italien,34
2012,5,201205,Luleå,Japan,142
2012,5,201205,Luleå,Kina,45
2012,5,201205,Luleå,Lettland,10
2012,5,201205,Luleå,Litauen,5
2012,5,201205,Luleå,Nederländerna,605
2012,5,201205,Luleå,Nepal,4
2012,5,201205,Luleå,Norge,1322
2012,5,201205,Luleå,Polen,13
2012,5,201205,Luleå,Ryssland,320
2012,5,201205,Luleå,Saudiarabien,4
2012,5,201205,Luleå,Schweiz,82
2012,5,201205,Luleå,Sierra Leone,4
2012,5,201205,Luleå,Singapore,2
2012,5,201205,Luleå,Slovakien,2
2012,5,201205,Luleå,Slovenien,2
2012,5,201205,Luleå,Spanien,50
2012,5,201205,Luleå,Storbritannien,132
2012,5,201205,Luleå,Sverige,20964
2012,5,201205,Luleå,Taiwan,2
2012,5,201205,Luleå,Thailand,1
2012,5,201205,Luleå,Tjeckien,3
2012,5,201205,Luleå,Tyskland,258
2012,5,201205,Luleå,USA,251
2012,5,201205,Luleå,Österrike,35
2012,5,201205,Luleå,Övriga Asien,1
2012,6,201206,Luleå,Angola,2
2012,6,201206,Luleå,Argentina,4
2012,6,201206,Luleå,Australien,31
2012,6,201206,Luleå,Belgien,48
2012,6,201206,Luleå,Bosnien och Hercegovina,2
2012,6,201206,Luleå,Brasilien,23
2012,6,201206,Luleå,Danmark,394
2012,6,201206,Luleå,Egypten,3
2012,6,201206,Luleå,Ej angivet,69
2012,6,201206,Luleå,Estland,28
2012,6,201206,Luleå,Finland,1209
2012,6,201206,Luleå,Frankrike,307
2012,6,201206,Luleå,Förenade Arabemiraten,1
2012,6,201206,Luleå,Georgien,22
2012,6,201206,Luleå,Ghana,2
2012,6,201206,Luleå,Grekland,11
2012,6,201206,Luleå,Indien,58
2012,6,201206,Luleå,Irland,31
2012,6,201206,Luleå,Island,14
2012,6,201206,Luleå,Israel,2
2012,6,201206,Luleå,Italien,106
2012,6,201206,Luleå,Japan,51
2012,6,201206,Luleå,Kanada,13
2012,6,201206,Luleå,Kina,78
2012,6,201206,Luleå,Kroatien,10
2012,6,201206,Luleå,Lettland,5
2012,6,201206,Luleå,Liechtenstein,1
2012,6,201206,Luleå,Litauen,9
2012,6,201206,Luleå,Luxemburg,14
2012,6,201206,Luleå,Nederländerna,1777
2012,6,201206,Luleå,Norge,7126
2012,6,201206,Luleå,Nya Zeeland,4
2012,6,201206,Luleå,Peru,5
2012,6,201206,Luleå,Polen,37
2012,6,201206,Luleå,Portugal,4
2012,6,201206,Luleå,Rumänien,9
2012,6,201206,Luleå,Ryssland,257
2012,6,201206,Luleå,Schweiz,280
2012,6,201206,Luleå,Sierra Leone,3
2012,6,201206,Luleå,Singapore,1
2012,6,201206,Luleå,Slovenien,2
2012,6,201206,Luleå,Spanien,108
2012,6,201206,Luleå,Storbritannien,261
2012,6,201206,Luleå,Sverige,18760
2012,6,201206,Luleå,Sydafrika,2
2012,6,201206,Luleå,Sydkorea,12
2012,6,201206,Luleå,Tadzjikistan,4
2012,6,201206,Luleå,Taiwan,3
2012,6,201206,Luleå,Tjeckien,4
2012,6,201206,Luleå,Turkiet,7
2012,6,201206,Luleå,Tyskland,1236
2012,6,201206,Luleå,USA,395
2012,6,201206,Luleå,Ukraina,2
2012,6,201206,Luleå,Ungern,7
2012,6,201206,Luleå,Vitryssland,3
2012,6,201206,Luleå,Österrike,84
2012,6,201206,Luleå,Övriga Amerika,1
2012,6,201206,Luleå,Övriga Asien,1
2012,6,201206,Luleå,Övriga Europa,1
2012,7,201207,Luleå,Australien,29
2012,7,201207,Luleå,Belgien,82
2012,7,201207,Luleå,Bolivia,2
2012,7,201207,Luleå,Brasilien,4
2012,7,201207,Luleå,Bulgarien,2
2012,7,201207,Luleå,Danmark,269
2012,7,201207,Luleå,Dominica,1
2012,7,201207,Luleå,Ecuador,2
2012,7,201207,Luleå,Ej angivet,220
2012,7,201207,Luleå,El Salvador,3
2012,7,201207,Luleå,Estland,4
2012,7,201207,Luleå,Finland,2962
2012,7,201207,Luleå,Frankrike,130
2012,7,201207,Luleå,Förenade Arabemiraten,2
2012,7,201207,Luleå,Grekland,3
2012,7,201207,Luleå,Indien,4
2012,7,201207,Luleå,Iran,3
2012,7,201207,Luleå,Irland,56
2012,7,201207,Luleå,Island,4
2012,7,201207,Luleå,Israel,4
2012,7,201207,Luleå,Italien,100
2012,7,201207,Luleå,Japan,4
2012,7,201207,Luleå,Kanada,13
2012,7,201207,Luleå,Kina,8
2012,7,201207,Luleå,Lettland,10
2012,7,201207,Luleå,Liechtenstein,7
2012,7,201207,Luleå,Litauen,1
2012,7,201207,Luleå,Luxemburg,3
2012,7,201207,Luleå,Malaysia,38
2012,7,201207,Luleå,Mauritius,8
2012,7,201207,Luleå,Nederländerna,372
2012,7,201207,Luleå,Norge,68208
2012,7,201207,Luleå,Nya Zeeland,3
2012,7,201207,Luleå,Polen,43
2012,7,201207,Luleå,Portugal,5
2012,7,201207,Luleå,Rumänien,2
2012,7,201207,Luleå,Ryssland,355
2012,7,201207,Luleå,Saudiarabien,4
2012,7,201207,Luleå,Schweiz,415
2012,7,201207,Luleå,Sierra Leone,2
2012,7,201207,Luleå,Spanien,161
2012,7,201207,Luleå,Storbritannien,190
2012,7,201207,Luleå,Sverige,25014
2012,7,201207,Luleå,Swaziland,3
2012,7,201207,Luleå,Sydkorea,3
2012,7,201207,Luleå,Taiwan,1
2012,7,201207,Luleå,Tjeckien,24
2012,7,201207,Luleå,Turkiet,2
2012,7,201207,Luleå,Tyskland,1695
2012,7,201207,Luleå,USA,269
2012,7,201207,Luleå,Ukraina,1
2012,7,201207,Luleå,Ungern,13
2012,7,201207,Luleå,Uzbekistan,1
2012,7,201207,Luleå,Venezuela,2
2012,7,201207,Luleå,Vitryssland,1
2012,7,201207,Luleå,Österrike,112
2012,7,201207,Luleå,Övriga Europa,3
2012,7,201207,Luleå,Övriga Världen,3
2012,8,201208,Luleå,Australien,59
2012,8,201208,Luleå,Belgien,49
2012,8,201208,Luleå,Brasilien,18
2012,8,201208,Luleå,Bulgarien,2
2012,8,201208,Luleå,Danmark,198
2012,8,201208,Luleå,Ej angivet,548
2012,8,201208,Luleå,Eritrea,1
2012,8,201208,Luleå,Estland,12
2012,8,201208,Luleå,Etiopien,2
2012,8,201208,Luleå,Finland,2066
2012,8,201208,Luleå,Frankrike,177
2012,8,201208,Luleå,Förenade Arabemiraten,4
2012,8,201208,Luleå,Georgien,6
2012,8,201208,Luleå,Grekland,11
2012,8,201208,Luleå,Indien,1
2012,8,201208,Luleå,Irland,29
2012,8,201208,Luleå,Island,5
2012,8,201208,Luleå,Israel,4
2012,8,201208,Luleå,Italien,152
2012,8,201208,Luleå,Japan,11
2012,8,201208,Luleå,Kanada,4
2012,8,201208,Luleå,Kina,5
2012,8,201208,Luleå,Kroatien,4
2012,8,201208,Luleå,Lettland,5
2012,8,201208,Luleå,Litauen,3
2012,8,201208,Luleå,Luxemburg,7
2012,8,201208,Luleå,Nederländerna,273
2012,8,201208,Luleå,Nepal,2
2012,8,201208,Luleå,Niger,2
2012,8,201208,Luleå,Nordkorea,2
2012,8,201208,Luleå,Norge,12867
2012,8,201208,Luleå,Polen,287
2012,8,201208,Luleå,Portugal,36
2012,8,201208,Luleå,Rumänien,1
2012,8,201208,Luleå,Ryssland,213
2012,8,201208,Luleå,Saudiarabien,2
2012,8,201208,Luleå,Schweiz,575
2012,8,201208,Luleå,Singapore,2
2012,8,201208,Luleå,Slovakien,2
2012,8,201208,Luleå,Spanien,175
2012,8,201208,Luleå,Storbritannien,368
2012,8,201208,Luleå,Sverige,23007
2012,8,201208,Luleå,Swaziland,2
2012,8,201208,Luleå,Tjeckien,4
2012,8,201208,Luleå,Tunisien,10
2012,8,201208,Luleå,Turkiet,9
2012,8,201208,Luleå,Tyskland,1114
2012,8,201208,Luleå,USA,2505
2012,8,201208,Luleå,Ukraina,4
2012,8,201208,Luleå,Ungern,4
2012,8,201208,Luleå,Vitryssland,10
2012,8,201208,Luleå,Österrike,116
2012,9,201209,Luleå,Australien,40
2012,9,201209,Luleå,Belgien,34
2012,9,201209,Luleå,Brasilien,19
2012,9,201209,Luleå,Danmark,95
2012,9,201209,Luleå,Egypten,5
2012,9,201209,Luleå,Ej angivet,191
2012,9,201209,Luleå,El Salvador,1
2012,9,201209,Luleå,Estland,5
2012,9,201209,Luleå,Finland,592
2012,9,201209,Luleå,Frankrike,78
2012,9,201209,Luleå,Förenade Arabemiraten,1
2012,9,201209,Luleå,Grekland,14
2012,9,201209,Luleå,Irland,32
2012,9,201209,Luleå,Island,3
2012,9,201209,Luleå,Italien,37
2012,9,201209,Luleå,Japan,44
2012,9,201209,Luleå,Kanada,70
2012,9,201209,Luleå,Kina,27
2012,9,201209,Luleå,Nederländerna,90
2012,9,201209,Luleå,Norge,717
2012,9,201209,Luleå,Polen,801
2012,9,201209,Luleå,Portugal,4
2012,9,201209,Luleå,Rumänien,40
2012,9,201209,Luleå,Ryssland,129
2012,9,201209,Luleå,Saudiarabien,2
2012,9,201209,Luleå,Schweiz,360
2012,9,201209,Luleå,Slovakien,3
2012,9,201209,Luleå,Spanien,95
2012,9,201209,Luleå,Storbritannien,194
2012,9,201209,Luleå,Sverige,19483
2012,9,201209,Luleå,Sydkorea,34
2012,9,201209,Luleå,Tjeckien,14
2012,9,201209,Luleå,Tunisien,1
2012,9,201209,Luleå,Tyskland,458
2012,9,201209,Luleå,USA,2379
2012,9,201209,Luleå,Ukraina,2
2012,9,201209,Luleå,Vietnam,1
2012,9,201209,Luleå,Vitryssland,12
2012,9,201209,Luleå,Zambia,22
2012,9,201209,Luleå,Österrike,62
2012,9,201209,Luleå,Övriga Europa,1
2012,10,201210,Luleå,Australien,9
2012,10,201210,Luleå,Belgien,44
2012,10,201210,Luleå,Bulgarien,10
2012,10,201210,Luleå,Danmark,145
2012,10,201210,Luleå,Ej angivet,612
2012,10,201210,Luleå,Estland,7
2012,10,201210,Luleå,Finland,774
2012,10,201210,Luleå,Frankrike,131
2012,10,201210,Luleå,Georgien,12
2012,10,201210,Luleå,Grekland,11
2012,10,201210,Luleå,Haiti,1
2012,10,201210,Luleå,Indien,11
2012,10,201210,Luleå,Irland,27
2012,10,201210,Luleå,Island,12
2012,10,201210,Luleå,Italien,27
2012,10,201210,Luleå,Japan,19
2012,10,201210,Luleå,Kanada,27
2012,10,201210,Luleå,Kina,22
2012,10,201210,Luleå,Lettland,2
2012,10,201210,Luleå,Libyen,1
2012,10,201210,Luleå,Liechtenstein,1
2012,10,201210,Luleå,Litauen,13
2012,10,201210,Luleå,Luxemburg,2
2012,10,201210,Luleå,Malta,4
2012,10,201210,Luleå,Nederländerna,45
2012,10,201210,Luleå,Norge,991
2012,10,201210,Luleå,Nya Zeeland,5
2012,10,201210,Luleå,Polen,542
2012,10,201210,Luleå,Rumänien,17
2012,10,201210,Luleå,Ryssland,97
2012,10,201210,Luleå,Schweiz,47
2012,10,201210,Luleå,Serbien,9
2012,10,201210,Luleå,Slovakien,10
2012,10,201210,Luleå,Spanien,201
2012,10,201210,Luleå,Storbritannien,110
2012,10,201210,Luleå,Sverige,23173
2012,10,201210,Luleå,Sydkorea,7
2012,10,201210,Luleå,Thailand,1
2012,10,201210,Luleå,Tjeckien,3
2012,10,201210,Luleå,Turkiet,17
2012,10,201210,Luleå,Tyskland,235
2012,10,201210,Luleå,USA,183
2012,10,201210,Luleå,Ukraina,1
2012,10,201210,Luleå,Ungern,2
2012,10,201210,Luleå,Vitryssland,2
2012,10,201210,Luleå,Österrike,4
2012,11,201211,Luleå,Australien,36
2012,11,201211,Luleå,Belgien,26
2012,11,201211,Luleå,Bosnien och Hercegovina,8
2012,11,201211,Luleå,Cypern,4
2012,11,201211,Luleå,Danmark,81
2012,11,201211,Luleå,Ecuador,2
2012,11,201211,Luleå,Ej angivet,147
2012,11,201211,Luleå,El Salvador,1
2012,11,201211,Luleå,Estland,26
2012,11,201211,Luleå,Finland,386
2012,11,201211,Luleå,Frankrike,137
2012,11,201211,Luleå,Förenade Arabemiraten,13
2012,11,201211,Luleå,Ghana,9
2012,11,201211,Luleå,Grekland,16
2012,11,201211,Luleå,Indien,8
2012,11,201211,Luleå,Irland,81
2012,11,201211,Luleå,Island,15
2012,11,201211,Luleå,Italien,24
2012,11,201211,Luleå,Japan,15
2012,11,201211,Luleå,Kanada,20
2012,11,201211,Luleå,Kina,72
2012,11,201211,Luleå,Lettland,9
2012,11,201211,Luleå,Litauen,14
2012,11,201211,Luleå,Luxemburg,1
2012,11,201211,Luleå,Malta,6
2012,11,201211,Luleå,Mexiko,1
2012,11,201211,Luleå,Nederländerna,69
2012,11,201211,Luleå,Norge,535
2012,11,201211,Luleå,Polen,19
2012,11,201211,Luleå,Portugal,5
2012,11,201211,Luleå,Rumänien,9
2012,11,201211,Luleå,Ryssland,159
2012,11,201211,Luleå,Schweiz,16
2012,11,201211,Luleå,Singapore,9
2012,11,201211,Luleå,Spanien,193
2012,11,201211,Luleå,Storbritannien,285
2012,11,201211,Luleå,Sverige,23390
2012,11,201211,Luleå,Swaziland,1
2012,11,201211,Luleå,Sydafrika,4
2012,11,201211,Luleå,Sydkorea,17
2012,11,201211,Luleå,Tjeckien,2
2012,11,201211,Luleå,Tyskland,162
2012,11,201211,Luleå,USA,187
2012,11,201211,Luleå,Ungern,9
2012,11,201211,Luleå,Vietnam,6
2012,11,201211,Luleå,Österrike,17
2012,11,201211,Luleå,Övriga Amerika,2
2012,12,201212,Luleå,Australien,29
2012,12,201212,Luleå,Belgien,13
2012,12,201212,Luleå,Colombia,1
2012,12,201212,Luleå,Danmark,50
2012,12,201212,Luleå,Egypten,3
2012,12,201212,Luleå,Ej angivet,305
2012,12,201212,Luleå,Estland,1
2012,12,201212,Luleå,Finland,394
2012,12,201212,Luleå,Frankrike,180
2012,12,201212,Luleå,Grekland,2
2012,12,201212,Luleå,Iran,16
2012,12,201212,Luleå,Irland,30
2012,12,201212,Luleå,Island,3
2012,12,201212,Luleå,Israel,53
2012,12,201212,Luleå,Italien,40
2012,12,201212,Luleå,Japan,37
2012,12,201212,Luleå,Kanada,8
2012,12,201212,Luleå,Kina,121
2012,12,201212,Luleå,Litauen,8
2012,12,201212,Luleå,Nederländerna,19
2012,12,201212,Luleå,Norge,387
2012,12,201212,Luleå,Polen,10
2012,12,201212,Luleå,Rumänien,2
2012,12,201212,Luleå,Ryssland,163
2012,12,201212,Luleå,Schweiz,15
2012,12,201212,Luleå,Singapore,18
2012,12,201212,Luleå,Spanien,77
2012,12,201212,Luleå,Storbritannien,208
2012,12,201212,Luleå,Sverige,16566
2012,12,201212,Luleå,Swaziland,3
2012,12,201212,Luleå,Sydkorea,3
2012,12,201212,Luleå,Taiwan,2
2012,12,201212,Luleå,Tjeckien,25
2012,12,201212,Luleå,Tyskland,213
2012,12,201212,Luleå,USA,217
2012,12,201212,Luleå,Ukraina,1
2012,12,201212,Luleå,Ungern,1
2012,12,201212,Luleå,Österrike,15
2013,1,201301,Luleå,Australien,19
2013,1,201301,Luleå,Belgien,22
2013,1,201301,Luleå,Danmark,66
2013,1,201301,Luleå,Ej angivet,488
2013,1,201301,Luleå,Estland,1
2013,1,201301,Luleå,Filippinerna,2
2013,1,201301,Luleå,Finland,339
2013,1,201301,Luleå,Frankrike,427
2013,1,201301,Luleå,Grekland,5
2013,1,201301,Luleå,Indien,20
2013,1,201301,Luleå,Indonesien,1
2013,1,201301,Luleå,Iran,46
2013,1,201301,Luleå,Irland,60
2013,1,201301,Luleå,Island,8
2013,1,201301,Luleå,Israel,20
2013,1,201301,Luleå,Italien,34
2013,1,201301,Luleå,Japan,20
2013,1,201301,Luleå,Kanada,40
2013,1,201301,Luleå,Kina,57
2013,1,201301,Luleå,Litauen,7
2013,1,201301,Luleå,Malaysia,9
2013,1,201301,Luleå,Nederländerna,55
2013,1,201301,Luleå,Norge,278
2013,1,201301,Luleå,Polen,4
2013,1,201301,Luleå,Rumänien,6
2013,1,201301,Luleå,Ryssland,959
2013,1,201301,Luleå,Schweiz,16
2013,1,201301,Luleå,Singapore,8
2013,1,201301,Luleå,Spanien,60
2013,1,201301,Luleå,Storbritannien,212
2013,1,201301,Luleå,Sverige,15615
2013,1,201301,Luleå,Syrien,1
2013,1,201301,Luleå,Tjeckien,1
2013,1,201301,Luleå,Turkiet,1
2013,1,201301,Luleå,Tyskland,271
2013,1,201301,Luleå,USA,323
2013,1,201301,Luleå,Ungern,2
2013,1,201301,Luleå,Österrike,40
2013,2,201302,Luleå,Australien,25
2013,2,201302,Luleå,Belgien,28
2013,2,201302,Luleå,Danmark,126
2013,2,201302,Luleå,Ej angivet,200
2013,2,201302,Luleå,Estland,1
2013,2,201302,Luleå,Finland,321
2013,2,201302,Luleå,Frankrike,67
2013,2,201302,Luleå,Grekland,1
2013,2,201302,Luleå,Indien,18
2013,2,201302,Luleå,Iran,59
2013,2,201302,Luleå,Irland,23
2013,2,201302,Luleå,Island,3
2013,2,201302,Luleå,Israel,4
2013,2,201302,Luleå,Italien,55
2013,2,201302,Luleå,Japan,27
2013,2,201302,Luleå,Kanada,20
2013,2,201302,Luleå,Kina,73
2013,2,201302,Luleå,Kroatien,7
2013,2,201302,Luleå,Litauen,1
2013,2,201302,Luleå,Mexiko,3
2013,2,201302,Luleå,Nederländerna,34
2013,2,201302,Luleå,Norge,422
2013,2,201302,Luleå,Polen,27
2013,2,201302,Luleå,Portugal,11
2013,2,201302,Luleå,Ryssland,398
2013,2,201302,Luleå,Saudiarabien,2
2013,2,201302,Luleå,Schweiz,32
2013,2,201302,Luleå,Sierra Leone,1
2013,2,201302,Luleå,Singapore,2
2013,2,201302,Luleå,Slovenien,14
2013,2,201302,Luleå,Spanien,70
2013,2,201302,Luleå,Storbritannien,283
2013,2,201302,Luleå,Sverige,18595
2013,2,201302,Luleå,Sydkorea,6
2013,2,201302,Luleå,Taiwan,1
2013,2,201302,Luleå,Thailand,1
2013,2,201302,Luleå,Tjeckien,3
2013,2,201302,Luleå,Turkiet,26
2013,2,201302,Luleå,Tyskland,274
2013,2,201302,Luleå,USA,316
2013,2,201302,Luleå,Ungern,3
2013,2,201302,Luleå,Zambia,1
2013,2,201302,Luleå,Österrike,14
2013,3,201303,Luleå,Australien,17
2013,3,201303,Luleå,Belgien,23
2013,3,201303,Luleå,Brasilien,2
2013,3,201303,Luleå,Colombia,2
2013,3,201303,Luleå,Danmark,47
2013,3,201303,Luleå,Ej angivet,367
2013,3,201303,Luleå,Estland,1
2013,3,201303,Luleå,Finland,448
2013,3,201303,Luleå,Frankrike,145
2013,3,201303,Luleå,Grekland,7
2013,3,201303,Luleå,Indien,36
2013,3,201303,Luleå,Iran,12
2013,3,201303,Luleå,Irland,69
2013,3,201303,Luleå,Island,2
2013,3,201303,Luleå,Israel,5
2013,3,201303,Luleå,Italien,73
2013,3,201303,Luleå,Japan,38
2013,3,201303,Luleå,Kanada,15
2013,3,201303,Luleå,Kina,77
2013,3,201303,Luleå,Malaysia,1
2013,3,201303,Luleå,Mexiko,3
2013,3,201303,Luleå,Nederländerna,66
2013,3,201303,Luleå,Norge,1069
2013,3,201303,Luleå,Polen,30
2013,3,201303,Luleå,Portugal,6
2013,3,201303,Luleå,Ryssland,228
2013,3,201303,Luleå,Saudiarabien,2
2013,3,201303,Luleå,Schweiz,23
2013,3,201303,Luleå,Slovakien,4
2013,3,201303,Luleå,Spanien,65
2013,3,201303,Luleå,Storbritannien,274
2013,3,201303,Luleå,Sverige,20721
2013,3,201303,Luleå,Swaziland,4
2013,3,201303,Luleå,Sydkorea,1
2013,3,201303,Luleå,Thailand,1
2013,3,201303,Luleå,Tjeckien,12
2013,3,201303,Luleå,Tyskland,370
2013,3,201303,Luleå,USA,93
2013,3,201303,Luleå,Ukraina,1
2013,3,201303,Luleå,Ungern,7
2013,3,201303,Luleå,Österrike,26
2013,3,201303,Luleå,Övriga Asien,1
2013,4,201304,Luleå,Australien,12
2013,4,201304,Luleå,Belgien,11
2013,4,201304,Luleå,Brasilien,26
2013,4,201304,Luleå,Danmark,73
2013,4,201304,Luleå,Ej angivet,242
2013,4,201304,Luleå,El Salvador,1
2013,4,201304,Luleå,Estland,20
2013,4,201304,Luleå,Finland,668
2013,4,201304,Luleå,Frankrike,565
2013,4,201304,Luleå,Georgien,4
2013,4,201304,Luleå,Indien,7
2013,4,201304,Luleå,Irland,50
2013,4,201304,Luleå,Island,1
2013,4,201304,Luleå,Italien,36
2013,4,201304,Luleå,Japan,14
2013,4,201304,Luleå,Kanada,19
2013,4,201304,Luleå,Kina,17
2013,4,201304,Luleå,Kroatien,9
2013,4,201304,Luleå,Lettland,11
2013,4,201304,Luleå,Litauen,3
2013,4,201304,Luleå,Mexiko,16
2013,4,201304,Luleå,Nederländerna,79
2013,4,201304,Luleå,Nicaragua,2
2013,4,201304,Luleå,Norge,606
2013,4,201304,Luleå,Polen,29
2013,4,201304,Luleå,Ryssland,308
2013,4,201304,Luleå,Saudiarabien,3
2013,4,201304,Luleå,Schweiz,31
2013,4,201304,Luleå,Spanien,59
2013,4,201304,Luleå,Storbritannien,131
2013,4,201304,Luleå,Sverige,17190
2013,4,201304,Luleå,Sydkorea,13
2013,4,201304,Luleå,Tjeckien,13
2013,4,201304,Luleå,Turkiet,8
2013,4,201304,Luleå,Tyskland,130
2013,4,201304,Luleå,USA,75
2013,4,201304,Luleå,Ungern,10
2013,4,201304,Luleå,Österrike,20
2013,5,201305,Luleå,Australien,10
2013,5,201305,Luleå,Belgien,24
2013,5,201305,Luleå,Brasilien,1
2013,5,201305,Luleå,Bulgarien,1
2013,5,201305,Luleå,Chile,2
2013,5,201305,Luleå,Danmark,112
2013,5,201305,Luleå,Ej angivet,150
2013,5,201305,Luleå,Estland,13
2013,5,201305,Luleå,Finland,413
2013,5,201305,Luleå,Frankrike,98
2013,5,201305,Luleå,Georgien,1
2013,5,201305,Luleå,Grekland,2
2013,5,201305,Luleå,Indien,6
2013,5,201305,Luleå,Irland,13
2013,5,201305,Luleå,Island,6
2013,5,201305,Luleå,Italien,30
2013,5,201305,Luleå,Japan,12
2013,5,201305,Luleå,Kanada,12
2013,5,201305,Luleå,Kina,36
2013,5,201305,Luleå,Kroatien,4
2013,5,201305,Luleå,Lettland,8
2013,5,201305,Luleå,Libyen,1
2013,5,201305,Luleå,Litauen,4
2013,5,201305,Luleå,Luxemburg,1
2013,5,201305,Luleå,Nederländerna,133
2013,5,201305,Luleå,Norge,851
2013,5,201305,Luleå,Peru,1
2013,5,201305,Luleå,Polen,64
2013,5,201305,Luleå,Rumänien,12
2013,5,201305,Luleå,Ryssland,431
2013,5,201305,Luleå,Schweiz,61
2013,5,201305,Luleå,Spanien,58
2013,5,201305,Luleå,Storbritannien,170
2013,5,201305,Luleå,Sverige,21476
2013,5,201305,Luleå,Thailand,2
2013,5,201305,Luleå,Tjeckien,7
2013,5,201305,Luleå,Tyskland,260
2013,5,201305,Luleå,USA,109
2013,5,201305,Luleå,Ukraina,1
2013,5,201305,Luleå,Österrike,120
2013,6,201306,Luleå,Afghanistan,1
2013,6,201306,Luleå,Argentina,6
2013,6,201306,Luleå,Armenien,1
2013,6,201306,Luleå,Australien,33
2013,6,201306,Luleå,Belgien,91
2013,6,201306,Luleå,Brasilien,2
2013,6,201306,Luleå,Burundi,1
2013,6,201306,Luleå,Danmark,305
2013,6,201306,Luleå,Ej angivet,96
2013,6,201306,Luleå,Estland,22
2013,6,201306,Luleå,Finland,1397
2013,6,201306,Luleå,Frankrike,233
2013,6,201306,Luleå,Gabon,2
2013,6,201306,Luleå,Georgien,4
2013,6,201306,Luleå,Grekland,16
2013,6,201306,Luleå,Indien,49
2013,6,201306,Luleå,Irak,37
2013,6,201306,Luleå,Iran,7
2013,6,201306,Luleå,Irland,42
2013,6,201306,Luleå,Island,27
2013,6,201306,Luleå,Israel,3
2013,6,201306,Luleå,Italien,114
2013,6,201306,Luleå,Japan,100
2013,6,201306,Luleå,Kanada,13
2013,6,201306,Luleå,Kina,85
2013,6,201306,Luleå,Kroatien,10
2013,6,201306,Luleå,Lettland,23
2013,6,201306,Luleå,Litauen,9
2013,6,201306,Luleå,Luxemburg,7
2013,6,201306,Luleå,Malaysia,14
2013,6,201306,Luleå,Mauritius,1
2013,6,201306,Luleå,Mexiko,4
2013,6,201306,Luleå,Nederländerna,579
2013,6,201306,Luleå,Nepal,2
2013,6,201306,Luleå,Niger,4
2013,6,201306,Luleå,Norge,6032
2013,6,201306,Luleå,Nya Zeeland,3
2013,6,201306,Luleå,Polen,52
2013,6,201306,Luleå,Portugal,2
2013,6,201306,Luleå,Rumänien,5
2013,6,201306,Luleå,Ryssland,293
2013,6,201306,Luleå,Saudiarabien,1
2013,6,201306,Luleå,Schweiz,193
2013,6,201306,Luleå,Singapore,3
2013,6,201306,Luleå,Slovakien,3
2013,6,201306,Luleå,Spanien,182
2013,6,201306,Luleå,Storbritannien,248
2013,6,201306,Luleå,Sverige,23592
2013,6,201306,Luleå,Sydkorea,14
2013,6,201306,Luleå,Taiwan,8
2013,6,201306,Luleå,Tjeckien,23
2013,6,201306,Luleå,Turkiet,26
2013,6,201306,Luleå,Tyskland,1527
2013,6,201306,Luleå,USA,208
2013,6,201306,Luleå,Ukraina,3
2013,6,201306,Luleå,Ungern,6
2013,6,201306,Luleå,Vietnam,2
2013,6,201306,Luleå,Österrike,73
2013,6,201306,Luleå,Övriga Asien,1
2013,6,201306,Luleå,Övriga Europa,25
2013,6,201306,Luleå,Övriga Världen,23
2013,7,201307,Luleå,Australien,55
2013,7,201307,Luleå,Belgien,63
2013,7,201307,Luleå,Belize,3
2013,7,201307,Luleå,Brasilien,6
2013,7,201307,Luleå,Bulgarien,3
2013,7,201307,Luleå,Chile,2
2013,7,201307,Luleå,Danmark,600
2013,7,201307,Luleå,Ej angivet,131
2013,7,201307,Luleå,El Salvador,4
2013,7,201307,Luleå,Estland,8
2013,7,201307,Luleå,Finland,2567
2013,7,201307,Luleå,Frankrike,277
2013,7,201307,Luleå,Georgien,3
2013,7,201307,Luleå,Grekland,4
2013,7,201307,Luleå,Irland,71
2013,7,201307,Luleå,Island,6
2013,7,201307,Luleå,Israel,6
2013,7,201307,Luleå,Italien,443
2013,7,201307,Luleå,Japan,46
2013,7,201307,Luleå,Kanada,30
2013,7,201307,Luleå,Kina,3
2013,7,201307,Luleå,Litauen,5
2013,7,201307,Luleå,Luxemburg,1
2013,7,201307,Luleå,Malaysia,2
2013,7,201307,Luleå,Malta,1
2013,7,201307,Luleå,Nederländerna,753
2013,7,201307,Luleå,Nicaragua,3
2013,7,201307,Luleå,Norge,39448
2013,7,201307,Luleå,Pakistan,1
2013,7,201307,Luleå,Panama,1
2013,7,201307,Luleå,Polen,121
2013,7,201307,Luleå,Rumänien,10
2013,7,201307,Luleå,Ryssland,199
2013,7,201307,Luleå,Schweiz,609
2013,7,201307,Luleå,Singapore,3
2013,7,201307,Luleå,Slovakien,4
2013,7,201307,Luleå,Spanien,47
2013,7,201307,Luleå,Storbritannien,269
2013,7,201307,Luleå,Sverige,46316
2013,7,201307,Luleå,Swaziland,18
2013,7,201307,Luleå,Sydkorea,2
2013,7,201307,Luleå,Taiwan,8
2013,7,201307,Luleå,Thailand,5
2013,7,201307,Luleå,Tjeckien,27
2013,7,201307,Luleå,Tyskland,2466
2013,7,201307,Luleå,USA,204
2013,7,201307,Luleå,Ukraina,4
2013,7,201307,Luleå,Ungern,5
2013,7,201307,Luleå,Vitryssland,8
2013,7,201307,Luleå,Österrike,132
2013,7,201307,Luleå,Övriga Europa,70
2013,7,201307,Luleå,Övriga Världen,37
2013,8,201308,Luleå,Afghanistan,7
2013,8,201308,Luleå,Australien,64
2013,8,201308,Luleå,Belgien,35
2013,8,201308,Luleå,Bhutan,8
2013,8,201308,Luleå,Chile,1
2013,8,201308,Luleå,Danmark,213
2013,8,201308,Luleå,Egypten,2
2013,8,201308,Luleå,Ej angivet,198
2013,8,201308,Luleå,Estland,24
2013,8,201308,Luleå,Finland,1228
2013,8,201308,Luleå,Frankrike,132
2013,8,201308,Luleå,Gabon,2
2013,8,201308,Luleå,Georgien,2
2013,8,201308,Luleå,Indien,2
2013,8,201308,Luleå,Iran,3
2013,8,201308,Luleå,Irland,21
2013,8,201308,Luleå,Island,6
2013,8,201308,Luleå,Israel,2
2013,8,201308,Luleå,Italien,190
2013,8,201308,Luleå,Japan,27
2013,8,201308,Luleå,Kanada,8
2013,8,201308,Luleå,Kina,20
2013,8,201308,Luleå,Lettland,31
2013,8,201308,Luleå,Libanon,6
2013,8,201308,Luleå,Litauen,3
2013,8,201308,Luleå,Luxemburg,17
2013,8,201308,Luleå,Mexiko,16
2013,8,201308,Luleå,Nederländerna,311
2013,8,201308,Luleå,Niger,10
2013,8,201308,Luleå,Norge,5649
2013,8,201308,Luleå,Nya Zeeland,3
2013,8,201308,Luleå,Polen,75
2013,8,201308,Luleå,Rumänien,5
2013,8,201308,Luleå,Ryssland,359
2013,8,201308,Luleå,Schweiz,165
2013,8,201308,Luleå,Serbien,1
2013,8,201308,Luleå,Singapore,4
2013,8,201308,Luleå,Slovakien,3
2013,8,201308,Luleå,Slovenien,2
2013,8,201308,Luleå,Spanien,185
2013,8,201308,Luleå,Storbritannien,189
2013,8,201308,Luleå,Sverige,27465
2013,8,201308,Luleå,Swaziland,9
2013,8,201308,Luleå,Sydafrika,55
2013,8,201308,Luleå,Sydkorea,4
2013,8,201308,Luleå,Thailand,6
2013,8,201308,Luleå,Tjeckien,20
2013,8,201308,Luleå,Tyskland,1156
2013,8,201308,Luleå,USA,134
2013,8,201308,Luleå,Ungern,1
2013,8,201308,Luleå,Vitryssland,29
2013,8,201308,Luleå,Österrike,63
2013,8,201308,Luleå,Övriga Asien,1
2013,8,201308,Luleå,Övriga Europa,35
2013,8,201308,Luleå,Övriga Världen,2
2013,9,201309,Luleå,Argentina,4
2013,9,201309,Luleå,Armenien,1
2013,9,201309,Luleå,Australien,16
2013,9,201309,Luleå,Belgien,22
2013,9,201309,Luleå,Bosnien och Hercegovina,2
2013,9,201309,Luleå,Brasilien,7
2013,9,201309,Luleå,Bulgarien,1
2013,9,201309,Luleå,Danmark,129
2013,9,201309,Luleå,Ej angivet,153
2013,9,201309,Luleå,Estland,12
2013,9,201309,Luleå,Finland,523
2013,9,201309,Luleå,Frankrike,89
2013,9,201309,Luleå,Georgien,1
2013,9,201309,Luleå,Grekland,3
2013,9,201309,Luleå,Indien,6
2013,9,201309,Luleå,Iran,3
2013,9,201309,Luleå,Irland,44
2013,9,201309,Luleå,Island,16
2013,9,201309,Luleå,Israel,2
2013,9,201309,Luleå,Italien,49
2013,9,201309,Luleå,Japan,44
2013,9,201309,Luleå,Kanada,20
2013,9,201309,Luleå,Kenya,1
2013,9,201309,Luleå,Kina,31
2013,9,201309,Luleå,Lettland,1
2013,9,201309,Luleå,Litauen,14
2013,9,201309,Luleå,Luxemburg,2
2013,9,201309,Luleå,Mexiko,4
2013,9,201309,Luleå,Namibia,4
2013,9,201309,Luleå,Nederländerna,94
2013,9,201309,Luleå,Norge,930
2013,9,201309,Luleå,Nya Zeeland,6
2013,9,201309,Luleå,Polen,13
2013,9,201309,Luleå,Portugal,1
2013,9,201309,Luleå,Rumänien,3
2013,9,201309,Luleå,Ryssland,86
2013,9,201309,Luleå,Schweiz,89
2013,9,201309,Luleå,Singapore,1
2013,9,201309,Luleå,Slovakien,3
2013,9,201309,Luleå,Slovenien,2
2013,9,201309,Luleå,Somalia,3
2013,9,201309,Luleå,Spanien,101
2013,9,201309,Luleå,Storbritannien,2426
2013,9,201309,Luleå,Sverige,21641
2013,9,201309,Luleå,Sydafrika,34
2013,9,201309,Luleå,Taiwan,1
2013,9,201309,Luleå,Tjeckien,5
2013,9,201309,Luleå,Tyskland,309
2013,9,201309,Luleå,USA,97
2013,9,201309,Luleå,Ukraina,1
2013,9,201309,Luleå,Ungern,1
2013,9,201309,Luleå,Zimbabwe,3
2013,9,201309,Luleå,Österrike,40
2013,9,201309,Luleå,Övriga Europa,2
2013,10,201310,Luleå,Afghanistan,1
2013,10,201310,Luleå,Australien,16
2013,10,201310,Luleå,Belgien,19
2013,10,201310,Luleå,Brasilien,125
2013,10,201310,Luleå,Danmark,86
2013,10,201310,Luleå,Ej angivet,259
2013,10,201310,Luleå,Estland,9
2013,10,201310,Luleå,Finland,800
2013,10,201310,Luleå,Frankrike,91
2013,10,201310,Luleå,Georgien,8
2013,10,201310,Luleå,Grekland,4
2013,10,201310,Luleå,Indien,4
2013,10,201310,Luleå,Irland,30
2013,10,201310,Luleå,Island,5
2013,10,201310,Luleå,Israel,2
2013,10,201310,Luleå,Italien,11
2013,10,201310,Luleå,Jamaica,1
2013,10,201310,Luleå,Japan,13
2013,10,201310,Luleå,Kanada,37
2013,10,201310,Luleå,Kina,25
2013,10,201310,Luleå,Libyen,2
2013,10,201310,Luleå,Litauen,9
2013,10,201310,Luleå,Luxemburg,8
2013,10,201310,Luleå,Nederländerna,99
2013,10,201310,Luleå,Norge,997
2013,10,201310,Luleå,Nya Zeeland,1
2013,10,201310,Luleå,Polen,41
2013,10,201310,Luleå,Ryssland,133
2013,10,201310,Luleå,Schweiz,46
2013,10,201310,Luleå,Spanien,166
2013,10,201310,Luleå,Storbritannien,156
2013,10,201310,Luleå,Sverige,24712
2013,10,201310,Luleå,Swaziland,4
2013,10,201310,Luleå,Sydkorea,5
2013,10,201310,Luleå,Taiwan,1
2013,10,201310,Luleå,Thailand,9
2013,10,201310,Luleå,Tjeckien,3
2013,10,201310,Luleå,Turkiet,7
2013,10,201310,Luleå,Tyskland,203
2013,10,201310,Luleå,USA,130
2013,10,201310,Luleå,Ungern,26
2013,10,201310,Luleå,Vitryssland,2
2013,10,201310,Luleå,Österrike,8
2013,10,201310,Luleå,Övriga Europa,1
2013,11,201311,Luleå,Australien,12
2013,11,201311,Luleå,Belgien,9
2013,11,201311,Luleå,Brasilien,80
2013,11,201311,Luleå,Danmark,52
2013,11,201311,Luleå,Ecuador,1
2013,11,201311,Luleå,Ej angivet,177
2013,11,201311,Luleå,El Salvador,1
2013,11,201311,Luleå,Estland,9
2013,11,201311,Luleå,Finland,374
2013,11,201311,Luleå,Frankrike,73
2013,11,201311,Luleå,Grekland,15
2013,11,201311,Luleå,Guatemala,1
2013,11,201311,Luleå,Indien,9
2013,11,201311,Luleå,Irland,102
2013,11,201311,Luleå,Island,7
2013,11,201311,Luleå,Israel,2
2013,11,201311,Luleå,Italien,28
2013,11,201311,Luleå,Japan,9
2013,11,201311,Luleå,Kanada,8
2013,11,201311,Luleå,Kina,24
2013,11,201311,Luleå,Lettland,1
2013,11,201311,Luleå,Litauen,7
2013,11,201311,Luleå,Luxemburg,1
2013,11,201311,Luleå,Mexiko,1
2013,11,201311,Luleå,Moçambique,20
2013,11,201311,Luleå,Nederländerna,89
2013,11,201311,Luleå,Nigeria,1
2013,11,201311,Luleå,Norge,657
2013,11,201311,Luleå,Polen,51
2013,11,201311,Luleå,Portugal,31
2013,11,201311,Luleå,Rumänien,1
2013,11,201311,Luleå,Ryssland,96
2013,11,201311,Luleå,Schweiz,25
2013,11,201311,Luleå,Singapore,3
2013,11,201311,Luleå,Slovakien,5
2013,11,201311,Luleå,Spanien,54
2013,11,201311,Luleå,Storbritannien,150
2013,11,201311,Luleå,Sverige,25813
2013,11,201311,Luleå,Thailand,2
2013,11,201311,Luleå,Tjeckien,2
2013,11,201311,Luleå,Tyskland,225
2013,11,201311,Luleå,USA,90
2013,11,201311,Luleå,Ungern,4
2013,11,201311,Luleå,Uruguay,1
2013,11,201311,Luleå,Österrike,7
2013,11,201311,Luleå,Övriga Europa,39
2013,12,201312,Luleå,Afghanistan,3
2013,12,201312,Luleå,Albanien,1
2013,12,201312,Luleå,Australien,14
2013,12,201312,Luleå,Azerbajdzjan,1
2013,12,201312,Luleå,Belgien,21
2013,12,201312,Luleå,Brasilien,1
2013,12,201312,Luleå,Cypern,8
2013,12,201312,Luleå,Danmark,81
2013,12,201312,Luleå,Ej angivet,199
2013,12,201312,Luleå,Estland,13
2013,12,201312,Luleå,Finland,343
2013,12,201312,Luleå,Frankrike,161
2013,12,201312,Luleå,Georgien,2
2013,12,201312,Luleå,Grekland,7
2013,12,201312,Luleå,Indien,1
2013,12,201312,Luleå,Irland,65
2013,12,201312,Luleå,Island,8
2013,12,201312,Luleå,Israel,1
2013,12,201312,Luleå,Italien,47
2013,12,201312,Luleå,Japan,101
2013,12,201312,Luleå,Kanada,8
2013,12,201312,Luleå,Kina,135
2013,12,201312,Luleå,Lettland,1
2013,12,201312,Luleå,Litauen,13
2013,12,201312,Luleå,Luxemburg,1
2013,12,201312,Luleå,Malaysia,1
2013,12,201312,Luleå,Nederländerna,99
2013,12,201312,Luleå,Norge,756
2013,12,201312,Luleå,Nya Zeeland,3
2013,12,201312,Luleå,Peru,4
2013,12,201312,Luleå,Polen,31
2013,12,201312,Luleå,Portugal,6
2013,12,201312,Luleå,Rumänien,1
2013,12,201312,Luleå,Ryssland,353
2013,12,201312,Luleå,Schweiz,40
2013,12,201312,Luleå,Slovakien,7
2013,12,201312,Luleå,Spanien,46
2013,12,201312,Luleå,Storbritannien,207
2013,12,201312,Luleå,Sverige,18331
2013,12,201312,Luleå,Sydkorea,1
2013,12,201312,Luleå,Taiwan,3
2013,12,201312,Luleå,Thailand,2
2013,12,201312,Luleå,Tjeckien,18
2013,12,201312,Luleå,Turkiet,5
2013,12,201312,Luleå,Tyskland,256
2013,12,201312,Luleå,USA,132
2013,12,201312,Luleå,Ungern,5
2013,12,201312,Luleå,Österrike,7
2013,12,201312,Luleå,Övriga Europa,4
2014,1,201401,Luleå,Australien,14
2014,1,201401,Luleå,Belgien,37
2014,1,201401,Luleå,Brasilien,38
2014,1,201401,Luleå,Bulgarien,2
2014,1,201401,Luleå,Danmark,131
2014,1,201401,Luleå,Ej angivet,118
2014,1,201401,Luleå,Estland,12
2014,1,201401,Luleå,Finland,298
2014,1,201401,Luleå,Frankrike,68
2014,1,201401,Luleå,Förenade Arabemiraten,17
2014,1,201401,Luleå,Grekland,7
2014,1,201401,Luleå,Indien,1
2014,1,201401,Luleå,Indonesien,2
2014,1,201401,Luleå,Irland,130
2014,1,201401,Luleå,Island,1
2014,1,201401,Luleå,Israel,1
2014,1,201401,Luleå,Italien,21
2014,1,201401,Luleå,Japan,21
2014,1,201401,Luleå,Kanada,17
2014,1,201401,Luleå,Kina,154
2014,1,201401,Luleå,Kroatien,12
2014,1,201401,Luleå,Lettland,4
2014,1,201401,Luleå,Litauen,7
2014,1,201401,Luleå,Nederländerna,104
2014,1,201401,Luleå,Norge,632
2014,1,201401,Luleå,Nya Zeeland,3
2014,1,201401,Luleå,Polen,48
2014,1,201401,Luleå,Rumänien,1
2014,1,201401,Luleå,Ryssland,814
2014,1,201401,Luleå,Saudiarabien,1
2014,1,201401,Luleå,Schweiz,34
2014,1,201401,Luleå,Slovakien,6
2014,1,201401,Luleå,Spanien,30
2014,1,201401,Luleå,Storbritannien,212
2014,1,201401,Luleå,Sverige,18829
2014,1,201401,Luleå,Sydkorea,1
2014,1,201401,Luleå,Taiwan,28
2014,1,201401,Luleå,Tjeckien,12
2014,1,201401,Luleå,Tyskland,289
2014,1,201401,Luleå,USA,384
2014,1,201401,Luleå,Ungern,13
2014,1,201401,Luleå,Österrike,31
2014,2,201402,Luleå,Afghanistan,3
2014,2,201402,Luleå,Andorra,1
2014,2,201402,Luleå,Australien,49
2014,2,201402,Luleå,Belgien,51
2014,2,201402,Luleå,Brasilien,42
2014,2,201402,Luleå,Colombia,1
2014,2,201402,Luleå,Cypern,6
2014,2,201402,Luleå,Danmark,61
2014,2,201402,Luleå,Ej angivet,115
2014,2,201402,Luleå,Estland,3
2014,2,201402,Luleå,Finland,369
2014,2,201402,Luleå,Frankrike,249
2014,2,201402,Luleå,Georgien,9
2014,2,201402,Luleå,Grekland,4
2014,2,201402,Luleå,Irland,46
2014,2,201402,Luleå,Island,20
2014,2,201402,Luleå,Israel,4
2014,2,201402,Luleå,Italien,105
2014,2,201402,Luleå,Japan,57
2014,2,201402,Luleå,Kanada,51
2014,2,201402,Luleå,Kina,77
2014,2,201402,Luleå,Kroatien,46
2014,2,201402,Luleå,Luxemburg,12
2014,2,201402,Luleå,Mexiko,2
2014,2,201402,Luleå,Nederländerna,64
2014,2,201402,Luleå,Norge,753
2014,2,201402,Luleå,Nya Zeeland,3
2014,2,201402,Luleå,Paraguay,1
2014,2,201402,Luleå,Peru,7
2014,2,201402,Luleå,Polen,63
2014,2,201402,Luleå,Portugal,4
2014,2,201402,Luleå,Rumänien,3
2014,2,201402,Luleå,Ryssland,70
2014,2,201402,Luleå,Saudiarabien,2
2014,2,201402,Luleå,Schweiz,42
2014,2,201402,Luleå,Serbien,4
2014,2,201402,Luleå,Singapore,1
2014,2,201402,Luleå,Slovakien,8
2014,2,201402,Luleå,Spanien,187
2014,2,201402,Luleå,Storbritannien,367
2014,2,201402,Luleå,Sverige,23008
2014,2,201402,Luleå,Swaziland,1
2014,2,201402,Luleå,Sydkorea,6
2014,2,201402,Luleå,Taiwan,1
2014,2,201402,Luleå,Tjeckien,26
2014,2,201402,Luleå,Tyskland,424
2014,2,201402,Luleå,USA,403
2014,2,201402,Luleå,Ungern,3
2014,2,201402,Luleå,Österrike,38
2014,3,201403,Luleå,Afghanistan,14
2014,3,201403,Luleå,Australien,6
2014,3,201403,Luleå,Belgien,59
2014,3,201403,Luleå,Brasilien,4
2014,3,201403,Luleå,Chile,3
2014,3,201403,Luleå,Danmark,72
2014,3,201403,Luleå,Ecuador,7
2014,3,201403,Luleå,Ej angivet,125
2014,3,201403,Luleå,Estland,27
2014,3,201403,Luleå,Finland,567
2014,3,201403,Luleå,Frankrike,211
2014,3,201403,Luleå,Förenade Arabemiraten,1
2014,3,201403,Luleå,Grekland,61
2014,3,201403,Luleå,Indien,1
2014,3,201403,Luleå,Indonesien,1
2014,3,201403,Luleå,Iran,1
2014,3,201403,Luleå,Irland,43
2014,3,201403,Luleå,Island,31
2014,3,201403,Luleå,Israel,1
2014,3,201403,Luleå,Italien,63
2014,3,201403,Luleå,Japan,38
2014,3,201403,Luleå,Kanada,7
2014,3,201403,Luleå,Kina,51
2014,3,201403,Luleå,Lettland,6
2014,3,201403,Luleå,Litauen,16
2014,3,201403,Luleå,Malaysia,1
2014,3,201403,Luleå,Mexiko,1
2014,3,201403,Luleå,Nederländerna,52
2014,3,201403,Luleå,Niger,1
2014,3,201403,Luleå,Norge,496
2014,3,201403,Luleå,Nya Zeeland,1
2014,3,201403,Luleå,Polen,44
2014,3,201403,Luleå,Portugal,15
2014,3,201403,Luleå,Rumänien,6
2014,3,201403,Luleå,Ryssland,197
2014,3,201403,Luleå,Saudiarabien,2
2014,3,201403,Luleå,Schweiz,48
2014,3,201403,Luleå,Singapore,2
2014,3,201403,Luleå,Slovakien,9
2014,3,201403,Luleå,Slovenien,10
2014,3,201403,Luleå,Spanien,220
2014,3,201403,Luleå,Storbritannien,262
2014,3,201403,Luleå,Sverige,23815
2014,3,201403,Luleå,Sydafrika,16
2014,3,201403,Luleå,Taiwan,2
2014,3,201403,Luleå,Tjeckien,20
2014,3,201403,Luleå,Turkiet,1
2014,3,201403,Luleå,Tyskland,421
2014,3,201403,Luleå,USA,248
2014,3,201403,Luleå,Ungern,5
2014,3,201403,Luleå,Österrike,22
2014,4,201404,Luleå,Australien,9
2014,4,201404,Luleå,Belgien,40
2014,4,201404,Luleå,Bulgarien,4
2014,4,201404,Luleå,Costa Rica,2
2014,4,201404,Luleå,Danmark,49
2014,4,201404,Luleå,Ecuador,2
2014,4,201404,Luleå,Ej angivet,94
2014,4,201404,Luleå,Estland,1
2014,4,201404,Luleå,Finland,628
2014,4,201404,Luleå,Frankrike,102
2014,4,201404,Luleå,Förenade Arabemiraten,5
2014,4,201404,Luleå,Gabon,10
2014,4,201404,Luleå,Georgien,14
2014,4,201404,Luleå,Grekland,4
2014,4,201404,Luleå,Indien,4
2014,4,201404,Luleå,Iran,7
2014,4,201404,Luleå,Irland,21
2014,4,201404,Luleå,Island,11
2014,4,201404,Luleå,Italien,17
2014,4,201404,Luleå,Japan,4
2014,4,201404,Luleå,Kanada,18
2014,4,201404,Luleå,Kina,18
2014,4,201404,Luleå,Liechtenstein,2
2014,4,201404,Luleå,Litauen,10
2014,4,201404,Luleå,Mexiko,1
2014,4,201404,Luleå,Nederländerna,46
2014,4,201404,Luleå,Niger,1
2014,4,201404,Luleå,Norge,828
2014,4,201404,Luleå,Panama,1
2014,4,201404,Luleå,Polen,14
2014,4,201404,Luleå,Portugal,3
2014,4,201404,Luleå,Rumänien,2
2014,4,201404,Luleå,Ryssland,326
2014,4,201404,Luleå,Saudiarabien,3
2014,4,201404,Luleå,Schweiz,19
2014,4,201404,Luleå,Singapore,3
2014,4,201404,Luleå,Slovakien,5
2014,4,201404,Luleå,Spanien,127
2014,4,201404,Luleå,Storbritannien,194
2014,4,201404,Luleå,Sverige,17814
2014,4,201404,Luleå,Tjeckien,22
2014,4,201404,Luleå,Turkiet,2
2014,4,201404,Luleå,Tyskland,216
2014,4,201404,Luleå,USA,205
2014,4,201404,Luleå,Ungern,3
2014,4,201404,Luleå,Österrike,22
2014,5,201405,Luleå,Argentina,3
2014,5,201405,Luleå,Australien,19
2014,5,201405,Luleå,Belgien,48
2014,5,201405,Luleå,Brasilien,24
2014,5,201405,Luleå,Bulgarien,89
2014,5,201405,Luleå,Danmark,87
2014,5,201405,Luleå,Ecuador,4
2014,5,201405,Luleå,Egypten,6
2014,5,201405,Luleå,Ej angivet,108
2014,5,201405,Luleå,Estland,9
2014,5,201405,Luleå,Finland,1069
2014,5,201405,Luleå,Frankrike,129
2014,5,201405,Luleå,Grekland,19
2014,5,201405,Luleå,Grenada,3
2014,5,201405,Luleå,Indien,22
2014,5,201405,Luleå,Irland,14
2014,5,201405,Luleå,Island,1
2014,5,201405,Luleå,Italien,29
2014,5,201405,Luleå,Japan,7
2014,5,201405,Luleå,Kanada,8
2014,5,201405,Luleå,Kina,129
2014,5,201405,Luleå,Kroatien,4
2014,5,201405,Luleå,Litauen,8
2014,5,201405,Luleå,Luxemburg,6
2014,5,201405,Luleå,Mexiko,10
2014,5,201405,Luleå,Nederländerna,193
2014,5,201405,Luleå,Norge,1009
2014,5,201405,Luleå,Polen,19
2014,5,201405,Luleå,Ryssland,271
2014,5,201405,Luleå,Saudiarabien,2
2014,5,201405,Luleå,Schweiz,57
2014,5,201405,Luleå,Singapore,3
2014,5,201405,Luleå,Slovakien,2
2014,5,201405,Luleå,Slovenien,2
2014,5,201405,Luleå,Spanien,75
2014,5,201405,Luleå,Storbritannien,156
2014,5,201405,Luleå,Sverige,26941
2014,5,201405,Luleå,Swaziland,4
2014,5,201405,Luleå,Sydafrika,4
2014,5,201405,Luleå,Sydkorea,6
2014,5,201405,Luleå,Thailand,1
2014,5,201405,Luleå,Tjeckien,11
2014,5,201405,Luleå,Tunisien,2
2014,5,201405,Luleå,Turkiet,2
2014,5,201405,Luleå,Tyskland,375
2014,5,201405,Luleå,USA,391
2014,5,201405,Luleå,Ukraina,4
2014,5,201405,Luleå,Ungern,11
2014,5,201405,Luleå,Österrike,17
2014,5,201405,Luleå,Övriga Världen,2
2014,6,201406,Luleå,Andorra,2
2014,6,201406,Luleå,Australien,33
2014,6,201406,Luleå,Belgien,35
2014,6,201406,Luleå,Bosnien och Hercegovina,1
2014,6,201406,Luleå,Brasilien,83
2014,6,201406,Luleå,Bulgarien,86
2014,6,201406,Luleå,Chile,4
2014,6,201406,Luleå,Danmark,261
2014,6,201406,Luleå,Egypten,7
2014,6,201406,Luleå,Ej angivet,109
2014,6,201406,Luleå,Estland,26
2014,6,201406,Luleå,Finland,1766
2014,6,201406,Luleå,Frankrike,204
2014,6,201406,Luleå,Gabon,2
2014,6,201406,Luleå,Georgien,7
2014,6,201406,Luleå,Grekland,10
2014,6,201406,Luleå,Indien,5
2014,6,201406,Luleå,Iran,4
2014,6,201406,Luleå,Irland,49
2014,6,201406,Luleå,Island,8
2014,6,201406,Luleå,Italien,76
2014,6,201406,Luleå,Japan,21
2014,6,201406,Luleå,Kanada,18
2014,6,201406,Luleå,Kina,17
2014,6,201406,Luleå,Lettland,43
2014,6,201406,Luleå,Litauen,7
2014,6,201406,Luleå,Mexiko,2
2014,6,201406,Luleå,Monaco,24
2014,6,201406,Luleå,Nederländerna,646
2014,6,201406,Luleå,Norge,6030
2014,6,201406,Luleå,Nya Zeeland,4
2014,6,201406,Luleå,Polen,55
2014,6,201406,Luleå,Rumänien,9
2014,6,201406,Luleå,Ryssland,220
2014,6,201406,Luleå,Saudiarabien,4
2014,6,201406,Luleå,Schweiz,246
2014,6,201406,Luleå,Slovakien,3
2014,6,201406,Luleå,Slovenien,2
2014,6,201406,Luleå,Spanien,113
2014,6,201406,Luleå,Sri Lanka,2
2014,6,201406,Luleå,Storbritannien,329
2014,6,201406,Luleå,Sverige,26352
2014,6,201406,Luleå,Swaziland,2
2014,6,201406,Luleå,Tjeckien,30
2014,6,201406,Luleå,Turkiet,21
2014,6,201406,Luleå,Tyskland,1550
2014,6,201406,Luleå,USA,303
2014,6,201406,Luleå,Ungern,7
2014,6,201406,Luleå,Österrike,53
2014,6,201406,Luleå,Övriga Europa,2
2014,6,201406,Luleå,Övriga Världen,5
2014,7,201407,Luleå,Afghanistan,2
2014,7,201407,Luleå,Australien,25
2014,7,201407,Luleå,Belgien,64
2014,7,201407,Luleå,Brasilien,6
2014,7,201407,Luleå,Bulgarien,65
2014,7,201407,Luleå,Costa Rica,1
2014,7,201407,Luleå,Danmark,362
2014,7,201407,Luleå,Ecuador,4
2014,7,201407,Luleå,Ej angivet,121
2014,7,201407,Luleå,Estland,6
2014,7,201407,Luleå,Etiopien,4
2014,7,201407,Luleå,Finland,2900
2014,7,201407,Luleå,Frankrike,254
2014,7,201407,Luleå,Förenade Arabemiraten,2
2014,7,201407,Luleå,Georgien,13
2014,7,201407,Luleå,Grekland,7
2014,7,201407,Luleå,Indien,24
2014,7,201407,Luleå,Iran,12
2014,7,201407,Luleå,Irland,40
2014,7,201407,Luleå,Island,23
2014,7,201407,Luleå,Italien,163
2014,7,201407,Luleå,Japan,42
2014,7,201407,Luleå,Kanada,1
2014,7,201407,Luleå,Kenya,1
2014,7,201407,Luleå,Kina,19
2014,7,201407,Luleå,Lettland,10
2014,7,201407,Luleå,Litauen,4
2014,7,201407,Luleå,Luxemburg,1
2014,7,201407,Luleå,Nederländerna,348
2014,7,201407,Luleå,Niger,2
2014,7,201407,Luleå,Norge,43834
2014,7,201407,Luleå,Nya Zeeland,1
2014,7,201407,Luleå,Polen,81
2014,7,201407,Luleå,Portugal,4
2014,7,201407,Luleå,Qatar,2
2014,7,201407,Luleå,Rumänien,9
2014,7,201407,Luleå,Ryssland,999
2014,7,201407,Luleå,Saudiarabien,2
2014,7,201407,Luleå,Schweiz,443
2014,7,201407,Luleå,Serbien,2
2014,7,201407,Luleå,Singapore,2
2014,7,201407,Luleå,Slovakien,1
2014,7,201407,Luleå,Spanien,91
2014,7,201407,Luleå,Storbritannien,187
2014,7,201407,Luleå,Sverige,32933
2014,7,201407,Luleå,Swaziland,2
2014,7,201407,Luleå,Sydafrika,4
2014,7,201407,Luleå,Taiwan,4
2014,7,201407,Luleå,Tjeckien,12
2014,7,201407,Luleå,Tunisien,1
2014,7,201407,Luleå,Tyskland,1857
2014,7,201407,Luleå,USA,203
2014,7,201407,Luleå,Ungern,12
2014,7,201407,Luleå,Vitryssland,1
2014,7,201407,Luleå,Österrike,150
2014,7,201407,Luleå,Övriga Asien,4
2014,7,201407,Luleå,Övriga Europa,3
2014,7,201407,Luleå,Övriga Världen,11
2014,8,201408,Luleå,Australien,27
2014,8,201408,Luleå,Belgien,55
2014,8,201408,Luleå,Brasilien,7
2014,8,201408,Luleå,Bulgarien,53
2014,8,201408,Luleå,Danmark,171
2014,8,201408,Luleå,Ej angivet,122
2014,8,201408,Luleå,Eritrea,9
2014,8,201408,Luleå,Estland,24
2014,8,201408,Luleå,Finland,1596
2014,8,201408,Luleå,Frankrike,226
2014,8,201408,Luleå,Förenade Arabemiraten,9
2014,8,201408,Luleå,Georgien,17
2014,8,201408,Luleå,Grekland,4
2014,8,201408,Luleå,Indien,9
2014,8,201408,Luleå,Indonesien,2
2014,8,201408,Luleå,Irland,48
2014,8,201408,Luleå,Island,11
2014,8,201408,Luleå,Israel,13
2014,8,201408,Luleå,Italien,292
2014,8,201408,Luleå,Japan,13
2014,8,201408,Luleå,Kanada,8
2014,8,201408,Luleå,Kina,26
2014,8,201408,Luleå,Kroatien,5
2014,8,201408,Luleå,Lettland,46
2014,8,201408,Luleå,Liechtenstein,1
2014,8,201408,Luleå,Litauen,54
2014,8,201408,Luleå,Luxemburg,1
2014,8,201408,Luleå,Malaysia,6
2014,8,201408,Luleå,Malta,3
2014,8,201408,Luleå,Nederländerna,289
2014,8,201408,Luleå,Norge,7389
2014,8,201408,Luleå,Polen,65
2014,8,201408,Luleå,Portugal,6
2014,8,201408,Luleå,Qatar,6
2014,8,201408,Luleå,Rumänien,5
2014,8,201408,Luleå,Ryssland,284
2014,8,201408,Luleå,Schweiz,190
2014,8,201408,Luleå,Sierra Leone,2
2014,8,201408,Luleå,Slovakien,5
2014,8,201408,Luleå,Slovenien,2
2014,8,201408,Luleå,Spanien,119
2014,8,201408,Luleå,Storbritannien,338
2014,8,201408,Luleå,Sverige,29851
2014,8,201408,Luleå,Swaziland,3
2014,8,201408,Luleå,Sydkorea,7
2014,8,201408,Luleå,Tjeckien,33
2014,8,201408,Luleå,Turkiet,1
2014,8,201408,Luleå,Tyskland,1397
2014,8,201408,Luleå,USA,336
2014,8,201408,Luleå,Ukraina,2
2014,8,201408,Luleå,Ungern,3
2014,8,201408,Luleå,Vitryssland,1
2014,8,201408,Luleå,Österrike,59
2014,8,201408,Luleå,Övriga Europa,5
2014,8,201408,Luleå,Övriga Världen,11
2014,9,201409,Luleå,Australien,41
2014,9,201409,Luleå,Belgien,49
2014,9,201409,Luleå,Bulgarien,66
2014,9,201409,Luleå,Danmark,118
2014,9,201409,Luleå,Ecuador,17
2014,9,201409,Luleå,Ej angivet,624
2014,9,201409,Luleå,El Salvador,2
2014,9,201409,Luleå,Estland,28
2014,9,201409,Luleå,Etiopien,11
2014,9,201409,Luleå,Finland,646
2014,9,201409,Luleå,Frankrike,128
2014,9,201409,Luleå,Georgien,4
2014,9,201409,Luleå,Grekland,63
2014,9,201409,Luleå,Indien,2
2014,9,201409,Luleå,Indonesien,5
2014,9,201409,Luleå,Iran,7
2014,9,201409,Luleå,Irland,36
2014,9,201409,Luleå,Island,2
2014,9,201409,Luleå,Italien,113
2014,9,201409,Luleå,Japan,39
2014,9,201409,Luleå,Kanada,7
2014,9,201409,Luleå,Kina,53
2014,9,201409,Luleå,Kroatien,19
2014,9,201409,Luleå,Lettland,61
2014,9,201409,Luleå,Litauen,357
2014,9,201409,Luleå,Luxemburg,1
2014,9,201409,Luleå,Marocko,2
2014,9,201409,Luleå,Nederländerna,68
2014,9,201409,Luleå,Norge,841
2014,9,201409,Luleå,Nya Zeeland,1
2014,9,201409,Luleå,Polen,305
2014,9,201409,Luleå,Portugal,21
2014,9,201409,Luleå,Rumänien,1
2014,9,201409,Luleå,Ryssland,97
2014,9,201409,Luleå,Schweiz,77
2014,9,201409,Luleå,Singapore,1
2014,9,201409,Luleå,Slovakien,3
2014,9,201409,Luleå,Spanien,80
2014,9,201409,Luleå,Storbritannien,294
2014,9,201409,Luleå,Sverige,25032
2014,9,201409,Luleå,Sydkorea,1
2014,9,201409,Luleå,Taiwan,4
2014,9,201409,Luleå,Tjeckien,33
2014,9,201409,Luleå,Tyskland,570
2014,9,201409,Luleå,USA,256
2014,9,201409,Luleå,Zambia,1
2014,9,201409,Luleå,Österrike,47
2014,9,201409,Luleå,Övriga Europa,6
2014,9,201409,Luleå,Övriga Världen,2
2014,10,201410,Luleå,Argentina,1
2014,10,201410,Luleå,Australien,61
2014,10,201410,Luleå,Belgien,17
2014,10,201410,Luleå,Brasilien,5
2014,10,201410,Luleå,Bulgarien,75
2014,10,201410,Luleå,Chile,1
2014,10,201410,Luleå,Danmark,60
2014,10,201410,Luleå,Ecuador,2
2014,10,201410,Luleå,Ej angivet,890
2014,10,201410,Luleå,Eritrea,21
2014,10,201410,Luleå,Estland,10
2014,10,201410,Luleå,Finland,940
2014,10,201410,Luleå,Frankrike,69
2014,10,201410,Luleå,Georgien,10
2014,10,201410,Luleå,Grekland,4
2014,10,201410,Luleå,Indien,3
2014,10,201410,Luleå,Irland,324
2014,10,201410,Luleå,Island,5
2014,10,201410,Luleå,Israel,3
2014,10,201410,Luleå,Italien,44
2014,10,201410,Luleå,Japan,40
2014,10,201410,Luleå,Kanada,29
2014,10,201410,Luleå,Kina,29
2014,10,201410,Luleå,Kroatien,125
2014,10,201410,Luleå,Lettland,2
2014,10,201410,Luleå,Litauen,248
2014,10,201410,Luleå,Nederländerna,149
2014,10,201410,Luleå,Niger,23
2014,10,201410,Luleå,Norge,787
2014,10,201410,Luleå,Polen,406
2014,10,201410,Luleå,Portugal,13
2014,10,201410,Luleå,Ryssland,107
2014,10,201410,Luleå,Saudiarabien,3
2014,10,201410,Luleå,Schweiz,41
2014,10,201410,Luleå,Slovakien,4
2014,10,201410,Luleå,Slovenien,3
2014,10,201410,Luleå,Spanien,98
2014,10,201410,Luleå,Storbritannien,314
2014,10,201410,Luleå,Sverige,27425
2014,10,201410,Luleå,Sydafrika,1
2014,10,201410,Luleå,Sydkorea,12
2014,10,201410,Luleå,Taiwan,1
2014,10,201410,Luleå,Thailand,7
2014,10,201410,Luleå,Tjeckien,15
2014,10,201410,Luleå,Turkiet,2
2014,10,201410,Luleå,Tyskland,200
2014,10,201410,Luleå,USA,237
2014,10,201410,Luleå,Ukraina,2
2014,10,201410,Luleå,Österrike,66
2014,10,201410,Luleå,Övriga Europa,1
2014,10,201410,Luleå,Övriga Världen,1
2014,11,201411,Luleå,Argentina,2
2014,11,201411,Luleå,Australien,83
2014,11,201411,Luleå,Belgien,4
2014,11,201411,Luleå,Bulgarien,68
2014,11,201411,Luleå,Danmark,57
2014,11,201411,Luleå,Egypten,1
2014,11,201411,Luleå,Ej angivet,1356
2014,11,201411,Luleå,Estland,13
2014,11,201411,Luleå,Etiopien,27
2014,11,201411,Luleå,Finland,498
2014,11,201411,Luleå,Frankrike,54
2014,11,201411,Luleå,Gabon,9
2014,11,201411,Luleå,Georgien,11
2014,11,201411,Luleå,Indien,58
2014,11,201411,Luleå,Indonesien,1
2014,11,201411,Luleå,Iran,1
2014,11,201411,Luleå,Irland,644
2014,11,201411,Luleå,Island,12
2014,11,201411,Luleå,Italien,33
2014,11,201411,Luleå,Japan,12
2014,11,201411,Luleå,Kanada,12
2014,11,201411,Luleå,Kina,48
2014,11,201411,Luleå,Kroatien,80
2014,11,201411,Luleå,Lettland,5
2014,11,201411,Luleå,Litauen,7
2014,11,201411,Luleå,Malaysia,2
2014,11,201411,Luleå,Nederländerna,101
2014,11,201411,Luleå,Norge,649
2014,11,201411,Luleå,Polen,542
2014,11,201411,Luleå,Portugal,1
2014,11,201411,Luleå,Rumänien,51
2014,11,201411,Luleå,Ryssland,92
2014,11,201411,Luleå,Saudiarabien,1
2014,11,201411,Luleå,Schweiz,26
2014,11,201411,Luleå,Singapore,1
2014,11,201411,Luleå,Slovakien,45
2014,11,201411,Luleå,Spanien,122
2014,11,201411,Luleå,Storbritannien,199
2014,11,201411,Luleå,Sverige,28044
2014,11,201411,Luleå,Sydafrika,1
2014,11,201411,Luleå,Sydkorea,7
2014,11,201411,Luleå,Taiwan,1
2014,11,201411,Luleå,Thailand,1
2014,11,201411,Luleå,Tjeckien,23
2014,11,201411,Luleå,Turkiet,28
2014,11,201411,Luleå,Tyskland,307
2014,11,201411,Luleå,USA,230
2014,11,201411,Luleå,Ungern,3
2014,11,201411,Luleå,Österrike,159
2014,12,201412,Luleå,Antigua och Barbuda,2
2014,12,201412,Luleå,Australien,63
2014,12,201412,Luleå,Belgien,10
2014,12,201412,Luleå,Brasilien,1
2014,12,201412,Luleå,Bulgarien,44
2014,12,201412,Luleå,Danmark,63
2014,12,201412,Luleå,Ecuador,3
2014,12,201412,Luleå,Ej angivet,845
2014,12,201412,Luleå,Eritrea,30
2014,12,201412,Luleå,Estland,24
2014,12,201412,Luleå,Filippinerna,1
2014,12,201412,Luleå,Finland,369
2014,12,201412,Luleå,Frankrike,175
2014,12,201412,Luleå,Georgien,1
2014,12,201412,Luleå,Grekland,3
2014,12,201412,Luleå,Guyana,16
2014,12,201412,Luleå,Indien,51
2014,12,201412,Luleå,Iran,1
2014,12,201412,Luleå,Irland,338
2014,12,201412,Luleå,Island,7
2014,12,201412,Luleå,Israel,2
2014,12,201412,Luleå,Italien,60
2014,12,201412,Luleå,Japan,40
2014,12,201412,Luleå,Kanada,13
2014,12,201412,Luleå,Kazakstan,16
2014,12,201412,Luleå,Kenya,3
2014,12,201412,Luleå,Kina,202
2014,12,201412,Luleå,Kroatien,114
2014,12,201412,Luleå,Lettland,2
2014,12,201412,Luleå,Liechtenstein,3
2014,12,201412,Luleå,Litauen,8
2014,12,201412,Luleå,Luxemburg,10
2014,12,201412,Luleå,Malaysia,4
2014,12,201412,Luleå,Mexiko,3
2014,12,201412,Luleå,Nederländerna,99
2014,12,201412,Luleå,Niger,30
2014,12,201412,Luleå,Nordkorea,3
2014,12,201412,Luleå,Norge,536
2014,12,201412,Luleå,Pakistan,1
2014,12,201412,Luleå,Panama,1
2014,12,201412,Luleå,Polen,441
2014,12,201412,Luleå,Portugal,21
2014,12,201412,Luleå,Rumänien,4
2014,12,201412,Luleå,Ryssland,78
2014,12,201412,Luleå,Saudiarabien,2
2014,12,201412,Luleå,Schweiz,53
2014,12,201412,Luleå,Singapore,24
2014,12,201412,Luleå,Slovakien,1
2014,12,201412,Luleå,Slovenien,1
2014,12,201412,Luleå,Spanien,86
2014,12,201412,Luleå,Storbritannien,314
2014,12,201412,Luleå,Sverige,20133
2014,12,201412,Luleå,Sydafrika,2
2014,12,201412,Luleå,Sydkorea,6
2014,12,201412,Luleå,Taiwan,1
2014,12,201412,Luleå,Thailand,4
2014,12,201412,Luleå,Tjeckien,19
2014,12,201412,Luleå,Turkiet,2
2014,12,201412,Luleå,Tyskland,536
2014,12,201412,Luleå,USA,362
2014,12,201412,Luleå,Ungern,13
2014,12,201412,Luleå,Uruguay,13
2014,12,201412,Luleå,Vietnam,3
2014,12,201412,Luleå,Österrike,58
2015,1,201501,Luleå,Afghanistan,1
2015,1,201501,Luleå,Australien,57
2015,1,201501,Luleå,Belgien,26
2015,1,201501,Luleå,Brasilien,20
2015,1,201501,Luleå,Bulgarien,54
2015,1,201501,Luleå,Colombia,1
2015,1,201501,Luleå,Danmark,61
2015,1,201501,Luleå,Ecuador,5
2015,1,201501,Luleå,Ej angivet,1039
2015,1,201501,Luleå,El Salvador,2
2015,1,201501,Luleå,Estland,7
2015,1,201501,Luleå,Finland,493
2015,1,201501,Luleå,Frankrike,312
2015,1,201501,Luleå,Förenade Arabemiraten,6
2015,1,201501,Luleå,Georgien,1
2015,1,201501,Luleå,Grekland,6
2015,1,201501,Luleå,Guyana,8
2015,1,201501,Luleå,Indien,5
2015,1,201501,Luleå,Irland,461
2015,1,201501,Luleå,Island,5
2015,1,201501,Luleå,Israel,4
2015,1,201501,Luleå,Italien,44
2015,1,201501,Luleå,Japan,26
2015,1,201501,Luleå,Kanada,13
2015,1,201501,Luleå,Kina,24
2015,1,201501,Luleå,Kroatien,58
2015,1,201501,Luleå,Litauen,2
2015,1,201501,Luleå,Makedonien,3
2015,1,201501,Luleå,Nederländerna,88
2015,1,201501,Luleå,Norge,269
2015,1,201501,Luleå,Polen,51
2015,1,201501,Luleå,Portugal,4
2015,1,201501,Luleå,Rumänien,8
2015,1,201501,Luleå,Ryssland,135
2015,1,201501,Luleå,Saudiarabien,6
2015,1,201501,Luleå,Schweiz,52
2015,1,201501,Luleå,Singapore,7
2015,1,201501,Luleå,Slovakien,10
2015,1,201501,Luleå,Spanien,103
2015,1,201501,Luleå,Storbritannien,326
2015,1,201501,Luleå,Sverige,20601
2015,1,201501,Luleå,Swaziland,5
2015,1,201501,Luleå,Syrien,1
2015,1,201501,Luleå,Taiwan,25
2015,1,201501,Luleå,Tjeckien,5
2015,1,201501,Luleå,Tyskland,358
2015,1,201501,Luleå,USA,453
2015,1,201501,Luleå,Ungern,12
2015,1,201501,Luleå,Uruguay,6
2015,1,201501,Luleå,Österrike,122
2015,2,201502,Luleå,Australien,18
2015,2,201502,Luleå,Belgien,51
2015,2,201502,Luleå,Brasilien,14
2015,2,201502,Luleå,Bulgarien,57
2015,2,201502,Luleå,Colombia,1
2015,2,201502,Luleå,Danmark,106
2015,2,201502,Luleå,Dominikanska republiken,2
2015,2,201502,Luleå,Ecuador,2
2015,2,201502,Luleå,Ej angivet,1086
2015,2,201502,Luleå,El Salvador,2
2015,2,201502,Luleå,Estland,9
2015,2,201502,Luleå,Finland,410
2015,2,201502,Luleå,Frankrike,631
2015,2,201502,Luleå,Georgien,10
2015,2,201502,Luleå,Grekland,13
2015,2,201502,Luleå,Indien,1
2015,2,201502,Luleå,Irland,546
2015,2,201502,Luleå,Island,3
2015,2,201502,Luleå,Israel,12
2015,2,201502,Luleå,Italien,76
2015,2,201502,Luleå,Japan,93
2015,2,201502,Luleå,Kanada,5
2015,2,201502,Luleå,Kina,66
2015,2,201502,Luleå,Kroatien,62
2015,2,201502,Luleå,Lettland,1
2015,2,201502,Luleå,Luxemburg,5
2015,2,201502,Luleå,Nederländerna,75
2015,2,201502,Luleå,Norge,469
2015,2,201502,Luleå,Polen,112
2015,2,201502,Luleå,Portugal,2
2015,2,201502,Luleå,Rumänien,10
2015,2,201502,Luleå,Ryssland,19
2015,2,201502,Luleå,Saudiarabien,4
2015,2,201502,Luleå,Schweiz,117
2015,2,201502,Luleå,Serbien,1
2015,2,201502,Luleå,Spanien,136
2015,2,201502,Luleå,Storbritannien,557
2015,2,201502,Luleå,Sverige,28051
2015,2,201502,Luleå,Sydafrika,2
2015,2,201502,Luleå,Sydkorea,5
2015,2,201502,Luleå,Syrien,1
2015,2,201502,Luleå,Taiwan,48
2015,2,201502,Luleå,Thailand,2
2015,2,201502,Luleå,Tjeckien,17
2015,2,201502,Luleå,Tyskland,578
2015,2,201502,Luleå,USA,417
2015,2,201502,Luleå,Ungern,5
2015,2,201502,Luleå,Österrike,47
2015,3,201503,Luleå,Australien,56
2015,3,201503,Luleå,Belgien,36
2015,3,201503,Luleå,Brasilien,7
2015,3,201503,Luleå,Bulgarien,79
2015,3,201503,Luleå,Danmark,74
2015,3,201503,Luleå,Ecuador,3
2015,3,201503,Luleå,Ej angivet,1023
2015,3,201503,Luleå,Estland,18
2015,3,201503,Luleå,Finland,517
2015,3,201503,Luleå,Frankrike,132
2015,3,201503,Luleå,Georgien,22
2015,3,201503,Luleå,Grekland,11
2015,3,201503,Luleå,Indien,11
2015,3,201503,Luleå,Iran,1
2015,3,201503,Luleå,Irland,407
2015,3,201503,Luleå,Island,17
2015,3,201503,Luleå,Israel,14
2015,3,201503,Luleå,Italien,59
2015,3,201503,Luleå,Japan,38
2015,3,201503,Luleå,Kanada,10
2015,3,201503,Luleå,Kina,40
2015,3,201503,Luleå,Kroatien,48
2015,3,201503,Luleå,Lettland,1
2015,3,201503,Luleå,Mexiko,43
2015,3,201503,Luleå,Nederländerna,144
2015,3,201503,Luleå,Norge,449
2015,3,201503,Luleå,Nya Zeeland,1
2015,3,201503,Luleå,Oman,2
2015,3,201503,Luleå,Polen,40
2015,3,201503,Luleå,Portugal,2
2015,3,201503,Luleå,Rumänien,9
2015,3,201503,Luleå,Ryssland,30
2015,3,201503,Luleå,Schweiz,36
2015,3,201503,Luleå,Singapore,7
2015,3,201503,Luleå,Slovakien,8
2015,3,201503,Luleå,Spanien,225
2015,3,201503,Luleå,Storbritannien,454
2015,3,201503,Luleå,Sverige,26111
2015,3,201503,Luleå,Sydafrika,8
2015,3,201503,Luleå,Sydkorea,17
2015,3,201503,Luleå,Syrien,2
2015,3,201503,Luleå,Taiwan,2
2015,3,201503,Luleå,Thailand,2
2015,3,201503,Luleå,Tjeckien,9
2015,3,201503,Luleå,Turkiet,26
2015,3,201503,Luleå,Tyskland,332
2015,3,201503,Luleå,USA,350
2015,3,201503,Luleå,Ungern,31
2015,3,201503,Luleå,Österrike,56
2015,3,201503,Luleå,Övriga Världen,2
2015,4,201504,Luleå,Argentina,1
2015,4,201504,Luleå,Australien,3
2015,4,201504,Luleå,Barbados,5
2015,4,201504,Luleå,Belgien,11
2015,4,201504,Luleå,Bosnien och Hercegovina,9
2015,4,201504,Luleå,Brasilien,1
2015,4,201504,Luleå,Bulgarien,62
2015,4,201504,Luleå,Costa Rica,3
2015,4,201504,Luleå,Danmark,77
2015,4,201504,Luleå,Ecuador,1
2015,4,201504,Luleå,Ej angivet,533
2015,4,201504,Luleå,El Salvador,6
2015,4,201504,Luleå,Estland,15
2015,4,201504,Luleå,Finland,934
2015,4,201504,Luleå,Frankrike,91
2015,4,201504,Luleå,Grekland,32
2015,4,201504,Luleå,Honduras,1
2015,4,201504,Luleå,Indien,3
2015,4,201504,Luleå,Iran,4
2015,4,201504,Luleå,Irland,142
2015,4,201504,Luleå,Island,6
2015,4,201504,Luleå,Italien,28
2015,4,201504,Luleå,Japan,2
2015,4,201504,Luleå,Kanada,16
2015,4,201504,Luleå,Kina,10
2015,4,201504,Luleå,Kroatien,57
2015,4,201504,Luleå,Lettland,9
2015,4,201504,Luleå,Litauen,14
2015,4,201504,Luleå,Luxemburg,24
2015,4,201504,Luleå,Malaysia,4
2015,4,201504,Luleå,Malta,2
2015,4,201504,Luleå,Nederländerna,66
2015,4,201504,Luleå,Nigeria,2
2015,4,201504,Luleå,Norge,823
2015,4,201504,Luleå,Polen,59
2015,4,201504,Luleå,Portugal,4
2015,4,201504,Luleå,Rumänien,12
2015,4,201504,Luleå,Ryssland,177
2015,4,201504,Luleå,Schweiz,15
2015,4,201504,Luleå,Singapore,4
2015,4,201504,Luleå,Spanien,104
2015,4,201504,Luleå,Storbritannien,217
2015,4,201504,Luleå,Sverige,21704
2015,4,201504,Luleå,Sydkorea,18
2015,4,201504,Luleå,Taiwan,1
2015,4,201504,Luleå,Tjeckien,1
2015,4,201504,Luleå,Turkiet,6
2015,4,201504,Luleå,Tyskland,267
2015,4,201504,Luleå,USA,367
2015,4,201504,Luleå,Ukraina,2
2015,4,201504,Luleå,Ungern,6
2015,4,201504,Luleå,Österrike,28
2015,5,201505,Luleå,Australien,12
2015,5,201505,Luleå,Belgien,15
2015,5,201505,Luleå,Brasilien,6
2015,5,201505,Luleå,Bulgarien,64
2015,5,201505,Luleå,Danmark,104
2015,5,201505,Luleå,Egypten,6
2015,5,201505,Luleå,Ej angivet,372
2015,5,201505,Luleå,Estland,1
2015,5,201505,Luleå,Finland,595
2015,5,201505,Luleå,Frankrike,271
2015,5,201505,Luleå,Georgien,3
2015,5,201505,Luleå,Ghana,2
2015,5,201505,Luleå,Grekland,5
2015,5,201505,Luleå,Iran,26
2015,5,201505,Luleå,Irland,73
2015,5,201505,Luleå,Island,14
2015,5,201505,Luleå,Italien,96
2015,5,201505,Luleå,Japan,8
2015,5,201505,Luleå,Kanada,51
2015,5,201505,Luleå,Kina,56
2015,5,201505,Luleå,Kroatien,15
2015,5,201505,Luleå,Laos,2
2015,5,201505,Luleå,Lettland,4
2015,5,201505,Luleå,Litauen,2
2015,5,201505,Luleå,Luxemburg,2
2015,5,201505,Luleå,Malaysia,8
2015,5,201505,Luleå,Nederländerna,196
2015,5,201505,Luleå,Nigeria,1
2015,5,201505,Luleå,Norge,1120
2015,5,201505,Luleå,Oman,2
2015,5,201505,Luleå,Panama,4
2015,5,201505,Luleå,Polen,30
2015,5,201505,Luleå,Portugal,40
2015,5,201505,Luleå,Ryssland,106
2015,5,201505,Luleå,Schweiz,709
2015,5,201505,Luleå,Sierra Leone,18
2015,5,201505,Luleå,Singapore,3
2015,5,201505,Luleå,Slovakien,1
2015,5,201505,Luleå,Slovenien,10
2015,5,201505,Luleå,Spanien,57
2015,5,201505,Luleå,Storbritannien,471
2015,5,201505,Luleå,Sverige,30668
2015,5,201505,Luleå,Sydafrika,8
2015,5,201505,Luleå,Sydkorea,4
2015,5,201505,Luleå,Thailand,6
2015,5,201505,Luleå,Tjeckien,14
2015,5,201505,Luleå,Turkiet,4
2015,5,201505,Luleå,Tyskland,661
2015,5,201505,Luleå,USA,286
2015,5,201505,Luleå,Ukraina,24
2015,5,201505,Luleå,Ungern,158
2015,5,201505,Luleå,Österrike,38
2015,5,201505,Luleå,Övriga Europa,2
2015,5,201505,Luleå,Övriga Världen,18
2015,6,201506,Luleå,Algeriet,2
2015,6,201506,Luleå,Australien,57
2015,6,201506,Luleå,Belgien,138
2015,6,201506,Luleå,Bulgarien,62
2015,6,201506,Luleå,Costa Rica,4
2015,6,201506,Luleå,Danmark,147
2015,6,201506,Luleå,Ecuador,2
2015,6,201506,Luleå,Ej angivet,939
2015,6,201506,Luleå,Estland,21
2015,6,201506,Luleå,Filippinerna,3
2015,6,201506,Luleå,Finland,1563
2015,6,201506,Luleå,Frankrike,405
2015,6,201506,Luleå,Georgien,11
2015,6,201506,Luleå,Grekland,14
2015,6,201506,Luleå,Indien,2
2015,6,201506,Luleå,Irland,78
2015,6,201506,Luleå,Island,7
2015,6,201506,Luleå,Israel,12
2015,6,201506,Luleå,Italien,173
2015,6,201506,Luleå,Japan,18
2015,6,201506,Luleå,Kanada,34
2015,6,201506,Luleå,Kina,30
2015,6,201506,Luleå,Kroatien,4
2015,6,201506,Luleå,Lettland,14
2015,6,201506,Luleå,Litauen,8
2015,6,201506,Luleå,Luxemburg,3
2015,6,201506,Luleå,Mexiko,7
2015,6,201506,Luleå,Nederländerna,589
2015,6,201506,Luleå,Niger,2
2015,6,201506,Luleå,Norge,6972
2015,6,201506,Luleå,Nya Zeeland,5
2015,6,201506,Luleå,Oman,8
2015,6,201506,Luleå,Polen,422
2015,6,201506,Luleå,Portugal,64
2015,6,201506,Luleå,Rumänien,6
2015,6,201506,Luleå,Ryssland,219
2015,6,201506,Luleå,Schweiz,543
2015,6,201506,Luleå,Singapore,9
2015,6,201506,Luleå,Slovakien,4
2015,6,201506,Luleå,Slovenien,2
2015,6,201506,Luleå,Spanien,428
2015,6,201506,Luleå,Storbritannien,753
2015,6,201506,Luleå,Sverige,37302
2015,6,201506,Luleå,Swaziland,6
2015,6,201506,Luleå,Sydafrika,5
2015,6,201506,Luleå,Sydkorea,8
2015,6,201506,Luleå,Syrien,1
2015,6,201506,Luleå,Tjeckien,16
2015,6,201506,Luleå,Tyskland,1926
2015,6,201506,Luleå,USA,445
2015,6,201506,Luleå,Ungern,12
2015,6,201506,Luleå,Vitryssland,8
2015,6,201506,Luleå,Österrike,63
2015,6,201506,Luleå,Övriga Europa,9
2015,6,201506,Luleå,Övriga Världen,11
2015,7,201507,Luleå,Afghanistan,2
2015,7,201507,Luleå,Albanien,2
2015,7,201507,Luleå,Australien,44
2015,7,201507,Luleå,Belgien,52
2015,7,201507,Luleå,Bolivia,2
2015,7,201507,Luleå,Bulgarien,63
2015,7,201507,Luleå,Costa Rica,43
2015,7,201507,Luleå,Danmark,233
2015,7,201507,Luleå,Ecuador,5
2015,7,201507,Luleå,Ej angivet,1234
2015,7,201507,Luleå,Estland,14
2015,7,201507,Luleå,Finland,2521
2015,7,201507,Luleå,Frankrike,202
2015,7,201507,Luleå,Georgien,6
2015,7,201507,Luleå,Indien,8
2015,7,201507,Luleå,Irland,53
2015,7,201507,Luleå,Island,34
2015,7,201507,Luleå,Israel,19
2015,7,201507,Luleå,Italien,218
2015,7,201507,Luleå,Japan,42
2015,7,201507,Luleå,Kanada,20
2015,7,201507,Luleå,Kina,49
2015,7,201507,Luleå,Kroatien,7
2015,7,201507,Luleå,Lettland,28
2015,7,201507,Luleå,Liechtenstein,3
2015,7,201507,Luleå,Litauen,14
2015,7,201507,Luleå,Nauru,2
2015,7,201507,Luleå,Nederländerna,555
2015,7,201507,Luleå,Niger,5
2015,7,201507,Luleå,Norge,39969
2015,7,201507,Luleå,Nya Zeeland,5
2015,7,201507,Luleå,Oman,2
2015,7,201507,Luleå,Polen,171
2015,7,201507,Luleå,Portugal,96
2015,7,201507,Luleå,Rumänien,22
2015,7,201507,Luleå,Ryssland,791
2015,7,201507,Luleå,Schweiz,357
2015,7,201507,Luleå,Singapore,2
2015,7,201507,Luleå,Slovakien,49
2015,7,201507,Luleå,Spanien,348
2015,7,201507,Luleå,Storbritannien,830
2015,7,201507,Luleå,Sverige,47245
2015,7,201507,Luleå,Swaziland,9
2015,7,201507,Luleå,Sydafrika,4
2015,7,201507,Luleå,Sydkorea,13
2015,7,201507,Luleå,Taiwan,9
2015,7,201507,Luleå,Thailand,5
2015,7,201507,Luleå,Tjeckien,22
2015,7,201507,Luleå,Turkiet,2
2015,7,201507,Luleå,Tyskland,2430
2015,7,201507,Luleå,USA,697
2015,7,201507,Luleå,Ukraina,6
2015,7,201507,Luleå,Ungern,47
2015,7,201507,Luleå,Uruguay,3
2015,7,201507,Luleå,Österrike,85
2015,7,201507,Luleå,Övriga Europa,37
2015,7,201507,Luleå,Övriga Världen,3
2015,8,201508,Luleå,Argentina,2
2015,8,201508,Luleå,Australien,56
2015,8,201508,Luleå,Bahamas,2
2015,8,201508,Luleå,Belgien,67
2015,8,201508,Luleå,Brasilien,2
2015,8,201508,Luleå,Bulgarien,63
2015,8,201508,Luleå,Chile,5
2015,8,201508,Luleå,Danmark,148
2015,8,201508,Luleå,Ecuador,1
2015,8,201508,Luleå,Egypten,12
2015,8,201508,Luleå,Ej angivet,968
2015,8,201508,Luleå,Estland,30
2015,8,201508,Luleå,Finland,1469
2015,8,201508,Luleå,Frankrike,184
2015,8,201508,Luleå,Georgien,12
2015,8,201508,Luleå,Grekland,9
2015,8,201508,Luleå,Indien,3
2015,8,201508,Luleå,Indonesien,2
2015,8,201508,Luleå,Iran,5
2015,8,201508,Luleå,Irland,81
2015,8,201508,Luleå,Island,19
2015,8,201508,Luleå,Israel,16
2015,8,201508,Luleå,Italien,403
2015,8,201508,Luleå,Japan,18
2015,8,201508,Luleå,Kanada,8
2015,8,201508,Luleå,Kina,20
2015,8,201508,Luleå,Kroatien,13
2015,8,201508,Luleå,Lettland,10
2015,8,201508,Luleå,Litauen,2
2015,8,201508,Luleå,Luxemburg,3
2015,8,201508,Luleå,Malta,1
2015,8,201508,Luleå,Nederländerna,312
2015,8,201508,Luleå,Norge,6797
2015,8,201508,Luleå,Nya Zeeland,2
2015,8,201508,Luleå,Pakistan,4
2015,8,201508,Luleå,Polen,96
2015,8,201508,Luleå,Portugal,47
2015,8,201508,Luleå,Qatar,2
2015,8,201508,Luleå,Rumänien,2
2015,8,201508,Luleå,Ryssland,130
2015,8,201508,Luleå,Saint Kitts och Nevis,4
2015,8,201508,Luleå,Schweiz,271
2015,8,201508,Luleå,Slovakien,30
2015,8,201508,Luleå,Slovenien,9
2015,8,201508,Luleå,Spanien,321
2015,8,201508,Luleå,Storbritannien,603
2015,8,201508,Luleå,Sverige,37850
2015,8,201508,Luleå,Swaziland,10
2015,8,201508,Luleå,Sydkorea,1
2015,8,201508,Luleå,Thailand,30
2015,8,201508,Luleå,Tjeckien,37
2015,8,201508,Luleå,Turkiet,10
2015,8,201508,Luleå,Tyskland,2052
2015,8,201508,Luleå,USA,596
2015,8,201508,Luleå,Ukraina,2
2015,8,201508,Luleå,Ungern,34
2015,8,201508,Luleå,Vitryssland,4
2015,8,201508,Luleå,Österrike,60
2015,8,201508,Luleå,Övriga Europa,33
2015,8,201508,Luleå,Övriga Världen,6
2015,9,201509,Luleå,Australien,36
2015,9,201509,Luleå,Bahamas,1
2015,9,201509,Luleå,Belgien,7
2015,9,201509,Luleå,Brasilien,4
2015,9,201509,Luleå,Bulgarien,2
2015,9,201509,Luleå,Chile,2
2015,9,201509,Luleå,Danmark,97
2015,9,201509,Luleå,Egypten,4
2015,9,201509,Luleå,Ej angivet,1003
2015,9,201509,Luleå,Estland,12
2015,9,201509,Luleå,Finland,582
2015,9,201509,Luleå,Frankrike,190
2015,9,201509,Luleå,Georgien,11
2015,9,201509,Luleå,Grekland,8
2015,9,201509,Luleå,Indien,4
2015,9,201509,Luleå,Indonesien,8
2015,9,201509,Luleå,Iran,4
2015,9,201509,Luleå,Irland,339
2015,9,201509,Luleå,Island,5
2015,9,201509,Luleå,Israel,4
2015,9,201509,Luleå,Italien,151
2015,9,201509,Luleå,Japan,33
2015,9,201509,Luleå,Kanada,13
2015,9,201509,Luleå,Kenya,8
2015,9,201509,Luleå,Kina,43
2015,9,201509,Luleå,Kroatien,9
2015,9,201509,Luleå,Lettland,2
2015,9,201509,Luleå,Liechtenstein,2
2015,9,201509,Luleå,Litauen,10
2015,9,201509,Luleå,Luxemburg,1
2015,9,201509,Luleå,Nederländerna,49
2015,9,201509,Luleå,Norge,716
2015,9,201509,Luleå,Pakistan,1
2015,9,201509,Luleå,Polen,81
2015,9,201509,Luleå,Portugal,6
2015,9,201509,Luleå,Rumänien,251
2015,9,201509,Luleå,Ryssland,68
2015,9,201509,Luleå,Schweiz,71
2015,9,201509,Luleå,Spanien,212
2015,9,201509,Luleå,Storbritannien,399
2015,9,201509,Luleå,Sverige,27430
2015,9,201509,Luleå,Sydafrika,1
2015,9,201509,Luleå,Syrien,1
2015,9,201509,Luleå,Thailand,35
2015,9,201509,Luleå,Tjeckien,8
2015,9,201509,Luleå,Turkiet,1
2015,9,201509,Luleå,Tyskland,724
2015,9,201509,Luleå,USA,459
2015,9,201509,Luleå,Ukraina,7
2015,9,201509,Luleå,Ungern,28
2015,9,201509,Luleå,Vanuatu,4
2015,9,201509,Luleå,Österrike,38
2015,9,201509,Luleå,Övriga Asien,2
2015,9,201509,Luleå,Övriga Europa,23
2015,9,201509,Luleå,Övriga Världen,6
2015,10,201510,Luleå,Australien,29
2015,10,201510,Luleå,Belgien,13
2015,10,201510,Luleå,Brasilien,11
2015,10,201510,Luleå,Danmark,47
2015,10,201510,Luleå,Egypten,12
2015,10,201510,Luleå,Ej angivet,1009
2015,10,201510,Luleå,El Salvador,2
2015,10,201510,Luleå,Estland,22
2015,10,201510,Luleå,Finland,955
2015,10,201510,Luleå,Frankrike,50
2015,10,201510,Luleå,Förenade Arabemiraten,5
2015,10,201510,Luleå,Grekland,11
2015,10,201510,Luleå,Grenada,2
2015,10,201510,Luleå,Indien,3
2015,10,201510,Luleå,Iran,1
2015,10,201510,Luleå,Irland,969
2015,10,201510,Luleå,Island,1
2015,10,201510,Luleå,Israel,3
2015,10,201510,Luleå,Italien,140
2015,10,201510,Luleå,Japan,16
2015,10,201510,Luleå,Kanada,5
2015,10,201510,Luleå,Kina,104
2015,10,201510,Luleå,Kroatien,24
2015,10,201510,Luleå,Kuwait,3
2015,10,201510,Luleå,Lettland,21
2015,10,201510,Luleå,Libanon,3
2015,10,201510,Luleå,Litauen,18
2015,10,201510,Luleå,Nederländerna,41
2015,10,201510,Luleå,Norge,681
2015,10,201510,Luleå,Polen,560
2015,10,201510,Luleå,Portugal,2
2015,10,201510,Luleå,Rumänien,255
2015,10,201510,Luleå,Ryssland,83
2015,10,201510,Luleå,Schweiz,13
2015,10,201510,Luleå,Spanien,203
2015,10,201510,Luleå,Storbritannien,260
2015,10,201510,Luleå,Sverige,30700
2015,10,201510,Luleå,Sydafrika,2
2015,10,201510,Luleå,Syrien,2
2015,10,201510,Luleå,Taiwan,4
2015,10,201510,Luleå,Thailand,8
2015,10,201510,Luleå,Tjeckien,4
2015,10,201510,Luleå,Tyskland,508
2015,10,201510,Luleå,USA,345
2015,10,201510,Luleå,Ungern,2
2015,10,201510,Luleå,Vietnam,2
2015,10,201510,Luleå,Österrike,16
2015,11,201511,Luleå,Afghanistan,2
2015,11,201511,Luleå,Australien,11
2015,11,201511,Luleå,Belgien,70
2015,11,201511,Luleå,Brasilien,4
2015,11,201511,Luleå,Costa Rica,2
2015,11,201511,Luleå,Danmark,46
2015,11,201511,Luleå,Ecuador,8
2015,11,201511,Luleå,Ej angivet,872
2015,11,201511,Luleå,Estland,12
2015,11,201511,Luleå,Finland,409
2015,11,201511,Luleå,Frankrike,103
2015,11,201511,Luleå,Georgien,18
2015,11,201511,Luleå,Grekland,6
2015,11,201511,Luleå,Indien,6
2015,11,201511,Luleå,Irland,1491
2015,11,201511,Luleå,Island,4
2015,11,201511,Luleå,Italien,272
2015,11,201511,Luleå,Japan,8
2015,11,201511,Luleå,Kanada,2
2015,11,201511,Luleå,Kina,139
2015,11,201511,Luleå,Lettland,1
2015,11,201511,Luleå,Litauen,12
2015,11,201511,Luleå,Malaysia,2
2015,11,201511,Luleå,Nederländerna,49
2015,11,201511,Luleå,Norge,497
2015,11,201511,Luleå,Polen,358
2015,11,201511,Luleå,Portugal,9
2015,11,201511,Luleå,Rumänien,278
2015,11,201511,Luleå,Ryssland,18
2015,11,201511,Luleå,Saint Lucia,1
2015,11,201511,Luleå,Schweiz,60
2015,11,201511,Luleå,Sierra Leone,1
2015,11,201511,Luleå,Singapore,5
2015,11,201511,Luleå,Slovakien,1
2015,11,201511,Luleå,Spanien,143
2015,11,201511,Luleå,Storbritannien,230
2015,11,201511,Luleå,Sverige,29869
2015,11,201511,Luleå,Sydkorea,3
2015,11,201511,Luleå,Tjeckien,31
2015,11,201511,Luleå,Turkiet,1
2015,11,201511,Luleå,Tyskland,444
2015,11,201511,Luleå,USA,967
2015,11,201511,Luleå,Österrike,5
2015,12,201512,Luleå,Armenien,6
2015,12,201512,Luleå,Australien,38
2015,12,201512,Luleå,Belgien,30
2015,12,201512,Luleå,Brasilien,7
2015,12,201512,Luleå,Danmark,48
2015,12,201512,Luleå,Ej angivet,627
2015,12,201512,Luleå,El Salvador,2
2015,12,201512,Luleå,Estland,10
2015,12,201512,Luleå,Finland,550
2015,12,201512,Luleå,Frankrike,217
2015,12,201512,Luleå,Förenade Arabemiraten,5
2015,12,201512,Luleå,Georgien,22
2015,12,201512,Luleå,Ghana,2
2015,12,201512,Luleå,Guinea,2
2015,12,201512,Luleå,Indien,3
2015,12,201512,Luleå,Iran,7
2015,12,201512,Luleå,Irland,766
2015,12,201512,Luleå,Island,5
2015,12,201512,Luleå,Israel,13
2015,12,201512,Luleå,Italien,330
2015,12,201512,Luleå,Japan,51
2015,12,201512,Luleå,Kina,151
2015,12,201512,Luleå,Kroatien,34
2015,12,201512,Luleå,Lettland,1
2015,12,201512,Luleå,Malaysia,6
2015,12,201512,Luleå,Nederländerna,83
2015,12,201512,Luleå,Norge,301
2015,12,201512,Luleå,Polen,134
2015,12,201512,Luleå,Rumänien,253
2015,12,201512,Luleå,Ryssland,37
2015,12,201512,Luleå,Saint Kitts och Nevis,1
2015,12,201512,Luleå,Saint Lucia,1
2015,12,201512,Luleå,Schweiz,32
2015,12,201512,Luleå,Singapore,13
2015,12,201512,Luleå,Spanien,61
2015,12,201512,Luleå,Storbritannien,453
2015,12,201512,Luleå,Sverige,22534
2015,12,201512,Luleå,Sydafrika,4
2015,12,201512,Luleå,Sydkorea,1
2015,12,201512,Luleå,Syrien,2
2015,12,201512,Luleå,Taiwan,2
2015,12,201512,Luleå,Tjeckien,4
2015,12,201512,Luleå,Tyskland,488
2015,12,201512,Luleå,USA,314
2015,12,201512,Luleå,Ukraina,4
2015,12,201512,Luleå,Ungern,155
2015,12,201512,Luleå,Zambia,1
2015,12,201512,Luleå,Österrike,18
2015,12,201512,Luleå,Övriga Världen,82
2016,1,201601,Luleå,Australien,40
2016,1,201601,Luleå,Belgien,22
2016,1,201601,Luleå,Bulgarien,97
2016,1,201601,Luleå,Danmark,73
2016,1,201601,Luleå,Egypten,3
2016,1,201601,Luleå,Ej angivet,585
2016,1,201601,Luleå,El Salvador,2
2016,1,201601,Luleå,Estland,22
2016,1,201601,Luleå,Finland,444
2016,1,201601,Luleå,Frankrike,451
2016,1,201601,Luleå,Georgien,17
2016,1,201601,Luleå,Grekland,3
2016,1,201601,Luleå,Indien,8
2016,1,201601,Luleå,Irland,374
2016,1,201601,Luleå,Island,1
2016,1,201601,Luleå,Israel,8
2016,1,201601,Luleå,Italien,733
2016,1,201601,Luleå,Japan,11
2016,1,201601,Luleå,Kanada,11
2016,1,201601,Luleå,Kina,72
2016,1,201601,Luleå,Kroatien,15
2016,1,201601,Luleå,Lettland,1
2016,1,201601,Luleå,Litauen,2
2016,1,201601,Luleå,Luxemburg,1
2016,1,201601,Luleå,Malaysia,1
2016,1,201601,Luleå,Malta,6
2016,1,201601,Luleå,Mexiko,1
2016,1,201601,Luleå,Nederländerna,271
2016,1,201601,Luleå,Niger,1
2016,1,201601,Luleå,Nigeria,1
2016,1,201601,Luleå,Norge,284
2016,1,201601,Luleå,Polen,107
2016,1,201601,Luleå,Portugal,1
2016,1,201601,Luleå,Rumänien,197
2016,1,201601,Luleå,Ryssland,160
2016,1,201601,Luleå,Saudiarabien,1
2016,1,201601,Luleå,Schweiz,35
2016,1,201601,Luleå,Singapore,11
2016,1,201601,Luleå,Slovakien,2
2016,1,201601,Luleå,Spanien,93
2016,1,201601,Luleå,Storbritannien,273
2016,1,201601,Luleå,Sverige,20545
2016,1,201601,Luleå,Sydafrika,1
2016,1,201601,Luleå,Sydkorea,6
2016,1,201601,Luleå,Syrien,3
2016,1,201601,Luleå,Taiwan,1
2016,1,201601,Luleå,Tjeckien,16
2016,1,201601,Luleå,Turkiet,1
2016,1,201601,Luleå,Tyskland,604
2016,1,201601,Luleå,USA,372
2016,1,201601,Luleå,Ukraina,2
2016,1,201601,Luleå,Ungern,171
2016,1,201601,Luleå,Zambia,1
2016,1,201601,Luleå,Österrike,26
2016,1,201601,Luleå,Övriga Asien,1
2016,1,201601,Luleå,Övriga Europa,3
2016,1,201601,Luleå,Övriga Världen,5
2016,2,201602,Luleå,Albanien,1
2016,2,201602,Luleå,Angola,1
2016,2,201602,Luleå,Argentina,2
2016,2,201602,Luleå,Australien,53
2016,2,201602,Luleå,Belgien,51
2016,2,201602,Luleå,Brasilien,3
2016,2,201602,Luleå,Bulgarien,121
2016,2,201602,Luleå,Cypern,1
2016,2,201602,Luleå,Danmark,113
2016,2,201602,Luleå,Ej angivet,544
2016,2,201602,Luleå,Elfenbenskusten,2
2016,2,201602,Luleå,Estland,1
2016,2,201602,Luleå,Finland,421
2016,2,201602,Luleå,Frankrike,166
2016,2,201602,Luleå,Förenade Arabemiraten,4
2016,2,201602,Luleå,Georgien,6
2016,2,201602,Luleå,Grekland,3
2016,2,201602,Luleå,Guinea,7
2016,2,201602,Luleå,Indien,4
2016,2,201602,Luleå,Iran,19
2016,2,201602,Luleå,Irland,96
2016,2,201602,Luleå,Island,20
2016,2,201602,Luleå,Israel,4
2016,2,201602,Luleå,Italien,755
2016,2,201602,Luleå,Japan,54
2016,2,201602,Luleå,Kanada,3
2016,2,201602,Luleå,Kazakstan,4
2016,2,201602,Luleå,Kina,146
2016,2,201602,Luleå,Kroatien,60
2016,2,201602,Luleå,Lettland,1
2016,2,201602,Luleå,Litauen,16
2016,2,201602,Luleå,Luxemburg,7
2016,2,201602,Luleå,Malaysia,4
2016,2,201602,Luleå,Mexiko,6
2016,2,201602,Luleå,Nederländerna,89
2016,2,201602,Luleå,Niger,2
2016,2,201602,Luleå,Norge,469
2016,2,201602,Luleå,Polen,146
2016,2,201602,Luleå,Rumänien,5
2016,2,201602,Luleå,Ryssland,24
2016,2,201602,Luleå,Schweiz,59
2016,2,201602,Luleå,Serbien,1
2016,2,201602,Luleå,Slovakien,8
2016,2,201602,Luleå,Spanien,48
2016,2,201602,Luleå,Storbritannien,587
2016,2,201602,Luleå,Sverige,25900
2016,2,201602,Luleå,Swaziland,12
2016,2,201602,Luleå,Sydkorea,2
2016,2,201602,Luleå,Taiwan,3
2016,2,201602,Luleå,Tjeckien,8
2016,2,201602,Luleå,Turkiet,5
2016,2,201602,Luleå,Tyskland,902
2016,2,201602,Luleå,USA,459
2016,2,201602,Luleå,Ukraina,10
2016,2,201602,Luleå,Ungern,14
2016,2,201602,Luleå,Zambia,1
2016,2,201602,Luleå,Österrike,9
2016,2,201602,Luleå,Övriga Asien,7
2016,2,201602,Luleå,Övriga Världen,18
2016,3,201603,Luleå,Argentina,1
2016,3,201603,Luleå,Australien,14
2016,3,201603,Luleå,Belgien,46
2016,3,201603,Luleå,Brasilien,17
2016,3,201603,Luleå,Bulgarien,127
2016,3,201603,Luleå,Danmark,170
2016,3,201603,Luleå,Ej angivet,705
2016,3,201603,Luleå,Ekvatorialguinea,2
2016,3,201603,Luleå,Estland,18
2016,3,201603,Luleå,Finland,405
2016,3,201603,Luleå,Frankrike,153
2016,3,201603,Luleå,Förenade Arabemiraten,3
2016,3,201603,Luleå,Georgien,8
2016,3,201603,Luleå,Guinea,4
2016,3,201603,Luleå,Indien,3
2016,3,201603,Luleå,Irland,41
2016,3,201603,Luleå,Island,15
2016,3,201603,Luleå,Italien,405
2016,3,201603,Luleå,Japan,19
2016,3,201603,Luleå,Kanada,5
2016,3,201603,Luleå,Kina,52
2016,3,201603,Luleå,Kroatien,25
2016,3,201603,Luleå,Liechtenstein,3
2016,3,201603,Luleå,Litauen,16
2016,3,201603,Luleå,Marocko,1
2016,3,201603,Luleå,Nederländerna,114
2016,3,201603,Luleå,Norge,591
2016,3,201603,Luleå,Polen,17
2016,3,201603,Luleå,Portugal,4
2016,3,201603,Luleå,Rumänien,4
2016,3,201603,Luleå,Ryssland,63
2016,3,201603,Luleå,Saudiarabien,1
2016,3,201603,Luleå,Schweiz,31
2016,3,201603,Luleå,Singapore,8
2016,3,201603,Luleå,Slovakien,5
2016,3,201603,Luleå,Spanien,132
2016,3,201603,Luleå,Sri Lanka,2
2016,3,201603,Luleå,Storbritannien,539
2016,3,201603,Luleå,Sverige,23995
2016,3,201603,Luleå,Sydkorea,6
2016,3,201603,Luleå,Taiwan,21
2016,3,201603,Luleå,Thailand,2
2016,3,201603,Luleå,Tjeckien,5
2016,3,201603,Luleå,Tyskland,682
2016,3,201603,Luleå,USA,435
2016,3,201603,Luleå,Ungern,5
2016,3,201603,Luleå,Zambia,1
2016,3,201603,Luleå,Österrike,15
2016,3,201603,Luleå,Övriga Asien,7
2016,3,201603,Luleå,Övriga Europa,1
2016,3,201603,Luleå,Övriga Världen,7
2016,4,201604,Luleå,Argentina,4
2016,4,201604,Luleå,Australien,15
2016,4,201604,Luleå,Belgien,31
2016,4,201604,Luleå,Brasilien,18
2016,4,201604,Luleå,Bulgarien,122
2016,4,201604,Luleå,Danmark,51
2016,4,201604,Luleå,Egypten,5
2016,4,201604,Luleå,Ej angivet,445
2016,4,201604,Luleå,Estland,8
2016,4,201604,Luleå,Finland,815
2016,4,201604,Luleå,Frankrike,149
2016,4,201604,Luleå,Förenade Arabemiraten,1
2016,4,201604,Luleå,Indien,1
2016,4,201604,Luleå,Iran,6
2016,4,201604,Luleå,Irland,18
2016,4,201604,Luleå,Island,1
2016,4,201604,Luleå,Israel,1
2016,4,201604,Luleå,Italien,272
2016,4,201604,Luleå,Japan,7
2016,4,201604,Luleå,Kanada,13
2016,4,201604,Luleå,Kina,11
2016,4,201604,Luleå,Kroatien,24
2016,4,201604,Luleå,Lettland,4
2016,4,201604,Luleå,Litauen,2
2016,4,201604,Luleå,Malaysia,2
2016,4,201604,Luleå,Malta,7
2016,4,201604,Luleå,Nederländerna,140
2016,4,201604,Luleå,Niger,1
2016,4,201604,Luleå,Norge,680
2016,4,201604,Luleå,Nya Zeeland,1
2016,4,201604,Luleå,Polen,46
2016,4,201604,Luleå,Portugal,3
2016,4,201604,Luleå,Rumänien,2
2016,4,201604,Luleå,Ryssland,75
2016,4,201604,Luleå,Schweiz,19
2016,4,201604,Luleå,Slovakien,1
2016,4,201604,Luleå,Spanien,76
2016,4,201604,Luleå,Storbritannien,152
2016,4,201604,Luleå,Sverige,23030
2016,4,201604,Luleå,Tjeckien,8
2016,4,201604,Luleå,Tyskland,330
2016,4,201604,Luleå,USA,391
2016,4,201604,Luleå,Ungern,2
2016,4,201604,Luleå,Österrike,8
2016,4,201604,Luleå,Övriga Asien,8
2016,4,201604,Luleå,Övriga Världen,2
2016,5,201605,Luleå,Argentina,2
2016,5,201605,Luleå,Australien,39
2016,5,201605,Luleå,Belgien,22
2016,5,201605,Luleå,Brasilien,9
2016,5,201605,Luleå,Bulgarien,133
2016,5,201605,Luleå,Danmark,77
2016,5,201605,Luleå,Egypten,6
2016,5,201605,Luleå,Ej angivet,223
2016,5,201605,Luleå,Estland,5
2016,5,201605,Luleå,Finland,501
2016,5,201605,Luleå,Frankrike,61
2016,5,201605,Luleå,Georgien,7
2016,5,201605,Luleå,Grekland,4
2016,5,201605,Luleå,Indien,3
2016,5,201605,Luleå,Indonesien,2
2016,5,201605,Luleå,Iran,4
2016,5,201605,Luleå,Irland,20
2016,5,201605,Luleå,Italien,140
2016,5,201605,Luleå,Japan,24
2016,5,201605,Luleå,Kanada,28
2016,5,201605,Luleå,Kenya,1
2016,5,201605,Luleå,Kina,15
2016,5,201605,Luleå,Kroatien,1
2016,5,201605,Luleå,Litauen,14
2016,5,201605,Luleå,Malta,6
2016,5,201605,Luleå,Nederländerna,262
2016,5,201605,Luleå,Norge,1148
2016,5,201605,Luleå,Nya Zeeland,2
2016,5,201605,Luleå,Polen,42
2016,5,201605,Luleå,Ryssland,30
2016,5,201605,Luleå,Saudiarabien,3
2016,5,201605,Luleå,Schweiz,37
2016,5,201605,Luleå,Serbien,7
2016,5,201605,Luleå,Slovakien,2
2016,5,201605,Luleå,Slovenien,4
2016,5,201605,Luleå,Spanien,61
2016,5,201605,Luleå,Storbritannien,200
2016,5,201605,Luleå,Sverige,24863
2016,5,201605,Luleå,Sydafrika,13
2016,5,201605,Luleå,Tjeckien,5
2016,5,201605,Luleå,Tyskland,329
2016,5,201605,Luleå,USA,132
2016,5,201605,Luleå,Österrike,25
2016,5,201605,Luleå,Övriga Europa,1
2016,6,201606,Luleå,Argentina,3
2016,6,201606,Luleå,Australien,234
2016,6,201606,Luleå,Bahamas,1
2016,6,201606,Luleå,Barbados,1
2016,6,201606,Luleå,Belgien,222
2016,6,201606,Luleå,Brasilien,26
2016,6,201606,Luleå,Bulgarien,124
2016,6,201606,Luleå,Danmark,297
2016,6,201606,Luleå,Ej angivet,544
2016,6,201606,Luleå,Estland,26
2016,6,201606,Luleå,Finland,1205
2016,6,201606,Luleå,Frankrike,167
2016,6,201606,Luleå,Georgien,8
2016,6,201606,Luleå,Grekland,11
2016,6,201606,Luleå,Guinea,1
2016,6,201606,Luleå,Indien,36
2016,6,201606,Luleå,Iran,8
2016,6,201606,Luleå,Irland,97
2016,6,201606,Luleå,Island,19
2016,6,201606,Luleå,Israel,16
2016,6,201606,Luleå,Italien,230
2016,6,201606,Luleå,Japan,88
2016,6,201606,Luleå,Kanada,54
2016,6,201606,Luleå,Kazakstan,4
2016,6,201606,Luleå,Kina,83
2016,6,201606,Luleå,Kongo-Brazzaville,2
2016,6,201606,Luleå,Kroatien,17
2016,6,201606,Luleå,Lettland,2
2016,6,201606,Luleå,Liechtenstein,4
2016,6,201606,Luleå,Litauen,58
2016,6,201606,Luleå,Luxemburg,12
2016,6,201606,Luleå,Malta,5
2016,6,201606,Luleå,Myanmar,23
2016,6,201606,Luleå,Nederländerna,593
2016,6,201606,Luleå,Nicaragua,2
2016,6,201606,Luleå,Norge,4252
2016,6,201606,Luleå,Nya Zeeland,10
2016,6,201606,Luleå,Polen,60
2016,6,201606,Luleå,Portugal,5
2016,6,201606,Luleå,Qatar,14
2016,6,201606,Luleå,Rumänien,41
2016,6,201606,Luleå,Ryssland,18
2016,6,201606,Luleå,Saudiarabien,13
2016,6,201606,Luleå,Schweiz,304
2016,6,201606,Luleå,Sierra Leone,8
2016,6,201606,Luleå,Slovenien,25
2016,6,201606,Luleå,Spanien,118
2016,6,201606,Luleå,Storbritannien,308
2016,6,201606,Luleå,Surinam,22
2016,6,201606,Luleå,Sverige,27001
2016,6,201606,Luleå,Swaziland,41
2016,6,201606,Luleå,Sydafrika,13
2016,6,201606,Luleå,Sydkorea,2
2016,6,201606,Luleå,São Tomé och Príncipe,4
2016,6,201606,Luleå,Tadzjikistan,12
2016,6,201606,Luleå,Taiwan,6
2016,6,201606,Luleå,Thailand,3
2016,6,201606,Luleå,Tjeckien,39
2016,6,201606,Luleå,Turkiet,1
2016,6,201606,Luleå,Tyskland,1242
2016,6,201606,Luleå,USA,168
2016,6,201606,Luleå,Ungern,66
2016,6,201606,Luleå,Österrike,144
2016,6,201606,Luleå,Övriga Europa,4
2016,6,201606,Luleå,Övriga Världen,4
2016,7,201607,Luleå,Albanien,2
2016,7,201607,Luleå,Argentina,9
2016,7,201607,Luleå,Armenien,8
2016,7,201607,Luleå,Australien,162
2016,7,201607,Luleå,Bahamas,1
2016,7,201607,Luleå,Belgien,123
2016,7,201607,Luleå,Brasilien,4
2016,7,201607,Luleå,Bulgarien,128
2016,7,201607,Luleå,Cypern,50
2016,7,201607,Luleå,Danmark,391
2016,7,201607,Luleå,Ej angivet,365
2016,7,201607,Luleå,El Salvador,3
2016,7,201607,Luleå,Estland,11
2016,7,201607,Luleå,Finland,3478
2016,7,201607,Luleå,Frankrike,249
2016,7,201607,Luleå,Förenade Arabemiraten,24
2016,7,201607,Luleå,Gambia,2
2016,7,201607,Luleå,Georgien,6
2016,7,201607,Luleå,Grekland,4
2016,7,201607,Luleå,Guinea,6
2016,7,201607,Luleå,Indien,10
2016,7,201607,Luleå,Irland,6
2016,7,201607,Luleå,Island,28
2016,7,201607,Luleå,Italien,230
2016,7,201607,Luleå,Japan,4
2016,7,201607,Luleå,Kanada,8
2016,7,201607,Luleå,Kenya,2
2016,7,201607,Luleå,Kina,9
2016,7,201607,Luleå,Kongo-Brazzaville,4
2016,7,201607,Luleå,Kroatien,2
2016,7,201607,Luleå,Lettland,8
2016,7,201607,Luleå,Litauen,14
2016,7,201607,Luleå,Luxemburg,1
2016,7,201607,Luleå,Nederländerna,219
2016,7,201607,Luleå,Niger,2
2016,7,201607,Luleå,Norge,42613
2016,7,201607,Luleå,Nya Zeeland,3
2016,7,201607,Luleå,Panama,2
2016,7,201607,Luleå,Peru,4
2016,7,201607,Luleå,Polen,114
2016,7,201607,Luleå,Portugal,8
2016,7,201607,Luleå,Rumänien,26
2016,7,201607,Luleå,Ryssland,845
2016,7,201607,Luleå,Schweiz,409
2016,7,201607,Luleå,Slovakien,6
2016,7,201607,Luleå,Slovenien,2
2016,7,201607,Luleå,Spanien,129
2016,7,201607,Luleå,Storbritannien,274
2016,7,201607,Luleå,Sverige,39130
2016,7,201607,Luleå,Swaziland,1
2016,7,201607,Luleå,Tadzjikistan,2
2016,7,201607,Luleå,Taiwan,1
2016,7,201607,Luleå,Thailand,2
2016,7,201607,Luleå,Tjeckien,71
2016,7,201607,Luleå,Tyskland,1595
2016,7,201607,Luleå,USA,121
2016,7,201607,Luleå,Ungern,22
2016,7,201607,Luleå,Österrike,116
2016,7,201607,Luleå,Östtimor,1
2016,7,201607,Luleå,Övriga Europa,2
2016,7,201607,Luleå,Övriga Världen,10
2016,8,201608,Luleå,Argentina,6
2016,8,201608,Luleå,Australien,33
2016,8,201608,Luleå,Bahamas,5
2016,8,201608,Luleå,Belgien,124
2016,8,201608,Luleå,Brasilien,2
2016,8,201608,Luleå,Bulgarien,129
2016,8,201608,Luleå,Danmark,188
2016,8,201608,Luleå,Egypten,8
2016,8,201608,Luleå,Ej angivet,430
2016,8,201608,Luleå,El Salvador,3
2016,8,201608,Luleå,Estland,24
2016,8,201608,Luleå,Finland,1344
2016,8,201608,Luleå,Frankrike,249
2016,8,201608,Luleå,Förenade Arabemiraten,2
2016,8,201608,Luleå,Georgien,23
2016,8,201608,Luleå,Guatemala,8
2016,8,201608,Luleå,Indien,2
2016,8,201608,Luleå,Indonesien,2
2016,8,201608,Luleå,Irland,10
2016,8,201608,Luleå,Island,6
2016,8,201608,Luleå,Israel,7
2016,8,201608,Luleå,Italien,303
2016,8,201608,Luleå,Japan,31
2016,8,201608,Luleå,Kanada,9
2016,8,201608,Luleå,Kina,9
2016,8,201608,Luleå,Kiribati,2
2016,8,201608,Luleå,Kroatien,11
2016,8,201608,Luleå,Lettland,10
2016,8,201608,Luleå,Litauen,2
2016,8,201608,Luleå,Luxemburg,10
2016,8,201608,Luleå,Mexiko,3
2016,8,201608,Luleå,Monaco,8
2016,8,201608,Luleå,Nederländerna,245
2016,8,201608,Luleå,Niger,1
2016,8,201608,Luleå,Norge,7753
2016,8,201608,Luleå,Polen,97
2016,8,201608,Luleå,Portugal,6
2016,8,201608,Luleå,Rumänien,2
2016,8,201608,Luleå,Ryssland,622
2016,8,201608,Luleå,Schweiz,253
2016,8,201608,Luleå,Seychellerna,3
2016,8,201608,Luleå,Singapore,1
2016,8,201608,Luleå,Slovakien,3
2016,8,201608,Luleå,Spanien,169
2016,8,201608,Luleå,Storbritannien,263
2016,8,201608,Luleå,Sverige,32492
2016,8,201608,Luleå,Sydafrika,14
2016,8,201608,Luleå,Sydkorea,22
2016,8,201608,Luleå,Taiwan,1
2016,8,201608,Luleå,Thailand,3
2016,8,201608,Luleå,Tjeckien,34
2016,8,201608,Luleå,Turkiet,6
2016,8,201608,Luleå,Tyskland,1430
2016,8,201608,Luleå,USA,172
2016,8,201608,Luleå,Ungern,33
2016,8,201608,Luleå,Österrike,132
2016,8,201608,Luleå,Övriga Europa,1
2016,8,201608,Luleå,Övriga Världen,10
2016,9,201609,Luleå,Australien,32
2016,9,201609,Luleå,Belgien,52
2016,9,201609,Luleå,Brasilien,4
2016,9,201609,Luleå,Chile,1
2016,9,201609,Luleå,Danmark,88
2016,9,201609,Luleå,Ej angivet,281
2016,9,201609,Luleå,Estland,10
2016,9,201609,Luleå,Finland,752
2016,9,201609,Luleå,Frankrike,167
2016,9,201609,Luleå,Georgien,3
2016,9,201609,Luleå,Grekland,2
2016,9,201609,Luleå,Iran,3
2016,9,201609,Luleå,Irland,79
2016,9,201609,Luleå,Israel,2
2016,9,201609,Luleå,Italien,109
2016,9,201609,Luleå,Japan,68
2016,9,201609,Luleå,Kanada,22
2016,9,201609,Luleå,Kenya,3
2016,9,201609,Luleå,Kina,27
2016,9,201609,Luleå,Kroatien,14
2016,9,201609,Luleå,Litauen,29
2016,9,201609,Luleå,Luxemburg,1
2016,9,201609,Luleå,Nederländerna,96
2016,9,201609,Luleå,Niger,1
2016,9,201609,Luleå,Norge,756
2016,9,201609,Luleå,Nya Zeeland,8
2016,9,201609,Luleå,Polen,315
2016,9,201609,Luleå,Portugal,5
2016,9,201609,Luleå,Rumänien,5
2016,9,201609,Luleå,Ryssland,40
2016,9,201609,Luleå,Schweiz,72
2016,9,201609,Luleå,Slovakien,8
2016,9,201609,Luleå,Spanien,122
2016,9,201609,Luleå,Storbritannien,495
2016,9,201609,Luleå,Sverige,26657
2016,9,201609,Luleå,Swaziland,1
2016,9,201609,Luleå,Taiwan,2
2016,9,201609,Luleå,Tjeckien,14
2016,9,201609,Luleå,Turkiet,1
2016,9,201609,Luleå,Tyskland,627
2016,9,201609,Luleå,USA,295
2016,9,201609,Luleå,Ukraina,21
2016,9,201609,Luleå,Zimbabwe,1
2016,9,201609,Luleå,Österrike,80
2016,9,201609,Luleå,Övriga Världen,14
2016,10,201610,Luleå,Andorra,1
2016,10,201610,Luleå,Australien,10
2016,10,201610,Luleå,Belgien,51
2016,10,201610,Luleå,Brasilien,28
2016,10,201610,Luleå,Danmark,62
2016,10,201610,Luleå,Djibouti,2
2016,10,201610,Luleå,Ecuador,1
2016,10,201610,Luleå,Egypten,7
2016,10,201610,Luleå,Ej angivet,212
2016,10,201610,Luleå,El Salvador,8
2016,10,201610,Luleå,Eritrea,2
2016,10,201610,Luleå,Estland,35
2016,10,201610,Luleå,Finland,993
2016,10,201610,Luleå,Frankrike,245
2016,10,201610,Luleå,Georgien,1
2016,10,201610,Luleå,Grekland,6
2016,10,201610,Luleå,Guinea,1
2016,10,201610,Luleå,Indien,19
2016,10,201610,Luleå,Iran,2
2016,10,201610,Luleå,Irland,13
2016,10,201610,Luleå,Island,4
2016,10,201610,Luleå,Italien,40
2016,10,201610,Luleå,Kanada,14
2016,10,201610,Luleå,Kina,11
2016,10,201610,Luleå,Lettland,143
2016,10,201610,Luleå,Litauen,9
2016,10,201610,Luleå,Malaysia,3
2016,10,201610,Luleå,Mexiko,15
2016,10,201610,Luleå,Nederländerna,40
2016,10,201610,Luleå,Niger,5
2016,10,201610,Luleå,Nigeria,2
2016,10,201610,Luleå,Norge,634
2016,10,201610,Luleå,Nya Zeeland,2
2016,10,201610,Luleå,Polen,157
2016,10,201610,Luleå,Portugal,2
2016,10,201610,Luleå,Rumänien,3
2016,10,201610,Luleå,Ryssland,45
2016,10,201610,Luleå,Schweiz,20
2016,10,201610,Luleå,Singapore,1
2016,10,201610,Luleå,Slovakien,2
2016,10,201610,Luleå,Slovenien,24
2016,10,201610,Luleå,Spanien,140
2016,10,201610,Luleå,Storbritannien,343
2016,10,201610,Luleå,Sverige,27830
2016,10,201610,Luleå,Swaziland,2
2016,10,201610,Luleå,Sydafrika,9
2016,10,201610,Luleå,Sydkorea,7
2016,10,201610,Luleå,Syrien,1
2016,10,201610,Luleå,Taiwan,1
2016,10,201610,Luleå,Tjeckien,22
2016,10,201610,Luleå,Turkiet,2
2016,10,201610,Luleå,Tyskland,341
2016,10,201610,Luleå,USA,129
2016,10,201610,Luleå,Ukraina,6
2016,10,201610,Luleå,Ungern,2
2016,10,201610,Luleå,Österrike,17
2016,10,201610,Luleå,Övriga Världen,6
2016,11,201611,Luleå,Andorra,2
2016,11,201611,Luleå,Australien,12
2016,11,201611,Luleå,Belgien,106
2016,11,201611,Luleå,Brasilien,3
2016,11,201611,Luleå,Bulgarien,3
2016,11,201611,Luleå,Danmark,74
2016,11,201611,Luleå,Dominica,1
2016,11,201611,Luleå,Egypten,7
2016,11,201611,Luleå,Ej angivet,260
2016,11,201611,Luleå,Estland,22
2016,11,201611,Luleå,Finland,386
2016,11,201611,Luleå,Frankrike,84
2016,11,201611,Luleå,Förenade Arabemiraten,6
2016,11,201611,Luleå,Georgien,2
2016,11,201611,Luleå,Indien,3
2016,11,201611,Luleå,Irland,25
2016,11,201611,Luleå,Island,9
2016,11,201611,Luleå,Italien,115
2016,11,201611,Luleå,Japan,19
2016,11,201611,Luleå,Kamerun,1
2016,11,201611,Luleå,Kanada,6
2016,11,201611,Luleå,Kina,25
2016,11,201611,Luleå,Kroatien,4
2016,11,201611,Luleå,Lettland,300
2016,11,201611,Luleå,Litauen,3
2016,11,201611,Luleå,Makedonien,2
2016,11,201611,Luleå,Malaysia,2
2016,11,201611,Luleå,Mexiko,1
2016,11,201611,Luleå,Nederländerna,92
2016,11,201611,Luleå,Nordkorea,1
2016,11,201611,Luleå,Norge,580
2016,11,201611,Luleå,Polen,68
2016,11,201611,Luleå,Rumänien,10
2016,11,201611,Luleå,Ryssland,48
2016,11,201611,Luleå,Schweiz,50
2016,11,201611,Luleå,Singapore,6
2016,11,201611,Luleå,Slovakien,2
2016,11,201611,Luleå,Spanien,153
2016,11,201611,Luleå,Storbritannien,154
2016,11,201611,Luleå,Sverige,26064
2016,11,201611,Luleå,Sydkorea,2
2016,11,201611,Luleå,Tjeckien,32
2016,11,201611,Luleå,Turkiet,1
2016,11,201611,Luleå,Tyskland,272
2016,11,201611,Luleå,USA,145
2016,11,201611,Luleå,Österrike,22
2016,11,201611,Luleå,Övriga Världen,36
2016,12,201612,Luleå,Argentina,4
2016,12,201612,Luleå,Australien,34
2016,12,201612,Luleå,Belgien,40
2016,12,201612,Luleå,Brasilien,2
2016,12,201612,Luleå,Danmark,67
2016,12,201612,Luleå,Ej angivet,191
2016,12,201612,Luleå,Estland,22
2016,12,201612,Luleå,Finland,399
2016,12,201612,Luleå,Frankrike,327
2016,12,201612,Luleå,Förenade Arabemiraten,5
2016,12,201612,Luleå,Georgien,4
2016,12,201612,Luleå,Grekland,6
2016,12,201612,Luleå,Indien,2
2016,12,201612,Luleå,Irland,50
2016,12,201612,Luleå,Island,1
2016,12,201612,Luleå,Italien,62
2016,12,201612,Luleå,Japan,26
2016,12,201612,Luleå,Kanada,7
2016,12,201612,Luleå,Kina,108
2016,12,201612,Luleå,Kroatien,6
2016,12,201612,Luleå,Litauen,7
2016,12,201612,Luleå,Luxemburg,2
2016,12,201612,Luleå,Malaysia,3
2016,12,201612,Luleå,Mexiko,12
2016,12,201612,Luleå,Namibia,4
2016,12,201612,Luleå,Nederländerna,57
2016,12,201612,Luleå,Norge,411
2016,12,201612,Luleå,Nya Zeeland,2
2016,12,201612,Luleå,Panama,3
2016,12,201612,Luleå,Polen,8
2016,12,201612,Luleå,Portugal,1
2016,12,201612,Luleå,Rumänien,10
2016,12,201612,Luleå,Ryssland,7
2016,12,201612,Luleå,Saudiarabien,4
2016,12,201612,Luleå,Schweiz,55
2016,12,201612,Luleå,Seychellerna,2
2016,12,201612,Luleå,Singapore,20
2016,12,201612,Luleå,Slovenien,6
2016,12,201612,Luleå,Spanien,99
2016,12,201612,Luleå,Storbritannien,290
2016,12,201612,Luleå,Sverige,19079
2016,12,201612,Luleå,Sydkorea,5
2016,12,201612,Luleå,Syrien,4
2016,12,201612,Luleå,Taiwan,6
2016,12,201612,Luleå,Thailand,3
2016,12,201612,Luleå,Tjeckien,5
2016,12,201612,Luleå,Turkiet,8
2016,12,201612,Luleå,Tyskland,331
2016,12,201612,Luleå,USA,356
2016,12,201612,Luleå,Ukraina,4
2016,12,201612,Luleå,Österrike,11
2016,12,201612,Luleå,Övriga Amerika,2
2016,12,201612,Luleå,Övriga Asien,2
2016,12,201612,Luleå,Övriga Världen,58
2017,1,201701,Luleå,Argentina,1
2017,1,201701,Luleå,Australien,83
2017,1,201701,Luleå,Belgien,33
2017,1,201701,Luleå,Brasilien,9
2017,1,201701,Luleå,Danmark,59
2017,1,201701,Luleå,Ecuador,3
2017,1,201701,Luleå,Ej angivet,239
2017,1,201701,Luleå,El Salvador,2
2017,1,201701,Luleå,Estland,2
2017,1,201701,Luleå,Finland,370
2017,1,201701,Luleå,Frankrike,139
2017,1,201701,Luleå,Förenade Arabemiraten,1
2017,1,201701,Luleå,Georgien,13
2017,1,201701,Luleå,Guinea,2
2017,1,201701,Luleå,Indien,5
2017,1,201701,Luleå,Irland,3
2017,1,201701,Luleå,Island,1
2017,1,201701,Luleå,Israel,1
2017,1,201701,Luleå,Italien,155
2017,1,201701,Luleå,Japan,14
2017,1,201701,Luleå,Kanada,6
2017,1,201701,Luleå,Kina,115
2017,1,201701,Luleå,Kroatien,4
2017,1,201701,Luleå,Lettland,55
2017,1,201701,Luleå,Litauen,1
2017,1,201701,Luleå,Mexiko,3
2017,1,201701,Luleå,Nederländerna,101
2017,1,201701,Luleå,Norge,271
2017,1,201701,Luleå,Nya Zeeland,2
2017,1,201701,Luleå,Polen,68
2017,1,201701,Luleå,Portugal,8
2017,1,201701,Luleå,Rumänien,8
2017,1,201701,Luleå,Ryssland,29
2017,1,201701,Luleå,Schweiz,35
2017,1,201701,Luleå,Sierra Leone,2
2017,1,201701,Luleå,Singapore,10
2017,1,201701,Luleå,Slovakien,8
2017,1,201701,Luleå,Spanien,59
2017,1,201701,Luleå,Storbritannien,313
2017,1,201701,Luleå,Sverige,19866
2017,1,201701,Luleå,Sydkorea,3
2017,1,201701,Luleå,Taiwan,12
2017,1,201701,Luleå,Thailand,4
2017,1,201701,Luleå,Tjeckien,8
2017,1,201701,Luleå,Turkiet,10
2017,1,201701,Luleå,Tyskland,509
2017,1,201701,Luleå,USA,509
2017,1,201701,Luleå,Ukraina,8
2017,1,201701,Luleå,Ungern,15
2017,1,201701,Luleå,Vietnam,1
2017,1,201701,Luleå,Österrike,25
2017,1,201701,Luleå,Övriga Asien,2
2017,1,201701,Luleå,Övriga Världen,5
2017,2,201702,Luleå,Australien,38
2017,2,201702,Luleå,Belgien,67
2017,2,201702,Luleå,Brasilien,6
2017,2,201702,Luleå,Colombia,1
2017,2,201702,Luleå,Danmark,261
2017,2,201702,Luleå,Egypten,2
2017,2,201702,Luleå,Ej angivet,241
2017,2,201702,Luleå,El Salvador,6
2017,2,201702,Luleå,Estland,21
2017,2,201702,Luleå,Finland,454
2017,2,201702,Luleå,Frankrike,237
2017,2,201702,Luleå,Förenade Arabemiraten,2
2017,2,201702,Luleå,Grekland,4
2017,2,201702,Luleå,Indien,17
2017,2,201702,Luleå,Indonesien,1
2017,2,201702,Luleå,Irland,28
2017,2,201702,Luleå,Island,16
2017,2,201702,Luleå,Italien,262
2017,2,201702,Luleå,Japan,18
2017,2,201702,Luleå,Kanada,7
2017,2,201702,Luleå,Kina,107
2017,2,201702,Luleå,Kroatien,7
2017,2,201702,Luleå,Lettland,238
2017,2,201702,Luleå,Litauen,2
2017,2,201702,Luleå,Luxemburg,3
2017,2,201702,Luleå,Monaco,2
2017,2,201702,Luleå,Nederländerna,615
2017,2,201702,Luleå,Niger,6
2017,2,201702,Luleå,Norge,446
2017,2,201702,Luleå,Polen,41
2017,2,201702,Luleå,Portugal,2
2017,2,201702,Luleå,Rumänien,17
2017,2,201702,Luleå,Ryssland,72
2017,2,201702,Luleå,Saudiarabien,2
2017,2,201702,Luleå,Schweiz,63
2017,2,201702,Luleå,Singapore,7
2017,2,201702,Luleå,Spanien,112
2017,2,201702,Luleå,Storbritannien,349
2017,2,201702,Luleå,Sverige,25414
2017,2,201702,Luleå,Swaziland,1
2017,2,201702,Luleå,Sydafrika,2
2017,2,201702,Luleå,Sydkorea,3
2017,2,201702,Luleå,Taiwan,5
2017,2,201702,Luleå,Thailand,4
2017,2,201702,Luleå,Tjeckien,18
2017,2,201702,Luleå,Turkiet,7
2017,2,201702,Luleå,Tyskland,713
2017,2,201702,Luleå,USA,712
2017,2,201702,Luleå,Ukraina,35
2017,2,201702,Luleå,Ungern,10
2017,2,201702,Luleå,Österrike,28
2017,2,201702,Luleå,Övriga Asien,2
2017,2,201702,Luleå,Övriga Världen,12
2017,3,201703,Luleå,Australien,16
2017,3,201703,Luleå,Belgien,44
2017,3,201703,Luleå,Brasilien,9
2017,3,201703,Luleå,Danmark,322
2017,3,201703,Luleå,Ej angivet,304
2017,3,201703,Luleå,El Salvador,69
2017,3,201703,Luleå,Estland,48
2017,3,201703,Luleå,Filippinerna,3
2017,3,201703,Luleå,Finland,380
2017,3,201703,Luleå,Frankrike,240
2017,3,201703,Luleå,Förenade Arabemiraten,3
2017,3,201703,Luleå,Grekland,9
2017,3,201703,Luleå,Indien,8
2017,3,201703,Luleå,Irland,20
2017,3,201703,Luleå,Island,5
2017,3,201703,Luleå,Israel,3
2017,3,201703,Luleå,Italien,103
2017,3,201703,Luleå,Japan,37
2017,3,201703,Luleå,Kanada,130
2017,3,201703,Luleå,Kina,32
2017,3,201703,Luleå,Kroatien,2
2017,3,201703,Luleå,Lettland,34
2017,3,201703,Luleå,Litauen,24
2017,3,201703,Luleå,Luxemburg,7
2017,3,201703,Luleå,Malaysia,1
2017,3,201703,Luleå,Nederländerna,85
2017,3,201703,Luleå,Norge,438
2017,3,201703,Luleå,Polen,32
2017,3,201703,Luleå,Portugal,8
2017,3,201703,Luleå,Qatar,4
2017,3,201703,Luleå,Rumänien,6
2017,3,201703,Luleå,Ryssland,65
2017,3,201703,Luleå,Schweiz,50
2017,3,201703,Luleå,Singapore,11
2017,3,201703,Luleå,Spanien,167
2017,3,201703,Luleå,Storbritannien,280
2017,3,201703,Luleå,Sverige,25556
2017,3,201703,Luleå,Swaziland,1
2017,3,201703,Luleå,Sydkorea,2
2017,3,201703,Luleå,Taiwan,6
2017,3,201703,Luleå,Thailand,10
2017,3,201703,Luleå,Tjeckien,17
2017,3,201703,Luleå,Turkiet,6
2017,3,201703,Luleå,Tyskland,607
2017,3,201703,Luleå,USA,510
2017,3,201703,Luleå,Ukraina,2
2017,3,201703,Luleå,Ungern,9
2017,3,201703,Luleå,Österrike,40
2017,3,201703,Luleå,Övriga Asien,1
2017,3,201703,Luleå,Övriga Världen,17
2017,4,201704,Luleå,Australien,14
2017,4,201704,Luleå,Bangladesh,2
2017,4,201704,Luleå,Belgien,27
2017,4,201704,Luleå,Cypern,13
2017,4,201704,Luleå,Danmark,57
2017,4,201704,Luleå,Ej angivet,211
2017,4,201704,Luleå,Estland,50
2017,4,201704,Luleå,Finland,750
2017,4,201704,Luleå,Frankrike,76
2017,4,201704,Luleå,Georgien,2
2017,4,201704,Luleå,Indien,6
2017,4,201704,Luleå,Irland,10
2017,4,201704,Luleå,Island,9
2017,4,201704,Luleå,Israel,6
2017,4,201704,Luleå,Italien,26
2017,4,201704,Luleå,Japan,2
2017,4,201704,Luleå,Kanada,217
2017,4,201704,Luleå,Kina,77
2017,4,201704,Luleå,Kroatien,2
2017,4,201704,Luleå,Lettland,2
2017,4,201704,Luleå,Liechtenstein,1
2017,4,201704,Luleå,Litauen,7
2017,4,201704,Luleå,Makedonien,2
2017,4,201704,Luleå,Nederländerna,89
2017,4,201704,Luleå,Norge,735
2017,4,201704,Luleå,Polen,28
2017,4,201704,Luleå,Portugal,1
2017,4,201704,Luleå,Rumänien,20
2017,4,201704,Luleå,Ryssland,68
2017,4,201704,Luleå,Schweiz,14
2017,4,201704,Luleå,Sierra Leone,8
2017,4,201704,Luleå,Singapore,3
2017,4,201704,Luleå,Slovakien,3
2017,4,201704,Luleå,Spanien,31
2017,4,201704,Luleå,Storbritannien,167
2017,4,201704,Luleå,Sverige,20952
2017,4,201704,Luleå,Swaziland,2
2017,4,201704,Luleå,Sydafrika,4
2017,4,201704,Luleå,Tadzjikistan,3
2017,4,201704,Luleå,Taiwan,2
2017,4,201704,Luleå,Thailand,1
2017,4,201704,Luleå,Tjeckien,5
2017,4,201704,Luleå,Tyskland,154
2017,4,201704,Luleå,USA,431
2017,4,201704,Luleå,Ukraina,2
2017,4,201704,Luleå,Österrike,4
2017,5,201705,Luleå,Australien,10
2017,5,201705,Luleå,Belgien,24
2017,5,201705,Luleå,Bulgarien,4
2017,5,201705,Luleå,Burundi,2
2017,5,201705,Luleå,Cypern,20
2017,5,201705,Luleå,Danmark,66
2017,5,201705,Luleå,Ej angivet,157
2017,5,201705,Luleå,El Salvador,4
2017,5,201705,Luleå,Estland,12
2017,5,201705,Luleå,Finland,467
2017,5,201705,Luleå,Frankrike,66
2017,5,201705,Luleå,Grekland,3
2017,5,201705,Luleå,Indien,6
2017,5,201705,Luleå,Iran,18
2017,5,201705,Luleå,Irland,14
2017,5,201705,Luleå,Island,23
2017,5,201705,Luleå,Italien,29
2017,5,201705,Luleå,Japan,31
2017,5,201705,Luleå,Kanada,270
2017,5,201705,Luleå,Kina,26
2017,5,201705,Luleå,Litauen,11
2017,5,201705,Luleå,Makedonien,2
2017,5,201705,Luleå,Mexiko,30
2017,5,201705,Luleå,Nederländerna,110
2017,5,201705,Luleå,Norge,924
2017,5,201705,Luleå,Polen,35
2017,5,201705,Luleå,Rumänien,5
2017,5,201705,Luleå,Ryssland,79
2017,5,201705,Luleå,Schweiz,823
2017,5,201705,Luleå,Slovakien,13
2017,5,201705,Luleå,Spanien,73
2017,5,201705,Luleå,Storbritannien,147
2017,5,201705,Luleå,Sverige,25681
2017,5,201705,Luleå,Swaziland,2
2017,5,201705,Luleå,Sydafrika,2
2017,5,201705,Luleå,Tjeckien,12
2017,5,201705,Luleå,Turkiet,6
2017,5,201705,Luleå,Tyskland,361
2017,5,201705,Luleå,USA,511
2017,5,201705,Luleå,Österrike,25
2017,6,201706,Luleå,Australien,21
2017,6,201706,Luleå,Belgien,54
2017,6,201706,Luleå,Brasilien,6
2017,6,201706,Luleå,Chile,6
2017,6,201706,Luleå,Colombia,1
2017,6,201706,Luleå,Cypern,6
2017,6,201706,Luleå,Danmark,165
2017,6,201706,Luleå,Ej angivet,220
2017,6,201706,Luleå,Eritrea,2
2017,6,201706,Luleå,Estland,20
2017,6,201706,Luleå,Finland,1476
2017,6,201706,Luleå,Frankrike,145
2017,6,201706,Luleå,Förenade Arabemiraten,2
2017,6,201706,Luleå,Georgien,7
2017,6,201706,Luleå,Grekland,13
2017,6,201706,Luleå,Guinea,12
2017,6,201706,Luleå,Indien,21
2017,6,201706,Luleå,Indonesien,6
2017,6,201706,Luleå,Iran,15
2017,6,201706,Luleå,Irland,14
2017,6,201706,Luleå,Island,13
2017,6,201706,Luleå,Italien,93
2017,6,201706,Luleå,Japan,5
2017,6,201706,Luleå,Kanada,193
2017,6,201706,Luleå,Kina,20
2017,6,201706,Luleå,Lettland,2
2017,6,201706,Luleå,Litauen,11
2017,6,201706,Luleå,Mexiko,4
2017,6,201706,Luleå,Nederländerna,274
2017,6,201706,Luleå,Niger,10
2017,6,201706,Luleå,Norge,4276
2017,6,201706,Luleå,Nya Zeeland,5
2017,6,201706,Luleå,Polen,61
2017,6,201706,Luleå,Portugal,5
2017,6,201706,Luleå,Rumänien,1
2017,6,201706,Luleå,Ryssland,86
2017,6,201706,Luleå,Saudiarabien,1
2017,6,201706,Luleå,Schweiz,308
2017,6,201706,Luleå,Senegal,4
2017,6,201706,Luleå,Seychellerna,1
2017,6,201706,Luleå,Slovakien,9
2017,6,201706,Luleå,Slovenien,6
2017,6,201706,Luleå,Spanien,78
2017,6,201706,Luleå,Storbritannien,322
2017,6,201706,Luleå,Surinam,2
2017,6,201706,Luleå,Sverige,23570
2017,6,201706,Luleå,Swaziland,3
2017,6,201706,Luleå,Sydkorea,2
2017,6,201706,Luleå,Taiwan,6
2017,6,201706,Luleå,Tjeckien,9
2017,6,201706,Luleå,Turkiet,6
2017,6,201706,Luleå,Tyskland,1492
2017,6,201706,Luleå,USA,946
2017,6,201706,Luleå,Ukraina,2
2017,6,201706,Luleå,Ungern,3
2017,6,201706,Luleå,Zambia,1
2017,6,201706,Luleå,Österrike,75
2017,6,201706,Luleå,Övriga Europa,7
2017,7,201707,Luleå,Argentina,6
2017,7,201707,Luleå,Australien,86
2017,7,201707,Luleå,Belgien,256
2017,7,201707,Luleå,Danmark,346
2017,7,201707,Luleå,Djibouti,8
2017,7,201707,Luleå,Ej angivet,374
2017,7,201707,Luleå,El Salvador,3
2017,7,201707,Luleå,Estland,67
2017,7,201707,Luleå,Finland,2747
2017,7,201707,Luleå,Frankrike,270
2017,7,201707,Luleå,Förenade Arabemiraten,4
2017,7,201707,Luleå,Georgien,25
2017,7,201707,Luleå,Grekland,5
2017,7,201707,Luleå,Guinea,8
2017,7,201707,Luleå,Indien,2
2017,7,201707,Luleå,Iran,2
2017,7,201707,Luleå,Irland,18
2017,7,201707,Luleå,Island,13
2017,7,201707,Luleå,Israel,7
2017,7,201707,Luleå,Italien,180
2017,7,201707,Luleå,Japan,17
2017,7,201707,Luleå,Kanada,14
2017,7,201707,Luleå,Kina,39
2017,7,201707,Luleå,Kiribati,1
2017,7,201707,Luleå,Kroatien,1
2017,7,201707,Luleå,Lettland,44
2017,7,201707,Luleå,Litauen,10
2017,7,201707,Luleå,Luxemburg,11
2017,7,201707,Luleå,Makedonien,3
2017,7,201707,Luleå,Malta,1
2017,7,201707,Luleå,Marocko,2
2017,7,201707,Luleå,Nederländerna,403
2017,7,201707,Luleå,Niger,14
2017,7,201707,Luleå,Norge,48804
2017,7,201707,Luleå,Nya Zeeland,8
2017,7,201707,Luleå,Polen,78
2017,7,201707,Luleå,Portugal,3
2017,7,201707,Luleå,Rumänien,6
2017,7,201707,Luleå,Ryssland,96
2017,7,201707,Luleå,Saudiarabien,8
2017,7,201707,Luleå,Schweiz,460
2017,7,201707,Luleå,Seychellerna,4
2017,7,201707,Luleå,Sierra Leone,2
2017,7,201707,Luleå,Slovakien,15
2017,7,201707,Luleå,Slovenien,8
2017,7,201707,Luleå,Spanien,150
2017,7,201707,Luleå,Storbritannien,523
2017,7,201707,Luleå,Sverige,37099
2017,7,201707,Luleå,Swaziland,13
2017,7,201707,Luleå,Sydafrika,17
2017,7,201707,Luleå,Sydkorea,4
2017,7,201707,Luleå,Thailand,14
2017,7,201707,Luleå,Tjeckien,62
2017,7,201707,Luleå,Tyskland,1491
2017,7,201707,Luleå,USA,1021
2017,7,201707,Luleå,Ukraina,4
2017,7,201707,Luleå,Ungern,26
2017,7,201707,Luleå,Österrike,137
2017,7,201707,Luleå,Övriga Europa,1
2017,8,201708,Luleå,Australien,91
2017,8,201708,Luleå,Bahamas,8
2017,8,201708,Luleå,Belgien,97
2017,8,201708,Luleå,Bulgarien,4
2017,8,201708,Luleå,Chile,9
2017,8,201708,Luleå,Colombia,2
2017,8,201708,Luleå,Danmark,244
2017,8,201708,Luleå,Djibouti,1
2017,8,201708,Luleå,Ej angivet,325
2017,8,201708,Luleå,El Salvador,4
2017,8,201708,Luleå,Elfenbenskusten,1
2017,8,201708,Luleå,Estland,59
2017,8,201708,Luleå,Finland,1628
2017,8,201708,Luleå,Frankrike,296
2017,8,201708,Luleå,Georgien,11
2017,8,201708,Luleå,Grekland,1
2017,8,201708,Luleå,Guinea,3
2017,8,201708,Luleå,Indien,22
2017,8,201708,Luleå,Irak,1
2017,8,201708,Luleå,Iran,21
2017,8,201708,Luleå,Irland,41
2017,8,201708,Luleå,Island,4
2017,8,201708,Luleå,Italien,364
2017,8,201708,Luleå,Japan,25
2017,8,201708,Luleå,Kanada,23
2017,8,201708,Luleå,Kina,126
2017,8,201708,Luleå,Kiribati,2
2017,8,201708,Luleå,Kroatien,11
2017,8,201708,Luleå,Lettland,13
2017,8,201708,Luleå,Liechtenstein,3
2017,8,201708,Luleå,Litauen,23
2017,8,201708,Luleå,Luxemburg,3
2017,8,201708,Luleå,Malta,3
2017,8,201708,Luleå,Marocko,2
2017,8,201708,Luleå,Mexiko,4
2017,8,201708,Luleå,Nederländerna,276
2017,8,201708,Luleå,Niger,3
2017,8,201708,Luleå,Nordkorea,4
2017,8,201708,Luleå,Norge,9645
2017,8,201708,Luleå,Nya Zeeland,1
2017,8,201708,Luleå,Polen,52
2017,8,201708,Luleå,Portugal,8
2017,8,201708,Luleå,Rumänien,6
2017,8,201708,Luleå,Ryssland,121
2017,8,201708,Luleå,Schweiz,262
2017,8,201708,Luleå,Sierra Leone,5
2017,8,201708,Luleå,Singapore,5
2017,8,201708,Luleå,Slovakien,2
2017,8,201708,Luleå,Slovenien,2
2017,8,201708,Luleå,Spanien,128
2017,8,201708,Luleå,Storbritannien,578
2017,8,201708,Luleå,Sverige,31390
2017,8,201708,Luleå,Swaziland,6
2017,8,201708,Luleå,Sydafrika,5
2017,8,201708,Luleå,Sydkorea,4
2017,8,201708,Luleå,Taiwan,7
2017,8,201708,Luleå,Thailand,6
2017,8,201708,Luleå,Tjeckien,19
2017,8,201708,Luleå,Turkiet,10
2017,8,201708,Luleå,Tyskland,1468
2017,8,201708,Luleå,USA,949
2017,8,201708,Luleå,Ukraina,4
2017,8,201708,Luleå,Ungern,22
2017,8,201708,Luleå,Zimbabwe,2
2017,8,201708,Luleå,Österrike,103
2017,8,201708,Luleå,Övriga Världen,5
2017,9,201709,Luleå,Albanien,39
2017,9,201709,Luleå,Australien,26
2017,9,201709,Luleå,Belgien,60
2017,9,201709,Luleå,Brasilien,4
2017,9,201709,Luleå,Chile,9
2017,9,201709,Luleå,Colombia,8
2017,9,201709,Luleå,Danmark,66
2017,9,201709,Luleå,Ej angivet,191
2017,9,201709,Luleå,El Salvador,2
2017,9,201709,Luleå,Estland,7
2017,9,201709,Luleå,Finland,686
2017,9,201709,Luleå,Frankrike,109
2017,9,201709,Luleå,Georgien,13
2017,9,201709,Luleå,Grekland,4
2017,9,201709,Luleå,Indien,1
2017,9,201709,Luleå,Indonesien,4
2017,9,201709,Luleå,Iran,1
2017,9,201709,Luleå,Irland,45
2017,9,201709,Luleå,Island,4
2017,9,201709,Luleå,Italien,86
2017,9,201709,Luleå,Japan,48
2017,9,201709,Luleå,Kanada,3
2017,9,201709,Luleå,Kina,51
2017,9,201709,Luleå,Lettland,2
2017,9,201709,Luleå,Litauen,8
2017,9,201709,Luleå,Malta,1
2017,9,201709,Luleå,Marocko,1
2017,9,201709,Luleå,Mexiko,6
2017,9,201709,Luleå,Nederländerna,118
2017,9,201709,Luleå,Niger,14
2017,9,201709,Luleå,Norge,825
2017,9,201709,Luleå,Polen,119
2017,9,201709,Luleå,Portugal,6
2017,9,201709,Luleå,Rumänien,13
2017,9,201709,Luleå,Ryssland,77
2017,9,201709,Luleå,Schweiz,79
2017,9,201709,Luleå,Sierra Leone,1
2017,9,201709,Luleå,Singapore,6
2017,9,201709,Luleå,Spanien,75
2017,9,201709,Luleå,Storbritannien,264
2017,9,201709,Luleå,Sverige,28636
2017,9,201709,Luleå,Sydafrika,5
2017,9,201709,Luleå,Taiwan,11
2017,9,201709,Luleå,Tjeckien,30
2017,9,201709,Luleå,Tyskland,706
2017,9,201709,Luleå,USA,671
2017,9,201709,Luleå,Ungern,25
2017,9,201709,Luleå,Zimbabwe,1
2017,9,201709,Luleå,Österrike,52
2017,10,201710,Luleå,Australien,41
2017,10,201710,Luleå,Belgien,16
2017,10,201710,Luleå,Brasilien,4
2017,10,201710,Luleå,Danmark,64
2017,10,201710,Luleå,Ej angivet,201
2017,10,201710,Luleå,Estland,3
2017,10,201710,Luleå,Finland,910
2017,10,201710,Luleå,Frankrike,87
2017,10,201710,Luleå,Förenade Arabemiraten,1
2017,10,201710,Luleå,Georgien,8
2017,10,201710,Luleå,Grekland,4
2017,10,201710,Luleå,Indien,5
2017,10,201710,Luleå,Indonesien,4
2017,10,201710,Luleå,Irland,37
2017,10,201710,Luleå,Island,1
2017,10,201710,Luleå,Italien,38
2017,10,201710,Luleå,Japan,13
2017,10,201710,Luleå,Kina,22
2017,10,201710,Luleå,Lettland,15
2017,10,201710,Luleå,Litauen,6
2017,10,201710,Luleå,Luxemburg,1
2017,10,201710,Luleå,Malaysia,6
2017,10,201710,Luleå,Mexiko,2
2017,10,201710,Luleå,Montenegro,2
2017,10,201710,Luleå,Namibia,2
2017,10,201710,Luleå,Nederländerna,73
2017,10,201710,Luleå,Niger,1
2017,10,201710,Luleå,Norge,1134
2017,10,201710,Luleå,Nya Zeeland,11
2017,10,201710,Luleå,Polen,213
2017,10,201710,Luleå,Rumänien,6
2017,10,201710,Luleå,Ryssland,56
2017,10,201710,Luleå,Schweiz,103
2017,10,201710,Luleå,Singapore,11
2017,10,201710,Luleå,Slovakien,4
2017,10,201710,Luleå,Spanien,79
2017,10,201710,Luleå,Storbritannien,179
2017,10,201710,Luleå,Sverige,25981
2017,10,201710,Luleå,Sydafrika,1
2017,10,201710,Luleå,Sydkorea,4
2017,10,201710,Luleå,Taiwan,9
2017,10,201710,Luleå,Thailand,7
2017,10,201710,Luleå,Tjeckien,10
2017,10,201710,Luleå,Tyskland,263
2017,10,201710,Luleå,USA,725
2017,10,201710,Luleå,Ukraina,8
2017,10,201710,Luleå,Ungern,2
2017,10,201710,Luleå,Zambia,1
2017,10,201710,Luleå,Österrike,18
2017,10,201710,Luleå,Övriga Europa,16
2017,10,201710,Luleå,Övriga Världen,3
2017,11,201711,Luleå,Afghanistan,2
2017,11,201711,Luleå,Australien,7
2017,11,201711,Luleå,Belgien,23
2017,11,201711,Luleå,Brasilien,1
2017,11,201711,Luleå,Danmark,58
2017,11,201711,Luleå,Ecuador,2
2017,11,201711,Luleå,Egypten,6
2017,11,201711,Luleå,Ej angivet,227
2017,11,201711,Luleå,El Salvador,2
2017,11,201711,Luleå,Eritrea,2
2017,11,201711,Luleå,Estland,14
2017,11,201711,Luleå,Filippinerna,2
2017,11,201711,Luleå,Finland,371
2017,11,201711,Luleå,Frankrike,82
2017,11,201711,Luleå,Förenade Arabemiraten,7
2017,11,201711,Luleå,Grekland,46
2017,11,201711,Luleå,Guinea,10
2017,11,201711,Luleå,Indien,7
2017,11,201711,Luleå,Iran,12
2017,11,201711,Luleå,Irland,39
2017,11,201711,Luleå,Italien,37
2017,11,201711,Luleå,Japan,11
2017,11,201711,Luleå,Kanada,5
2017,11,201711,Luleå,Kina,44
2017,11,201711,Luleå,Kroatien,1
2017,11,201711,Luleå,Lettland,10
2017,11,201711,Luleå,Litauen,5
2017,11,201711,Luleå,Malaysia,5
2017,11,201711,Luleå,Malta,4
2017,11,201711,Luleå,Nederländerna,14
2017,11,201711,Luleå,Nigeria,2
2017,11,201711,Luleå,Norge,499
2017,11,201711,Luleå,Pakistan,2
2017,11,201711,Luleå,Polen,49
2017,11,201711,Luleå,Portugal,9
2017,11,201711,Luleå,Ryssland,46
2017,11,201711,Luleå,Saudiarabien,1
2017,11,201711,Luleå,Schweiz,28
2017,11,201711,Luleå,Singapore,151
2017,11,201711,Luleå,Slovakien,6
2017,11,201711,Luleå,Spanien,147
2017,11,201711,Luleå,Storbritannien,203
2017,11,201711,Luleå,Sverige,27695
2017,11,201711,Luleå,Sydafrika,2
2017,11,201711,Luleå,Sydkorea,1
2017,11,201711,Luleå,Taiwan,2
2017,11,201711,Luleå,Tjeckien,39
2017,11,201711,Luleå,Turkiet,4
2017,11,201711,Luleå,Tyskland,289
2017,11,201711,Luleå,USA,575
2017,11,201711,Luleå,Ukraina,3
2017,11,201711,Luleå,Ungern,13
2017,11,201711,Luleå,Österrike,8
2017,11,201711,Luleå,Övriga Världen,48
2017,12,201712,Luleå,Andorra,6
2017,12,201712,Luleå,Armenien,3
2017,12,201712,Luleå,Australien,63
2017,12,201712,Luleå,Belgien,37
2017,12,201712,Luleå,Brasilien,6
2017,12,201712,Luleå,Colombia,4
2017,12,201712,Luleå,Cypern,29
2017,12,201712,Luleå,Danmark,79
2017,12,201712,Luleå,Demokratiska republiken Kongo,1
2017,12,201712,Luleå,Ej angivet,245
2017,12,201712,Luleå,El Salvador,1
2017,12,201712,Luleå,Estland,45
2017,12,201712,Luleå,Finland,727
2017,12,201712,Luleå,Frankrike,305
2017,12,201712,Luleå,Förenade Arabemiraten,3
2017,12,201712,Luleå,Georgien,5
2017,12,201712,Luleå,Grekland,3
2017,12,201712,Luleå,Guinea,3
2017,12,201712,Luleå,Indien,68
2017,12,201712,Luleå,Indonesien,2
2017,12,201712,Luleå,Iran,8
2017,12,201712,Luleå,Irland,16
2017,12,201712,Luleå,Israel,19
2017,12,201712,Luleå,Italien,38
2017,12,201712,Luleå,Japan,21
2017,12,201712,Luleå,Jordanien,1
2017,12,201712,Luleå,Kanada,3
2017,12,201712,Luleå,Kina,113
2017,12,201712,Luleå,Kroatien,7
2017,12,201712,Luleå,Kuwait,1
2017,12,201712,Luleå,Lettland,9
2017,12,201712,Luleå,Liechtenstein,2
2017,12,201712,Luleå,Litauen,4
2017,12,201712,Luleå,Luxemburg,3
2017,12,201712,Luleå,Malaysia,18
2017,12,201712,Luleå,Malta,4
2017,12,201712,Luleå,Marocko,4
2017,12,201712,Luleå,Nederländerna,118
2017,12,201712,Luleå,Niger,4
2017,12,201712,Luleå,Norge,483
2017,12,201712,Luleå,Nya Zeeland,1
2017,12,201712,Luleå,Pakistan,4
2017,12,201712,Luleå,Polen,3
2017,12,201712,Luleå,Rumänien,9
2017,12,201712,Luleå,Ryssland,46
2017,12,201712,Luleå,Saudiarabien,1
2017,12,201712,Luleå,Schweiz,58
2017,12,201712,Luleå,Sierra Leone,4
2017,12,201712,Luleå,Singapore,22
2017,12,201712,Luleå,Slovakien,1
2017,12,201712,Luleå,Slovenien,8
2017,12,201712,Luleå,Somalia,2
2017,12,201712,Luleå,Spanien,68
2017,12,201712,Luleå,Storbritannien,480
2017,12,201712,Luleå,Sverige,22655
2017,12,201712,Luleå,Sydafrika,20
2017,12,201712,Luleå,Taiwan,64
2017,12,201712,Luleå,Thailand,8
2017,12,201712,Luleå,Tjeckien,8
2017,12,201712,Luleå,Turkiet,12
2017,12,201712,Luleå,Tyskland,385
2017,12,201712,Luleå,USA,698
2017,12,201712,Luleå,Ukraina,22
2017,12,201712,Luleå,Ungern,20
2017,12,201712,Luleå,Zambia,1
2017,12,201712,Luleå,Österrike,39
2017,12,201712,Luleå,Övriga Världen,53
2018,1,201801,Luleå,Australien,25
2018,1,201801,Luleå,Belgien,62
2018,1,201801,Luleå,Brasilien,3
2018,1,201801,Luleå,Bulgarien,4
2018,1,201801,Luleå,Danmark,75
2018,1,201801,Luleå,Ej angivet,640
2018,1,201801,Luleå,El Salvador,2
2018,1,201801,Luleå,Estland,1
2018,1,201801,Luleå,Finland,328
2018,1,201801,Luleå,Frankrike,176
2018,1,201801,Luleå,Förenade Arabemiraten,2
2018,1,201801,Luleå,Georgien,1
2018,1,201801,Luleå,Grekland,2
2018,1,201801,Luleå,Indien,3
2018,1,201801,Luleå,Iran,4
2018,1,201801,Luleå,Irland,68
2018,1,201801,Luleå,Italien,58
2018,1,201801,Luleå,Japan,26
2018,1,201801,Luleå,Kanada,7
2018,1,201801,Luleå,Kina,49
2018,1,201801,Luleå,Lettland,26
2018,1,201801,Luleå,Litauen,5
2018,1,201801,Luleå,Luxemburg,6
2018,1,201801,Luleå,Malta,4
2018,1,201801,Luleå,Marocko,3
2018,1,201801,Luleå,Nederländerna,48
2018,1,201801,Luleå,Norge,268
2018,1,201801,Luleå,Polen,19
2018,1,201801,Luleå,Rumänien,2
2018,1,201801,Luleå,Ryssland,77
2018,1,201801,Luleå,Schweiz,37
2018,1,201801,Luleå,Singapore,3
2018,1,201801,Luleå,Slovenien,2
2018,1,201801,Luleå,Spanien,86
2018,1,201801,Luleå,Storbritannien,351
2018,1,201801,Luleå,Sverige,21153
2018,1,201801,Luleå,Sydafrika,6
2018,1,201801,Luleå,Taiwan,227
2018,1,201801,Luleå,Tjeckien,4
2018,1,201801,Luleå,Turkiet,4
2018,1,201801,Luleå,Tyskland,382
2018,1,201801,Luleå,USA,789
2018,1,201801,Luleå,Ukraina,39
2018,1,201801,Luleå,Ungern,11
2018,1,201801,Luleå,Österrike,28
2018,1,201801,Luleå,Övriga Asien,2
2018,1,201801,Luleå,Övriga Europa,1
2018,1,201801,Luleå,Övriga Världen,7
2018,2,201802,Luleå,Albanien,1
2018,2,201802,Luleå,Australien,7
2018,2,201802,Luleå,Belgien,120
2018,2,201802,Luleå,Chile,6
2018,2,201802,Luleå,Colombia,5
2018,2,201802,Luleå,Cypern,3
2018,2,201802,Luleå,Danmark,110
2018,2,201802,Luleå,Ej angivet,897
2018,2,201802,Luleå,Estland,5
2018,2,201802,Luleå,Filippinerna,12
2018,2,201802,Luleå,Finland,436
2018,2,201802,Luleå,Frankrike,251
2018,2,201802,Luleå,Förenade Arabemiraten,6
2018,2,201802,Luleå,Georgien,4
2018,2,201802,Luleå,Indien,4
2018,2,201802,Luleå,Iran,4
2018,2,201802,Luleå,Irland,29
2018,2,201802,Luleå,Israel,12
2018,2,201802,Luleå,Italien,140
2018,2,201802,Luleå,Japan,28
2018,2,201802,Luleå,Kanada,25
2018,2,201802,Luleå,Kina,96
2018,2,201802,Luleå,Kroatien,7
2018,2,201802,Luleå,Lettland,10
2018,2,201802,Luleå,Litauen,19
2018,2,201802,Luleå,Luxemburg,9
2018,2,201802,Luleå,Malaysia,1
2018,2,201802,Luleå,Mexiko,6
2018,2,201802,Luleå,Nederländerna,1139
2018,2,201802,Luleå,Norge,406
2018,2,201802,Luleå,Nya Zeeland,14
2018,2,201802,Luleå,Polen,29
2018,2,201802,Luleå,Portugal,1
2018,2,201802,Luleå,Rumänien,10
2018,2,201802,Luleå,Ryssland,33
2018,2,201802,Luleå,Schweiz,79
2018,2,201802,Luleå,Singapore,2
2018,2,201802,Luleå,Slovakien,17
2018,2,201802,Luleå,Slovenien,3
2018,2,201802,Luleå,Spanien,84
2018,2,201802,Luleå,Storbritannien,466
2018,2,201802,Luleå,Sverige,27842
2018,2,201802,Luleå,Sydafrika,3
2018,2,201802,Luleå,Sydkorea,1
2018,2,201802,Luleå,Taiwan,179
2018,2,201802,Luleå,Thailand,2
2018,2,201802,Luleå,Tjeckien,37
2018,2,201802,Luleå,Turkiet,5
2018,2,201802,Luleå,Tyskland,538
2018,2,201802,Luleå,USA,1288
2018,2,201802,Luleå,Ukraina,2
2018,2,201802,Luleå,Ungern,5
2018,2,201802,Luleå,Österrike,49
2018,2,201802,Luleå,Övriga Asien,2
2018,2,201802,Luleå,Övriga Världen,21
2018,3,201803,Luleå,Australien,17
2018,3,201803,Luleå,Belgien,40
2018,3,201803,Luleå,Bulgarien,3
2018,3,201803,Luleå,Danmark,99
2018,3,201803,Luleå,Ej angivet,804
2018,3,201803,Luleå,Estland,6
2018,3,201803,Luleå,Finland,1103
2018,3,201803,Luleå,Frankrike,224
2018,3,201803,Luleå,Georgien,3
2018,3,201803,Luleå,Grekland,4
2018,3,201803,Luleå,Indien,3
2018,3,201803,Luleå,Iran,22
2018,3,201803,Luleå,Irland,25
2018,3,201803,Luleå,Island,1
2018,3,201803,Luleå,Italien,105
2018,3,201803,Luleå,Japan,63
2018,3,201803,Luleå,Kanada,6
2018,3,201803,Luleå,Kina,14
2018,3,201803,Luleå,Lettland,6
2018,3,201803,Luleå,Liechtenstein,2
2018,3,201803,Luleå,Litauen,5
2018,3,201803,Luleå,Luxemburg,4
2018,3,201803,Luleå,Monaco,2
2018,3,201803,Luleå,Nederländerna,168
2018,3,201803,Luleå,Norge,1357
2018,3,201803,Luleå,Pakistan,6
2018,3,201803,Luleå,Polen,19
2018,3,201803,Luleå,Portugal,8
2018,3,201803,Luleå,Qatar,4
2018,3,201803,Luleå,Rumänien,1
2018,3,201803,Luleå,Ryssland,420
2018,3,201803,Luleå,Saudiarabien,1
2018,3,201803,Luleå,Schweiz,82
2018,3,201803,Luleå,Singapore,13
2018,3,201803,Luleå,Slovakien,5
2018,3,201803,Luleå,Slovenien,5
2018,3,201803,Luleå,Spanien,121
2018,3,201803,Luleå,Storbritannien,341
2018,3,201803,Luleå,Sverige,26695
2018,3,201803,Luleå,Sydafrika,2
2018,3,201803,Luleå,Sydkorea,1
2018,3,201803,Luleå,Taiwan,113
2018,3,201803,Luleå,Thailand,8
2018,3,201803,Luleå,Tjeckien,54
2018,3,201803,Luleå,Turkiet,5
2018,3,201803,Luleå,Tyskland,504
2018,3,201803,Luleå,USA,633
2018,3,201803,Luleå,Ungern,32
2018,3,201803,Luleå,Österrike,30
2018,3,201803,Luleå,Övriga Asien,1
2018,3,201803,Luleå,Övriga Världen,24
2018,4,201804,Luleå,Afghanistan,4
2018,4,201804,Luleå,Australien,3
2018,4,201804,Luleå,Belgien,48
2018,4,201804,Luleå,Cypern,1
2018,4,201804,Luleå,Danmark,70
2018,4,201804,Luleå,Demokratiska republiken Kongo,74
2018,4,201804,Luleå,Ecuador,2
2018,4,201804,Luleå,Ej angivet,844
2018,4,201804,Luleå,El Salvador,3
2018,4,201804,Luleå,Estland,17
2018,4,201804,Luleå,Finland,410
2018,4,201804,Luleå,Frankrike,75
2018,4,201804,Luleå,Grekland,8
2018,4,201804,Luleå,Indien,1
2018,4,201804,Luleå,Iran,2
2018,4,201804,Luleå,Irland,18
2018,4,201804,Luleå,Italien,20
2018,4,201804,Luleå,Japan,1
2018,4,201804,Luleå,Kanada,10
2018,4,201804,Luleå,Kina,13
2018,4,201804,Luleå,Lettland,7
2018,4,201804,Luleå,Litauen,9
2018,4,201804,Luleå,Montenegro,8
2018,4,201804,Luleå,Nederländerna,44
2018,4,201804,Luleå,Norge,475
2018,4,201804,Luleå,Polen,9
2018,4,201804,Luleå,Portugal,289
2018,4,201804,Luleå,Ryssland,149
2018,4,201804,Luleå,Schweiz,33
2018,4,201804,Luleå,Slovakien,1
2018,4,201804,Luleå,Slovenien,1
2018,4,201804,Luleå,Spanien,102
2018,4,201804,Luleå,Storbritannien,185
2018,4,201804,Luleå,Sverige,23898
2018,4,201804,Luleå,Thailand,9
2018,4,201804,Luleå,Tjeckien,32
2018,4,201804,Luleå,Turkiet,8
2018,4,201804,Luleå,Tyskland,363
2018,4,201804,Luleå,USA,505
2018,4,201804,Luleå,Österrike,11
2018,4,201804,Luleå,Övriga Världen,21
2018,5,201805,Luleå,Afghanistan,2
2018,5,201805,Luleå,Albanien,2
2018,5,201805,Luleå,Australien,34
2018,5,201805,Luleå,Belgien,62
2018,5,201805,Luleå,Brasilien,14
2018,5,201805,Luleå,Danmark,98
2018,5,201805,Luleå,Demokratiska republiken Kongo,65
2018,5,201805,Luleå,Ej angivet,1270
2018,5,201805,Luleå,Estland,21
2018,5,201805,Luleå,Finland,854
2018,5,201805,Luleå,Frankrike,179
2018,5,201805,Luleå,Georgien,14
2018,5,201805,Luleå,Indien,8
2018,5,201805,Luleå,Irland,51
2018,5,201805,Luleå,Italien,29
2018,5,201805,Luleå,Japan,21
2018,5,201805,Luleå,Kanada,47
2018,5,201805,Luleå,Kina,27
2018,5,201805,Luleå,Lettland,11
2018,5,201805,Luleå,Libyen,3
2018,5,201805,Luleå,Litauen,7
2018,5,201805,Luleå,Nederländerna,273
2018,5,201805,Luleå,Norge,1293
2018,5,201805,Luleå,Nya Zeeland,1
2018,5,201805,Luleå,Polen,516
2018,5,201805,Luleå,Portugal,585
2018,5,201805,Luleå,Rumänien,16
2018,5,201805,Luleå,Ryssland,88
2018,5,201805,Luleå,Saudiarabien,4
2018,5,201805,Luleå,Schweiz,281
2018,5,201805,Luleå,Slovakien,1
2018,5,201805,Luleå,Slovenien,2
2018,5,201805,Luleå,Spanien,247
2018,5,201805,Luleå,Storbritannien,260
2018,5,201805,Luleå,Sverige,25988
2018,5,201805,Luleå,Sydafrika,37
2018,5,201805,Luleå,Sydkorea,4
2018,5,201805,Luleå,Tjeckien,3
2018,5,201805,Luleå,Turkiet,4
2018,5,201805,Luleå,Tyskland,743
2018,5,201805,Luleå,USA,741
2018,5,201805,Luleå,Ukraina,2
2018,5,201805,Luleå,Ungern,2
2018,5,201805,Luleå,Österrike,27
2018,5,201805,Luleå,Övriga Amerika,2
2018,5,201805,Luleå,Övriga Världen,34
2018,6,201806,Luleå,Afghanistan,2
2018,6,201806,Luleå,Australien,130
2018,6,201806,Luleå,Bahrain,1
2018,6,201806,Luleå,Belgien,87
2018,6,201806,Luleå,Brasilien,39
2018,6,201806,Luleå,Danmark,228
2018,6,201806,Luleå,Ecuador,1
2018,6,201806,Luleå,Ej angivet,715
2018,6,201806,Luleå,El Salvador,2
2018,6,201806,Luleå,Estland,4
2018,6,201806,Luleå,Finland,1665
2018,6,201806,Luleå,Frankrike,223
2018,6,201806,Luleå,Georgien,26
2018,6,201806,Luleå,Grekland,10
2018,6,201806,Luleå,Indien,49
2018,6,201806,Luleå,Indonesien,4
2018,6,201806,Luleå,Irland,47
2018,6,201806,Luleå,Island,2
2018,6,201806,Luleå,Italien,120
2018,6,201806,Luleå,Japan,19
2018,6,201806,Luleå,Kanada,177
2018,6,201806,Luleå,Kina,67
2018,6,201806,Luleå,Kroatien,2
2018,6,201806,Luleå,Litauen,8
2018,6,201806,Luleå,Luxemburg,3
2018,6,201806,Luleå,Malaysia,9
2018,6,201806,Luleå,Malta,12
2018,6,201806,Luleå,Mexiko,2
2018,6,201806,Luleå,Nederländerna,385
2018,6,201806,Luleå,Niger,4
2018,6,201806,Luleå,Norge,5976
2018,6,201806,Luleå,Nya Zeeland,6
2018,6,201806,Luleå,Oman,28
2018,6,201806,Luleå,Polen,515
2018,6,201806,Luleå,Portugal,202
2018,6,201806,Luleå,Rumänien,11
2018,6,201806,Luleå,Rwanda,1
2018,6,201806,Luleå,Ryssland,31
2018,6,201806,Luleå,Schweiz,327
2018,6,201806,Luleå,Sierra Leone,2
2018,6,201806,Luleå,Singapore,6
2018,6,201806,Luleå,Slovakien,5
2018,6,201806,Luleå,Slovenien,2
2018,6,201806,Luleå,Spanien,104
2018,6,201806,Luleå,Storbritannien,353
2018,6,201806,Luleå,Sverige,28559
2018,6,201806,Luleå,Swaziland,5
2018,6,201806,Luleå,Sydafrika,33
2018,6,201806,Luleå,Sydkorea,19
2018,6,201806,Luleå,Tadzjikistan,3
2018,6,201806,Luleå,Tjeckien,13
2018,6,201806,Luleå,Turkiet,6
2018,6,201806,Luleå,Tyskland,1599
2018,6,201806,Luleå,USA,860
2018,6,201806,Luleå,Ungern,31
2018,6,201806,Luleå,Zambia,8
2018,6,201806,Luleå,Österrike,93
2018,6,201806,Luleå,Övriga Amerika,1
2018,6,201806,Luleå,Övriga Världen,19
2018,7,201807,Luleå,Australien,49
2018,7,201807,Luleå,Belgien,219
2018,7,201807,Luleå,Brasilien,9
2018,7,201807,Luleå,Bulgarien,2
2018,7,201807,Luleå,Colombia,1
2018,7,201807,Luleå,Costa Rica,2
2018,7,201807,Luleå,Danmark,447
2018,7,201807,Luleå,Ej angivet,826
2018,7,201807,Luleå,Estland,57
2018,7,201807,Luleå,Finland,3051
2018,7,201807,Luleå,Frankrike,219
2018,7,201807,Luleå,Förenade Arabemiraten,4
2018,7,201807,Luleå,Georgien,165
2018,7,201807,Luleå,Iran,2
2018,7,201807,Luleå,Irland,21
2018,7,201807,Luleå,Israel,36
2018,7,201807,Luleå,Italien,177
2018,7,201807,Luleå,Japan,11
2018,7,201807,Luleå,Kanada,12
2018,7,201807,Luleå,Kina,46
2018,7,201807,Luleå,Kiribati,12
2018,7,201807,Luleå,Kroatien,2
2018,7,201807,Luleå,Kuwait,6
2018,7,201807,Luleå,Laos,2
2018,7,201807,Luleå,Lettland,8
2018,7,201807,Luleå,Litauen,7
2018,7,201807,Luleå,Luxemburg,10
2018,7,201807,Luleå,Mexiko,2
2018,7,201807,Luleå,Namibia,4
2018,7,201807,Luleå,Nederländerna,456
2018,7,201807,Luleå,Norge,54224
2018,7,201807,Luleå,Nya Zeeland,12
2018,7,201807,Luleå,Oman,4
2018,7,201807,Luleå,Polen,240
2018,7,201807,Luleå,Portugal,313
2018,7,201807,Luleå,Qatar,4
2018,7,201807,Luleå,Rumänien,15
2018,7,201807,Luleå,Ryssland,851
2018,7,201807,Luleå,Saudiarabien,1
2018,7,201807,Luleå,Schweiz,440
2018,7,201807,Luleå,Sierra Leone,15
2018,7,201807,Luleå,Singapore,8
2018,7,201807,Luleå,Slovakien,2
2018,7,201807,Luleå,Slovenien,1
2018,7,201807,Luleå,Spanien,123
2018,7,201807,Luleå,Storbritannien,306
2018,7,201807,Luleå,Sverige,43381
2018,7,201807,Luleå,Swaziland,6
2018,7,201807,Luleå,Sydkorea,4
2018,7,201807,Luleå,São Tomé och Príncipe,22
2018,7,201807,Luleå,Thailand,2
2018,7,201807,Luleå,Tjeckien,19
2018,7,201807,Luleå,Tyskland,1773
2018,7,201807,Luleå,USA,1316
2018,7,201807,Luleå,Uganda,1
2018,7,201807,Luleå,Ukraina,2
2018,7,201807,Luleå,Ungern,53
2018,7,201807,Luleå,Vitryssland,3
2018,7,201807,Luleå,Österrike,93
2018,7,201807,Luleå,Övriga Amerika,2
2018,7,201807,Luleå,Övriga Världen,9
2018,8,201808,Luleå,Armenien,1
2018,8,201808,Luleå,Australien,59
2018,8,201808,Luleå,Belgien,143
2018,8,201808,Luleå,Bosnien och Hercegovina,7
2018,8,201808,Luleå,Brasilien,1
2018,8,201808,Luleå,Chile,1
2018,8,201808,Luleå,Danmark,216
2018,8,201808,Luleå,Demokratiska republiken Kongo,24
2018,8,201808,Luleå,Ej angivet,469
2018,8,201808,Luleå,El Salvador,1
2018,8,201808,Luleå,Estland,33
2018,8,201808,Luleå,Finland,1291
2018,8,201808,Luleå,Frankrike,352
2018,8,201808,Luleå,Förenade Arabemiraten,1
2018,8,201808,Luleå,Georgien,117
2018,8,201808,Luleå,Grekland,10
2018,8,201808,Luleå,Indien,1
2018,8,201808,Luleå,Irland,45
2018,8,201808,Luleå,Island,1
2018,8,201808,Luleå,Israel,16
2018,8,201808,Luleå,Italien,316
2018,8,201808,Luleå,Japan,30
2018,8,201808,Luleå,Kanada,13
2018,8,201808,Luleå,Kina,48
2018,8,201808,Luleå,Kroatien,9
2018,8,201808,Luleå,Kuwait,2
2018,8,201808,Luleå,Lettland,4
2018,8,201808,Luleå,Liechtenstein,1
2018,8,201808,Luleå,Litauen,13
2018,8,201808,Luleå,Luxemburg,5
2018,8,201808,Luleå,Malta,2
2018,8,201808,Luleå,Namibia,2
2018,8,201808,Luleå,Nederländerna,337
2018,8,201808,Luleå,Nicaragua,2
2018,8,201808,Luleå,Niger,3
2018,8,201808,Luleå,Norge,9650
2018,8,201808,Luleå,Nya Zeeland,3
2018,8,201808,Luleå,Peru,6
2018,8,201808,Luleå,Polen,196
2018,8,201808,Luleå,Portugal,27
2018,8,201808,Luleå,Rumänien,6
2018,8,201808,Luleå,Ryssland,700
2018,8,201808,Luleå,Saudiarabien,6
2018,8,201808,Luleå,Schweiz,261
2018,8,201808,Luleå,Serbien,2
2018,8,201808,Luleå,Seychellerna,2
2018,8,201808,Luleå,Singapore,1
2018,8,201808,Luleå,Slovakien,4
2018,8,201808,Luleå,Somalia,2
2018,8,201808,Luleå,Spanien,100
2018,8,201808,Luleå,Storbritannien,205
2018,8,201808,Luleå,Sverige,33853
2018,8,201808,Luleå,Swaziland,4
2018,8,201808,Luleå,Sydafrika,3
2018,8,201808,Luleå,Sydkorea,8
2018,8,201808,Luleå,Syrien,6
2018,8,201808,Luleå,São Tomé och Príncipe,28
2018,8,201808,Luleå,Taiwan,12
2018,8,201808,Luleå,Thailand,7
2018,8,201808,Luleå,Tjeckien,25
2018,8,201808,Luleå,Tyskland,1488
2018,8,201808,Luleå,USA,1291
2018,8,201808,Luleå,Ukraina,9
2018,8,201808,Luleå,Ungern,30
2018,8,201808,Luleå,Österrike,48
2018,8,201808,Luleå,Övriga Världen,6
2018,9,201809,Luleå,Australien,34
2018,9,201809,Luleå,Bahrain,3
2018,9,201809,Luleå,Belgien,52
2018,9,201809,Luleå,Brasilien,1
2018,9,201809,Luleå,Danmark,72
2018,9,201809,Luleå,Ej angivet,502
2018,9,201809,Luleå,Estland,14
2018,9,201809,Luleå,Finland,610
2018,9,201809,Luleå,Frankrike,67
2018,9,201809,Luleå,Georgien,11
2018,9,201809,Luleå,Grekland,8
2018,9,201809,Luleå,Indien,8
2018,9,201809,Luleå,Indonesien,2
2018,9,201809,Luleå,Irland,47
2018,9,201809,Luleå,Island,1
2018,9,201809,Luleå,Israel,4
2018,9,201809,Luleå,Italien,61
2018,9,201809,Luleå,Japan,104
2018,9,201809,Luleå,Kanada,7
2018,9,201809,Luleå,Kina,17
2018,9,201809,Luleå,Kroatien,6
2018,9,201809,Luleå,Kuwait,2
2018,9,201809,Luleå,Litauen,115
2018,9,201809,Luleå,Luxemburg,11
2018,9,201809,Luleå,Nederländerna,72
2018,9,201809,Luleå,Norge,699
2018,9,201809,Luleå,Nya Zeeland,6
2018,9,201809,Luleå,Polen,112
2018,9,201809,Luleå,Portugal,49
2018,9,201809,Luleå,Rumänien,6
2018,9,201809,Luleå,Ryssland,25
2018,9,201809,Luleå,Schweiz,135
2018,9,201809,Luleå,Sierra Leone,2
2018,9,201809,Luleå,Singapore,1
2018,9,201809,Luleå,Slovakien,2
2018,9,201809,Luleå,Slovenien,1
2018,9,201809,Luleå,Spanien,38
2018,9,201809,Luleå,Storbritannien,148
2018,9,201809,Luleå,Sverige,30876
2018,9,201809,Luleå,Sydafrika,2
2018,9,201809,Luleå,Sydkorea,3
2018,9,201809,Luleå,Thailand,52
2018,9,201809,Luleå,Tjeckien,143
2018,9,201809,Luleå,Turkiet,18
2018,9,201809,Luleå,Tyskland,542
2018,9,201809,Luleå,USA,676
2018,9,201809,Luleå,Ukraina,2
2018,9,201809,Luleå,Österrike,42
2018,10,201810,Luleå,Australien,40
2018,10,201810,Luleå,Belgien,5
2018,10,201810,Luleå,Brasilien,14
2018,10,201810,Luleå,Chile,3
2018,10,201810,Luleå,Colombia,8
2018,10,201810,Luleå,Danmark,158
2018,10,201810,Luleå,Ecuador,4
2018,10,201810,Luleå,Ej angivet,286
2018,10,201810,Luleå,Estland,70
2018,10,201810,Luleå,Finland,766
2018,10,201810,Luleå,Frankrike,97
2018,10,201810,Luleå,Georgien,2
2018,10,201810,Luleå,Grekland,11
2018,10,201810,Luleå,Indien,30
2018,10,201810,Luleå,Iran,2
2018,10,201810,Luleå,Irland,27
2018,10,201810,Luleå,Island,3
2018,10,201810,Luleå,Israel,3
2018,10,201810,Luleå,Italien,32
2018,10,201810,Luleå,Japan,18
2018,10,201810,Luleå,Kanada,3
2018,10,201810,Luleå,Kina,37
2018,10,201810,Luleå,Kroatien,1
2018,10,201810,Luleå,Lettland,4
2018,10,201810,Luleå,Liechtenstein,10
2018,10,201810,Luleå,Litauen,19
2018,10,201810,Luleå,Luxemburg,3
2018,10,201810,Luleå,Nederländerna,70
2018,10,201810,Luleå,Norge,599
2018,10,201810,Luleå,Nya Zeeland,5
2018,10,201810,Luleå,Polen,112
2018,10,201810,Luleå,Portugal,25
2018,10,201810,Luleå,Rumänien,19
2018,10,201810,Luleå,Ryssland,25
2018,10,201810,Luleå,Schweiz,50
2018,10,201810,Luleå,Singapore,2
2018,10,201810,Luleå,Slovakien,2
2018,10,201810,Luleå,Spanien,135
2018,10,201810,Luleå,Storbritannien,257
2018,10,201810,Luleå,Sverige,28669
2018,10,201810,Luleå,Sydafrika,12
2018,10,201810,Luleå,Sydkorea,1
2018,10,201810,Luleå,Taiwan,8
2018,10,201810,Luleå,Thailand,3
2018,10,201810,Luleå,Tjeckien,129
2018,10,201810,Luleå,Tyskland,375
2018,10,201810,Luleå,USA,4737
2018,10,201810,Luleå,Ungern,3
2018,10,201810,Luleå,Österrike,23
2018,10,201810,Luleå,Övriga Europa,82
2018,11,201811,Luleå,Albanien,1
2018,11,201811,Luleå,Australien,13
2018,11,201811,Luleå,Belgien,11
2018,11,201811,Luleå,Danmark,50
2018,11,201811,Luleå,Ej angivet,271
2018,11,201811,Luleå,Estland,116
2018,11,201811,Luleå,Finland,243
2018,11,201811,Luleå,Frankrike,149
2018,11,201811,Luleå,Förenade Arabemiraten,2
2018,11,201811,Luleå,Georgien,4
2018,11,201811,Luleå,Grekland,3
2018,11,201811,Luleå,Indien,11
2018,11,201811,Luleå,Irland,23
2018,11,201811,Luleå,Island,11
2018,11,201811,Luleå,Italien,21
2018,11,201811,Luleå,Japan,22
2018,11,201811,Luleå,Kanada,3
2018,11,201811,Luleå,Kina,59
2018,11,201811,Luleå,Lettland,9
2018,11,201811,Luleå,Litauen,9
2018,11,201811,Luleå,Luxemburg,1
2018,11,201811,Luleå,Malaysia,11
2018,11,201811,Luleå,Mexiko,10
2018,11,201811,Luleå,Nederländerna,78
2018,11,201811,Luleå,Norge,320
2018,11,201811,Luleå,Polen,67
2018,11,201811,Luleå,Portugal,4
2018,11,201811,Luleå,Rumänien,4
2018,11,201811,Luleå,Ryssland,73
2018,11,201811,Luleå,Schweiz,106
2018,11,201811,Luleå,Sierra Leone,2
2018,11,201811,Luleå,Singapore,10
2018,11,201811,Luleå,Spanien,133
2018,11,201811,Luleå,Storbritannien,71
2018,11,201811,Luleå,Sverige,30238
2018,11,201811,Luleå,Sydafrika,8
2018,11,201811,Luleå,Sydkorea,1
2018,11,201811,Luleå,Thailand,1192
2018,11,201811,Luleå,Tjeckien,88
2018,11,201811,Luleå,Tyskland,223
2018,11,201811,Luleå,USA,2395
2018,11,201811,Luleå,Ungern,13
2018,11,201811,Luleå,Österrike,17
2018,11,201811,Luleå,Övriga Europa,26
2018,11,201811,Luleå,Övriga Världen,59
2018,12,201812,Luleå,Australien,26
2018,12,201812,Luleå,Belgien,65
2018,12,201812,Luleå,Brasilien,9
2018,12,201812,Luleå,Chile,4
2018,12,201812,Luleå,Colombia,3
2018,12,201812,Luleå,Danmark,58
2018,12,201812,Luleå,Ej angivet,197
2018,12,201812,Luleå,Estland,10
2018,12,201812,Luleå,Finland,541
2018,12,201812,Luleå,Frankrike,235
2018,12,201812,Luleå,Förenade Arabemiraten,17
2018,12,201812,Luleå,Georgien,1
2018,12,201812,Luleå,Indien,39
2018,12,201812,Luleå,Indonesien,5
2018,12,201812,Luleå,Irland,14
2018,12,201812,Luleå,Island,2
2018,12,201812,Luleå,Italien,48
2018,12,201812,Luleå,Japan,51
2018,12,201812,Luleå,Kanada,4
2018,12,201812,Luleå,Kina,632
2018,12,201812,Luleå,Lettland,2
2018,12,201812,Luleå,Litauen,44
2018,12,201812,Luleå,Luxemburg,4
2018,12,201812,Luleå,Malaysia,18
2018,12,201812,Luleå,Mexiko,4
2018,12,201812,Luleå,Namibia,2
2018,12,201812,Luleå,Nederländerna,80
2018,12,201812,Luleå,Niger,2
2018,12,201812,Luleå,Norge,344
2018,12,201812,Luleå,Peru,18
2018,12,201812,Luleå,Polen,156
2018,12,201812,Luleå,Rumänien,17
2018,12,201812,Luleå,Ryssland,81
2018,12,201812,Luleå,Saudiarabien,8
2018,12,201812,Luleå,Schweiz,142
2018,12,201812,Luleå,Singapore,18
2018,12,201812,Luleå,Slovakien,1
2018,12,201812,Luleå,Slovenien,4
2018,12,201812,Luleå,Spanien,136
2018,12,201812,Luleå,Storbritannien,260
2018,12,201812,Luleå,Sverige,23053
2018,12,201812,Luleå,Swaziland,1
2018,12,201812,Luleå,Sydafrika,16
2018,12,201812,Luleå,Taiwan,9
2018,12,201812,Luleå,Tjeckien,12
2018,12,201812,Luleå,Tyskland,722
2018,12,201812,Luleå,USA,914
2018,12,201812,Luleå,Ukraina,24
2018,12,201812,Luleå,Ungern,2
2018,12,201812,Luleå,Österrike,12
2018,12,201812,Luleå,Övriga Världen,90
2019,1,201901,Luleå,Australien,55
2019,1,201901,Luleå,Belgien,107
2019,1,201901,Luleå,Danmark,151
2019,1,201901,Luleå,Ej angivet,409
2019,1,201901,Luleå,Estland,4
2019,1,201901,Luleå,Filippinerna,1
2019,1,201901,Luleå,Finland,357
2019,1,201901,Luleå,Frankrike,129
2019,1,201901,Luleå,Förenade Arabemiraten,1
2019,1,201901,Luleå,Grekland,9
2019,1,201901,Luleå,Indien,9
2019,1,201901,Luleå,Indonesien,1
2019,1,201901,Luleå,Irland,59
2019,1,201901,Luleå,Israel,1
2019,1,201901,Luleå,Italien,56
2019,1,201901,Luleå,Japan,34
2019,1,201901,Luleå,Kanada,13
2019,1,201901,Luleå,Kina,385
2019,1,201901,Luleå,Litauen,15
2019,1,201901,Luleå,Luxemburg,2
2019,1,201901,Luleå,Nederländerna,110
2019,1,201901,Luleå,Niger,2
2019,1,201901,Luleå,Norge,229
2019,1,201901,Luleå,Nya Zeeland,1
2019,1,201901,Luleå,Polen,60
2019,1,201901,Luleå,Portugal,4
2019,1,201901,Luleå,Rumänien,4
2019,1,201901,Luleå,Ryssland,153
2019,1,201901,Luleå,Saudiarabien,2
2019,1,201901,Luleå,Schweiz,136
2019,1,201901,Luleå,Seychellerna,1
2019,1,201901,Luleå,Singapore,6
2019,1,201901,Luleå,Slovakien,1
2019,1,201901,Luleå,Slovenien,1
2019,1,201901,Luleå,Spanien,82
2019,1,201901,Luleå,Storbritannien,204
2019,1,201901,Luleå,Sverige,22830
2019,1,201901,Luleå,Sydafrika,1
2019,1,201901,Luleå,Sydkorea,2
2019,1,201901,Luleå,Taiwan,22
2019,1,201901,Luleå,Tjeckien,9
2019,1,201901,Luleå,Turkiet,1
2019,1,201901,Luleå,Tyskland,358
2019,1,201901,Luleå,USA,747
2019,1,201901,Luleå,Österrike,20
2019,1,201901,Luleå,Övriga Europa,1
2019,1,201901,Luleå,Övriga Världen,7
2019,2,201902,Luleå,Argentina,1
2019,2,201902,Luleå,Australien,35
2019,2,201902,Luleå,Belgien,119
2019,2,201902,Luleå,Chile,6
2019,2,201902,Luleå,Costa Rica,1
2019,2,201902,Luleå,Danmark,326
2019,2,201902,Luleå,Ej angivet,402
2019,2,201902,Luleå,El Salvador,2
2019,2,201902,Luleå,Estland,11
2019,2,201902,Luleå,Finland,391
2019,2,201902,Luleå,Frankrike,212
2019,2,201902,Luleå,Förenade Arabemiraten,8
2019,2,201902,Luleå,Grekland,4
2019,2,201902,Luleå,Guinea,11
2019,2,201902,Luleå,Haiti,2
2019,2,201902,Luleå,Indien,3
2019,2,201902,Luleå,Indonesien,4
2019,2,201902,Luleå,Irland,44
2019,2,201902,Luleå,Island,4
2019,2,201902,Luleå,Israel,2
2019,2,201902,Luleå,Italien,162
2019,2,201902,Luleå,Japan,43
2019,2,201902,Luleå,Kanada,5
2019,2,201902,Luleå,Kina,197
2019,2,201902,Luleå,Lettland,1
2019,2,201902,Luleå,Litauen,5
2019,2,201902,Luleå,Luxemburg,7
2019,2,201902,Luleå,Malaysia,9
2019,2,201902,Luleå,Nederländerna,2529
2019,2,201902,Luleå,Niger,63
2019,2,201902,Luleå,Norge,220
2019,2,201902,Luleå,Polen,81
2019,2,201902,Luleå,Portugal,16
2019,2,201902,Luleå,Rumänien,4
2019,2,201902,Luleå,Ryssland,92
2019,2,201902,Luleå,Schweiz,73
2019,2,201902,Luleå,Singapore,4
2019,2,201902,Luleå,Slovakien,1
2019,2,201902,Luleå,Slovenien,1
2019,2,201902,Luleå,Spanien,40
2019,2,201902,Luleå,Storbritannien,460
2019,2,201902,Luleå,Sverige,28650
2019,2,201902,Luleå,Taiwan,84
2019,2,201902,Luleå,Thailand,4
2019,2,201902,Luleå,Tjeckien,13
2019,2,201902,Luleå,Turkiet,11
2019,2,201902,Luleå,Tyskland,572
2019,2,201902,Luleå,USA,1141
2019,2,201902,Luleå,Ukraina,3
2019,2,201902,Luleå,Ungern,48
2019,2,201902,Luleå,Österrike,32
2019,2,201902,Luleå,Övriga Asien,2
2019,2,201902,Luleå,Övriga Världen,15
2019,3,201903,Luleå,Australien,8
2019,3,201903,Luleå,Belgien,275
2019,3,201903,Luleå,Brasilien,5
2019,3,201903,Luleå,Bulgarien,1
2019,3,201903,Luleå,Chile,5
2019,3,201903,Luleå,Danmark,115
2019,3,201903,Luleå,Ecuador,2
2019,3,201903,Luleå,Ej angivet,235
2019,3,201903,Luleå,Estland,13
2019,3,201903,Luleå,Filippinerna,25
2019,3,201903,Luleå,Finland,433
2019,3,201903,Luleå,Frankrike,557
2019,3,201903,Luleå,Förenade Arabemiraten,2
2019,3,201903,Luleå,Grekland,3
2019,3,201903,Luleå,Guinea,5
2019,3,201903,Luleå,Indien,13
2019,3,201903,Luleå,Indonesien,2
2019,3,201903,Luleå,Irland,23
2019,3,201903,Luleå,Island,33
2019,3,201903,Luleå,Italien,72
2019,3,201903,Luleå,Japan,19
2019,3,201903,Luleå,Kanada,16
2019,3,201903,Luleå,Kina,52
2019,3,201903,Luleå,Lettland,2
2019,3,201903,Luleå,Litauen,24
2019,3,201903,Luleå,Luxemburg,2
2019,3,201903,Luleå,Mexiko,2
2019,3,201903,Luleå,Nederländerna,112
2019,3,201903,Luleå,Niger,6
2019,3,201903,Luleå,Norge,548
2019,3,201903,Luleå,Polen,174
2019,3,201903,Luleå,Portugal,25
2019,3,201903,Luleå,Rumänien,15
2019,3,201903,Luleå,Ryssland,181
2019,3,201903,Luleå,Schweiz,312
2019,3,201903,Luleå,Singapore,10
2019,3,201903,Luleå,Slovakien,3
2019,3,201903,Luleå,Slovenien,8
2019,3,201903,Luleå,Spanien,115
2019,3,201903,Luleå,Storbritannien,583
2019,3,201903,Luleå,Sverige,29902
2019,3,201903,Luleå,Sydafrika,2
2019,3,201903,Luleå,Sydkorea,5
2019,3,201903,Luleå,Taiwan,3
2019,3,201903,Luleå,Thailand,12
2019,3,201903,Luleå,Tjeckien,27
2019,3,201903,Luleå,Turkiet,10
2019,3,201903,Luleå,Tyskland,619
2019,3,201903,Luleå,USA,1176
2019,3,201903,Luleå,Ukraina,1
2019,3,201903,Luleå,Ungern,15
2019,3,201903,Luleå,Vitryssland,3
2019,3,201903,Luleå,Österrike,47
2019,3,201903,Luleå,Övriga Amerika,2
2019,3,201903,Luleå,Övriga Asien,2
2019,3,201903,Luleå,Övriga Världen,32
2019,4,201904,Luleå,Afghanistan,1
2019,4,201904,Luleå,Australien,13
2019,4,201904,Luleå,Bahrain,1
2019,4,201904,Luleå,Belgien,105
2019,4,201904,Luleå,Chile,3
2019,4,201904,Luleå,Danmark,89
2019,4,201904,Luleå,Ej angivet,64
2019,4,201904,Luleå,Estland,44
2019,4,201904,Luleå,Finland,648
2019,4,201904,Luleå,Frankrike,132
2019,4,201904,Luleå,Indien,1
2019,4,201904,Luleå,Iran,4
2019,4,201904,Luleå,Irland,34
2019,4,201904,Luleå,Israel,4
2019,4,201904,Luleå,Italien,23
2019,4,201904,Luleå,Japan,1
2019,4,201904,Luleå,Kanada,9
2019,4,201904,Luleå,Kina,14
2019,4,201904,Luleå,Kroatien,9
2019,4,201904,Luleå,Litauen,6
2019,4,201904,Luleå,Luxemburg,5
2019,4,201904,Luleå,Malta,1
2019,4,201904,Luleå,Nederländerna,38
2019,4,201904,Luleå,Niger,2
2019,4,201904,Luleå,Norge,855
2019,4,201904,Luleå,Nya Zeeland,6
2019,4,201904,Luleå,Polen,127
2019,4,201904,Luleå,Qatar,1
2019,4,201904,Luleå,Rumänien,5
2019,4,201904,Luleå,Ryssland,188
2019,4,201904,Luleå,Saudiarabien,2
2019,4,201904,Luleå,Schweiz,120
2019,4,201904,Luleå,Slovakien,3
2019,4,201904,Luleå,Spanien,31
2019,4,201904,Luleå,Storbritannien,139
2019,4,201904,Luleå,Sverige,22925
2019,4,201904,Luleå,Thailand,18
2019,4,201904,Luleå,Tjeckien,31
2019,4,201904,Luleå,Turkiet,6
2019,4,201904,Luleå,Tyskland,262
2019,4,201904,Luleå,USA,710
2019,4,201904,Luleå,Ukraina,6
2019,4,201904,Luleå,Ungern,8
2019,4,201904,Luleå,Österrike,37
2019,4,201904,Luleå,Övriga Asien,3
2019,4,201904,Luleå,Övriga Världen,9
2019,5,201905,Luleå,Argentina,87
2019,5,201905,Luleå,Australien,16
2019,5,201905,Luleå,Azerbajdzjan,2
2019,5,201905,Luleå,Bahrain,2
2019,5,201905,Luleå,Belgien,18
2019,5,201905,Luleå,Brasilien,8
2019,5,201905,Luleå,Chile,1
2019,5,201905,Luleå,Colombia,1
2019,5,201905,Luleå,Danmark,77
2019,5,201905,Luleå,Ej angivet,95
2019,5,201905,Luleå,Estland,11
2019,5,201905,Luleå,Finland,1037
2019,5,201905,Luleå,Frankrike,106
2019,5,201905,Luleå,Georgien,4
2019,5,201905,Luleå,Grekland,1
2019,5,201905,Luleå,Haiti,1
2019,5,201905,Luleå,Indien,3
2019,5,201905,Luleå,Iran,35
2019,5,201905,Luleå,Irland,19
2019,5,201905,Luleå,Island,2
2019,5,201905,Luleå,Italien,115
2019,5,201905,Luleå,Japan,6
2019,5,201905,Luleå,Kanada,10
2019,5,201905,Luleå,Kina,71
2019,5,201905,Luleå,Lettland,2
2019,5,201905,Luleå,Litauen,97
2019,5,201905,Luleå,Luxemburg,3
2019,5,201905,Luleå,Mexiko,14
2019,5,201905,Luleå,Nederländerna,70
2019,5,201905,Luleå,Niger,3
2019,5,201905,Luleå,Norge,651
2019,5,201905,Luleå,Polen,520
2019,5,201905,Luleå,Portugal,5
2019,5,201905,Luleå,Ryssland,27
2019,5,201905,Luleå,Schweiz,161
2019,5,201905,Luleå,Sierra Leone,2
2019,5,201905,Luleå,Singapore,2
2019,5,201905,Luleå,Slovakien,1
2019,5,201905,Luleå,Slovenien,6
2019,5,201905,Luleå,Spanien,50
2019,5,201905,Luleå,Storbritannien,2445
2019,5,201905,Luleå,Sverige,29865
2019,5,201905,Luleå,Swaziland,2
2019,5,201905,Luleå,Tjeckien,8
2019,5,201905,Luleå,Turkiet,2
2019,5,201905,Luleå,Tyskland,627
2019,5,201905,Luleå,USA,3320
2019,5,201905,Luleå,Ungern,38
2019,5,201905,Luleå,Österrike,11
2019,5,201905,Luleå,Övriga Amerika,2
2019,5,201905,Luleå,Övriga Asien,2
2019,5,201905,Luleå,Övriga Världen,11
2019,6,201906,Luleå,Algeriet,4
2019,6,201906,Luleå,Argentina,44
2019,6,201906,Luleå,Australien,32
2019,6,201906,Luleå,Bahamas,3
2019,6,201906,Luleå,Bahrain,4
2019,6,201906,Luleå,Belgien,74
2019,6,201906,Luleå,Danmark,127
2019,6,201906,Luleå,Ej angivet,53
2019,6,201906,Luleå,Estland,68
2019,6,201906,Luleå,Finland,2279
2019,6,201906,Luleå,Frankrike,150
2019,6,201906,Luleå,Georgien,33
2019,6,201906,Luleå,Indien,1
2019,6,201906,Luleå,Iran,3
2019,6,201906,Luleå,Irland,67
2019,6,201906,Luleå,Island,5
2019,6,201906,Luleå,Israel,1
2019,6,201906,Luleå,Italien,82
2019,6,201906,Luleå,Japan,21
2019,6,201906,Luleå,Kanada,3
2019,6,201906,Luleå,Kina,71
2019,6,201906,Luleå,Kroatien,2
2019,6,201906,Luleå,Lettland,6
2019,6,201906,Luleå,Luxemburg,2
2019,6,201906,Luleå,Mexiko,17
2019,6,201906,Luleå,Nauru,4
2019,6,201906,Luleå,Nederländerna,459
2019,6,201906,Luleå,Niger,10
2019,6,201906,Luleå,Norge,6572
2019,6,201906,Luleå,Nya Zeeland,2
2019,6,201906,Luleå,Polen,218
2019,6,201906,Luleå,Portugal,38
2019,6,201906,Luleå,Rumänien,8
2019,6,201906,Luleå,Ryssland,71
2019,6,201906,Luleå,Saudiarabien,4
2019,6,201906,Luleå,Schweiz,390
2019,6,201906,Luleå,Seychellerna,6
2019,6,201906,Luleå,Singapore,1
2019,6,201906,Luleå,Slovakien,1
2019,6,201906,Luleå,Slovenien,5
2019,6,201906,Luleå,Spanien,136
2019,6,201906,Luleå,Sri Lanka,2
2019,6,201906,Luleå,Storbritannien,1354
2019,6,201906,Luleå,Sverige,35333
2019,6,201906,Luleå,Swaziland,8
2019,6,201906,Luleå,Sydafrika,6
2019,6,201906,Luleå,Sydkorea,16
2019,6,201906,Luleå,Syrien,6
2019,6,201906,Luleå,Thailand,2
2019,6,201906,Luleå,Tjeckien,26
2019,6,201906,Luleå,Turkiet,4
2019,6,201906,Luleå,Tyskland,1812
2019,6,201906,Luleå,USA,2962
2019,6,201906,Luleå,Ukraina,8
2019,6,201906,Luleå,Ungern,76
2019,6,201906,Luleå,Österrike,83
2019,6,201906,Luleå,Övriga Amerika,3
2019,6,201906,Luleå,Övriga Världen,25
2019,7,201907,Luleå,Albanien,1
2019,7,201907,Luleå,Australien,28
2019,7,201907,Luleå,Bahamas,15
2019,7,201907,Luleå,Bangladesh,2
2019,7,201907,Luleå,Belgien,192
2019,7,201907,Luleå,Brasilien,5
2019,7,201907,Luleå,Danmark,405
2019,7,201907,Luleå,Ecuador,1
2019,7,201907,Luleå,Ej angivet,215
2019,7,201907,Luleå,El Salvador,1
2019,7,201907,Luleå,Estland,18
2019,7,201907,Luleå,Finland,3010
2019,7,201907,Luleå,Frankrike,255
2019,7,201907,Luleå,Georgien,9
2019,7,201907,Luleå,Grekland,4
2019,7,201907,Luleå,Indien,1
2019,7,201907,Luleå,Iran,10
2019,7,201907,Luleå,Irland,74
2019,7,201907,Luleå,Israel,2
2019,7,201907,Luleå,Italien,204
2019,7,201907,Luleå,Japan,2
2019,7,201907,Luleå,Kanada,10
2019,7,201907,Luleå,Kina,21
2019,7,201907,Luleå,Kroatien,4
2019,7,201907,Luleå,Lettland,6
2019,7,201907,Luleå,Litauen,16
2019,7,201907,Luleå,Luxemburg,7
2019,7,201907,Luleå,Malta,8
2019,7,201907,Luleå,Moldavien,1
2019,7,201907,Luleå,Myanmar,1
2019,7,201907,Luleå,Nederländerna,293
2019,7,201907,Luleå,Niger,53
2019,7,201907,Luleå,Norge,52712
2019,7,201907,Luleå,Nya Zeeland,4
2019,7,201907,Luleå,Polen,164
2019,7,201907,Luleå,Portugal,72
2019,7,201907,Luleå,Rumänien,11
2019,7,201907,Luleå,Ryssland,94
2019,7,201907,Luleå,Saudiarabien,1
2019,7,201907,Luleå,Schweiz,521
2019,7,201907,Luleå,Seychellerna,4
2019,7,201907,Luleå,Singapore,31
2019,7,201907,Luleå,Slovakien,12
2019,7,201907,Luleå,Slovenien,4
2019,7,201907,Luleå,Spanien,181
2019,7,201907,Luleå,Storbritannien,284
2019,7,201907,Luleå,Sudan,24
2019,7,201907,Luleå,Sverige,52325
2019,7,201907,Luleå,Swaziland,6
2019,7,201907,Luleå,Syrien,4
2019,7,201907,Luleå,São Tomé och Príncipe,16
2019,7,201907,Luleå,Thailand,6
2019,7,201907,Luleå,Tjeckien,32
2019,7,201907,Luleå,Turkiet,4
2019,7,201907,Luleå,Tyskland,1773
2019,7,201907,Luleå,USA,4144
2019,7,201907,Luleå,Ukraina,4
2019,7,201907,Luleå,Ungern,44
2019,7,201907,Luleå,Österrike,70
2019,7,201907,Luleå,Övriga Världen,7
2019,8,201908,Luleå,Albanien,2
2019,8,201908,Luleå,Australien,26
2019,8,201908,Luleå,Bahamas,11
2019,8,201908,Luleå,Belgien,113
2019,8,201908,Luleå,Botswana,2
2019,8,201908,Luleå,Brasilien,3
2019,8,201908,Luleå,Bulgarien,6
2019,8,201908,Luleå,Costa Rica,4
2019,8,201908,Luleå,Cypern,4
2019,8,201908,Luleå,Danmark,161
2019,8,201908,Luleå,Ecuador,2
2019,8,201908,Luleå,Ej angivet,56
2019,8,201908,Luleå,Estland,23
2019,8,201908,Luleå,Finland,1324
2019,8,201908,Luleå,Frankrike,255
2019,8,201908,Luleå,Gambia,4
2019,8,201908,Luleå,Georgien,41
2019,8,201908,Luleå,Grekland,5
2019,8,201908,Luleå,Irland,34
2019,8,201908,Luleå,Island,44
2019,8,201908,Luleå,Israel,7
2019,8,201908,Luleå,Italien,322
2019,8,201908,Luleå,Japan,50
2019,8,201908,Luleå,Kanada,9
2019,8,201908,Luleå,Kina,59
2019,8,201908,Luleå,Lettland,7
2019,8,201908,Luleå,Litauen,3
2019,8,201908,Luleå,Luxemburg,3
2019,8,201908,Luleå,Marocko,2
2019,8,201908,Luleå,Monaco,2
2019,8,201908,Luleå,Nederländerna,427
2019,8,201908,Luleå,Niger,1
2019,8,201908,Luleå,Norge,8020
2019,8,201908,Luleå,Nya Zeeland,7
2019,8,201908,Luleå,Polen,342
2019,8,201908,Luleå,Portugal,28
2019,8,201908,Luleå,Rumänien,2
2019,8,201908,Luleå,Ryssland,99
2019,8,201908,Luleå,Saudiarabien,6
2019,8,201908,Luleå,Schweiz,385
2019,8,201908,Luleå,Seychellerna,4
2019,8,201908,Luleå,Sierra Leone,3
2019,8,201908,Luleå,Singapore,5
2019,8,201908,Luleå,Slovakien,7
2019,8,201908,Luleå,Slovenien,2
2019,8,201908,Luleå,Somalia,2
2019,8,201908,Luleå,Spanien,116
2019,8,201908,Luleå,Storbritannien,157
2019,8,201908,Luleå,Sverige,35089
2019,8,201908,Luleå,Swaziland,1
2019,8,201908,Luleå,Sydkorea,2
2019,8,201908,Luleå,Taiwan,8
2019,8,201908,Luleå,Thailand,20
2019,8,201908,Luleå,Tjeckien,39
2019,8,201908,Luleå,Turkiet,1
2019,8,201908,Luleå,Tyskland,1793
2019,8,201908,Luleå,USA,1883
2019,8,201908,Luleå,Ukraina,13
2019,8,201908,Luleå,Ungern,40
2019,8,201908,Luleå,Venezuela,2
2019,8,201908,Luleå,Österrike,126
2019,8,201908,Luleå,Övriga Amerika,15
2019,9,201909,Luleå,Andorra,4
2019,9,201909,Luleå,Argentina,2
2019,9,201909,Luleå,Australien,28
2019,9,201909,Luleå,Bahamas,1
2019,9,201909,Luleå,Belgien,46
2019,9,201909,Luleå,Cypern,4
2019,9,201909,Luleå,Danmark,97
2019,9,201909,Luleå,Ej angivet,65
2019,9,201909,Luleå,Estland,11
2019,9,201909,Luleå,Finland,638
2019,9,201909,Luleå,Frankrike,76
2019,9,201909,Luleå,Georgien,2
2019,9,201909,Luleå,Grekland,5
2019,9,201909,Luleå,Indien,8
2019,9,201909,Luleå,Irland,91
2019,9,201909,Luleå,Island,12
2019,9,201909,Luleå,Israel,1
2019,9,201909,Luleå,Italien,28
2019,9,201909,Luleå,Japan,83
2019,9,201909,Luleå,Jordanien,1
2019,9,201909,Luleå,Kanada,18
2019,9,201909,Luleå,Kina,5
2019,9,201909,Luleå,Kroatien,9
2019,9,201909,Luleå,Lettland,15
2019,9,201909,Luleå,Litauen,35
2019,9,201909,Luleå,Luxemburg,4
2019,9,201909,Luleå,Malaysia,1
2019,9,201909,Luleå,Mexiko,6
2019,9,201909,Luleå,Nederländerna,157
2019,9,201909,Luleå,Niger,2
2019,9,201909,Luleå,Norge,609
2019,9,201909,Luleå,Nya Zeeland,4
2019,9,201909,Luleå,Polen,497
2019,9,201909,Luleå,Portugal,8
2019,9,201909,Luleå,Rumänien,3
2019,9,201909,Luleå,Ryssland,111
2019,9,201909,Luleå,Schweiz,100
2019,9,201909,Luleå,Sierra Leone,5
2019,9,201909,Luleå,Singapore,3
2019,9,201909,Luleå,Slovakien,96
2019,9,201909,Luleå,Spanien,145
2019,9,201909,Luleå,Storbritannien,127
2019,9,201909,Luleå,Sverige,27352
2019,9,201909,Luleå,Swaziland,5
2019,9,201909,Luleå,Taiwan,2
2019,9,201909,Luleå,Thailand,1
2019,9,201909,Luleå,Tjeckien,2
2019,9,201909,Luleå,Tyskland,558
2019,9,201909,Luleå,USA,830
2019,9,201909,Luleå,Ungern,14
2019,9,201909,Luleå,Österrike,78
2019,10,201910,Luleå,Argentina,6
2019,10,201910,Luleå,Australien,6
2019,10,201910,Luleå,Bahamas,5
2019,10,201910,Luleå,Belgien,28
2019,10,201910,Luleå,Brasilien,1
2019,10,201910,Luleå,Bulgarien,63
2019,10,201910,Luleå,Burundi,4
2019,10,201910,Luleå,Chile,1
2019,10,201910,Luleå,Danmark,76
2019,10,201910,Luleå,Ej angivet,99
2019,10,201910,Luleå,Estland,8
2019,10,201910,Luleå,Finland,722
2019,10,201910,Luleå,Frankrike,62
2019,10,201910,Luleå,Förenade Arabemiraten,27
2019,10,201910,Luleå,Grekland,4
2019,10,201910,Luleå,Indien,5
2019,10,201910,Luleå,Irland,59
2019,10,201910,Luleå,Island,6
2019,10,201910,Luleå,Italien,28
2019,10,201910,Luleå,Japan,1
2019,10,201910,Luleå,Kanada,23
2019,10,201910,Luleå,Kina,43
2019,10,201910,Luleå,Lettland,2
2019,10,201910,Luleå,Litauen,1
2019,10,201910,Luleå,Malaysia,1
2019,10,201910,Luleå,Mexiko,20
2019,10,201910,Luleå,Nederländerna,34
2019,10,201910,Luleå,Niger,1
2019,10,201910,Luleå,Norge,564
2019,10,201910,Luleå,Polen,417
2019,10,201910,Luleå,Portugal,2
2019,10,201910,Luleå,Rumänien,4
2019,10,201910,Luleå,Ryssland,29
2019,10,201910,Luleå,Schweiz,32
2019,10,201910,Luleå,Singapore,2
2019,10,201910,Luleå,Slovakien,170
2019,10,201910,Luleå,Slovenien,1
2019,10,201910,Luleå,Spanien,78
2019,10,201910,Luleå,Storbritannien,101
2019,10,201910,Luleå,Sverige,28451
2019,10,201910,Luleå,Sydafrika,5
2019,10,201910,Luleå,Sydkorea,14
2019,10,201910,Luleå,Taiwan,6
2019,10,201910,Luleå,Thailand,5
2019,10,201910,Luleå,Tjeckien,4
2019,10,201910,Luleå,Turkiet,2
2019,10,201910,Luleå,Tyskland,330
2019,10,201910,Luleå,USA,909
2019,10,201910,Luleå,Ukraina,5
2019,10,201910,Luleå,Ungern,4
2019,10,201910,Luleå,Zimbabwe,2
2019,10,201910,Luleå,Österrike,14
2019,10,201910,Luleå,Övriga Asien,4
2019,11,201911,Luleå,Andorra,1
2019,11,201911,Luleå,Argentina,4
2019,11,201911,Luleå,Australien,5
2019,11,201911,Luleå,Belgien,7
2019,11,201911,Luleå,Brasilien,47
2019,11,201911,Luleå,Bulgarien,51
2019,11,201911,Luleå,Danmark,85
2019,11,201911,Luleå,Ej angivet,116
2019,11,201911,Luleå,El Salvador,2
2019,11,201911,Luleå,Estland,14
2019,11,201911,Luleå,Finland,393
2019,11,201911,Luleå,Frankrike,100
2019,11,201911,Luleå,Förenade Arabemiraten,2
2019,11,201911,Luleå,Grekland,1
2019,11,201911,Luleå,Indien,4
2019,11,201911,Luleå,Iran,2
2019,11,201911,Luleå,Irland,50
2019,11,201911,Luleå,Island,7
2019,11,201911,Luleå,Israel,2
2019,11,201911,Luleå,Italien,14
2019,11,201911,Luleå,Japan,9
2019,11,201911,Luleå,Kanada,45
2019,11,201911,Luleå,Kina,32
2019,11,201911,Luleå,Lettland,2
2019,11,201911,Luleå,Litauen,8
2019,11,201911,Luleå,Malaysia,2
2019,11,201911,Luleå,Malta,16
2019,11,201911,Luleå,Nederländerna,26
2019,11,201911,Luleå,Nepal,8
2019,11,201911,Luleå,Norge,473
2019,11,201911,Luleå,Polen,470
2019,11,201911,Luleå,Portugal,5
2019,11,201911,Luleå,Rumänien,13
2019,11,201911,Luleå,Ryssland,72
2019,11,201911,Luleå,Saudiarabien,2
2019,11,201911,Luleå,Schweiz,44
2019,11,201911,Luleå,Singapore,9
2019,11,201911,Luleå,Slovakien,8
2019,11,201911,Luleå,Slovenien,6
2019,11,201911,Luleå,Spanien,116
2019,11,201911,Luleå,Storbritannien,97
2019,11,201911,Luleå,Sverige,30421
2019,11,201911,Luleå,Sydafrika,14
2019,11,201911,Luleå,Sydkorea,4
2019,11,201911,Luleå,Taiwan,3
2019,11,201911,Luleå,Thailand,3
2019,11,201911,Luleå,Tjeckien,3
2019,11,201911,Luleå,Turkiet,1
2019,11,201911,Luleå,Tyskland,347
2019,11,201911,Luleå,USA,1339
2019,11,201911,Luleå,Ukraina,2
2019,11,201911,Luleå,Ungern,1
2019,11,201911,Luleå,Österrike,53
2019,11,201911,Luleå,Övriga Asien,3
2019,11,201911,Luleå,Övriga Europa,10
2019,11,201911,Luleå,Övriga Världen,15
2019,12,201912,Luleå,Albanien,4
2019,12,201912,Luleå,Australien,146
2019,12,201912,Luleå,Belgien,49
2019,12,201912,Luleå,Brasilien,4
2019,12,201912,Luleå,Brunei,2
2019,12,201912,Luleå,Danmark,72
2019,12,201912,Luleå,Ej angivet,78
2019,12,201912,Luleå,El Salvador,2
2019,12,201912,Luleå,Estland,3
2019,12,201912,Luleå,Finland,405
2019,12,201912,Luleå,Frankrike,315
2019,12,201912,Luleå,Förenade Arabemiraten,19
2019,12,201912,Luleå,Georgien,28
2019,12,201912,Luleå,Grekland,28
2019,12,201912,Luleå,Indien,25
2019,12,201912,Luleå,Indonesien,1
2019,12,201912,Luleå,Irland,34
2019,12,201912,Luleå,Israel,4
2019,12,201912,Luleå,Italien,96
2019,12,201912,Luleå,Japan,102
2019,12,201912,Luleå,Kina,621
2019,12,201912,Luleå,Kroatien,1
2019,12,201912,Luleå,Kuwait,6
2019,12,201912,Luleå,Lettland,2
2019,12,201912,Luleå,Libyen,3
2019,12,201912,Luleå,Liechtenstein,3
2019,12,201912,Luleå,Litauen,9
2019,12,201912,Luleå,Luxemburg,58
2019,12,201912,Luleå,Malaysia,24
2019,12,201912,Luleå,Nederländerna,160
2019,12,201912,Luleå,Norge,346
2019,12,201912,Luleå,Nya Zeeland,11
2019,12,201912,Luleå,Pakistan,6
2019,12,201912,Luleå,Polen,405
2019,12,201912,Luleå,Portugal,13
2019,12,201912,Luleå,Rumänien,2
2019,12,201912,Luleå,Ryssland,299
2019,12,201912,Luleå,Saudiarabien,3
2019,12,201912,Luleå,Schweiz,218
2019,12,201912,Luleå,Singapore,37
2019,12,201912,Luleå,Slovakien,8
2019,12,201912,Luleå,Slovenien,5
2019,12,201912,Luleå,Spanien,66
2019,12,201912,Luleå,Storbritannien,368
2019,12,201912,Luleå,Sverige,21365
2019,12,201912,Luleå,Sydafrika,4
2019,12,201912,Luleå,Taiwan,4
2019,12,201912,Luleå,Thailand,88
2019,12,201912,Luleå,Tjeckien,13
2019,12,201912,Luleå,Turkiet,2
2019,12,201912,Luleå,Tyskland,714
2019,12,201912,Luleå,USA,1202
2019,12,201912,Luleå,Ukraina,15
2019,12,201912,Luleå,Ungern,15
2019,12,201912,Luleå,Österrike,17
2019,12,201912,Luleå,Övriga Världen,23
2020,1,202001,Luleå,Australien,82
2020,1,202001,Luleå,Belgien,84
2020,1,202001,Luleå,Brasilien,12
2020,1,202001,Luleå,Chile,1
2020,1,202001,Luleå,Danmark,99
2020,1,202001,Luleå,Ecuador,1
2020,1,202001,Luleå,Ej angivet,95
2020,1,202001,Luleå,Estland,6
2020,1,202001,Luleå,Finland,377
2020,1,202001,Luleå,Frankrike,401
2020,1,202001,Luleå,Förenade Arabemiraten,3
2020,1,202001,Luleå,Georgien,37
2020,1,202001,Luleå,Grekland,28
2020,1,202001,Luleå,Indien,7
2020,1,202001,Luleå,Indonesien,1
2020,1,202001,Luleå,Iran,2
2020,1,202001,Luleå,Irland,32
2020,1,202001,Luleå,Island,2
2020,1,202001,Luleå,Italien,90
2020,1,202001,Luleå,Japan,7
2020,1,202001,Luleå,Kanada,11
2020,1,202001,Luleå,Kina,279
2020,1,202001,Luleå,Kroatien,1
2020,1,202001,Luleå,Lettland,1
2020,1,202001,Luleå,Litauen,4
2020,1,202001,Luleå,Luxemburg,30
2020,1,202001,Luleå,Malaysia,23
2020,1,202001,Luleå,Malta,1
2020,1,202001,Luleå,Marocko,1
2020,1,202001,Luleå,Mexiko,1
2020,1,202001,Luleå,Nederländerna,228
2020,1,202001,Luleå,Nordkorea,1
2020,1,202001,Luleå,Norge,266
2020,1,202001,Luleå,Nya Zeeland,5
2020,1,202001,Luleå,Polen,398
2020,1,202001,Luleå,Portugal,1
2020,1,202001,Luleå,Rumänien,6
2020,1,202001,Luleå,Ryssland,97
2020,1,202001,Luleå,Saudiarabien,1
2020,1,202001,Luleå,Schweiz,68
2020,1,202001,Luleå,Singapore,7
2020,1,202001,Luleå,Slovenien,2
2020,1,202001,Luleå,Spanien,54
2020,1,202001,Luleå,Storbritannien,298
2020,1,202001,Luleå,Sverige,23870
2020,1,202001,Luleå,Sydafrika,13
2020,1,202001,Luleå,Sydkorea,6
2020,1,202001,Luleå,Taiwan,76
2020,1,202001,Luleå,Thailand,3
2020,1,202001,Luleå,Tjeckien,14
2020,1,202001,Luleå,Turkiet,17
2020,1,202001,Luleå,Tyskland,926
2020,1,202001,Luleå,USA,1113
2020,1,202001,Luleå,Ukraina,4
2020,1,202001,Luleå,Ungern,12
2020,1,202001,Luleå,Österrike,35
2020,1,202001,Luleå,Övriga Asien,1
2020,1,202001,Luleå,Övriga Världen,1
2020,2,202002,Luleå,Australien,35
2020,2,202002,Luleå,Belgien,133
2020,2,202002,Luleå,Brasilien,7
2020,2,202002,Luleå,Chile,2
2020,2,202002,Luleå,Cypern,2
2020,2,202002,Luleå,Danmark,174
2020,2,202002,Luleå,Ecuador,1
2020,2,202002,Luleå,Ej angivet,204
2020,2,202002,Luleå,El Salvador,2
2020,2,202002,Luleå,Estland,3
2020,2,202002,Luleå,Finland,518
2020,2,202002,Luleå,Frankrike,357
2020,2,202002,Luleå,Förenade Arabemiraten,10
2020,2,202002,Luleå,Georgien,2
2020,2,202002,Luleå,Grekland,8
2020,2,202002,Luleå,Guinea,7
2020,2,202002,Luleå,Indien,60
2020,2,202002,Luleå,Irak,1
2020,2,202002,Luleå,Irland,36
2020,2,202002,Luleå,Island,46
2020,2,202002,Luleå,Israel,17
2020,2,202002,Luleå,Italien,437
2020,2,202002,Luleå,Japan,68
2020,2,202002,Luleå,Kanada,11
2020,2,202002,Luleå,Kina,95
2020,2,202002,Luleå,Kroatien,1
2020,2,202002,Luleå,Lettland,7
2020,2,202002,Luleå,Litauen,12
2020,2,202002,Luleå,Malaysia,1
2020,2,202002,Luleå,Malta,5
2020,2,202002,Luleå,Mexiko,1
2020,2,202002,Luleå,Nederländerna,2115
2020,2,202002,Luleå,Nicaragua,15
2020,2,202002,Luleå,Niger,8
2020,2,202002,Luleå,Nordkorea,2
2020,2,202002,Luleå,Norge,337
2020,2,202002,Luleå,Polen,446
2020,2,202002,Luleå,Portugal,13
2020,2,202002,Luleå,Rumänien,5
2020,2,202002,Luleå,Ryssland,143
2020,2,202002,Luleå,Saudiarabien,3
2020,2,202002,Luleå,Schweiz,187
2020,2,202002,Luleå,Sierra Leone,1
2020,2,202002,Luleå,Singapore,3
2020,2,202002,Luleå,Slovakien,1
2020,2,202002,Luleå,Slovenien,6
2020,2,202002,Luleå,Spanien,134
2020,2,202002,Luleå,Storbritannien,377
2020,2,202002,Luleå,Sverige,34843
2020,2,202002,Luleå,Sydkorea,10
2020,2,202002,Luleå,Tadzjikistan,1
2020,2,202002,Luleå,Taiwan,39
2020,2,202002,Luleå,Thailand,9
2020,2,202002,Luleå,Tjeckien,15
2020,2,202002,Luleå,Turkiet,21
2020,2,202002,Luleå,Tyskland,1211
2020,2,202002,Luleå,USA,1850
2020,2,202002,Luleå,Ukraina,2
2020,2,202002,Luleå,Ungern,25
2020,2,202002,Luleå,Österrike,40
2020,2,202002,Luleå,Övriga Asien,8
2020,2,202002,Luleå,Övriga Europa,1
2020,2,202002,Luleå,Övriga Världen,6
2020,3,202003,Luleå,Argentina,2
2020,3,202003,Luleå,Australien,27
2020,3,202003,Luleå,Belgien,51
2020,3,202003,Luleå,Brasilien,7
2020,3,202003,Luleå,Danmark,72
2020,3,202003,Luleå,Egypten,2
2020,3,202003,Luleå,Ej angivet,41
2020,3,202003,Luleå,Estland,2
2020,3,202003,Luleå,Finland,319
2020,3,202003,Luleå,Frankrike,205
2020,3,202003,Luleå,Indien,5
2020,3,202003,Luleå,Iran,2
2020,3,202003,Luleå,Irland,89
2020,3,202003,Luleå,Island,1
2020,3,202003,Luleå,Italien,99
2020,3,202003,Luleå,Japan,18
2020,3,202003,Luleå,Kanada,2
2020,3,202003,Luleå,Kina,1
2020,3,202003,Luleå,Litauen,4
2020,3,202003,Luleå,Malaysia,4
2020,3,202003,Luleå,Mexiko,1
2020,3,202003,Luleå,Namibia,2
2020,3,202003,Luleå,Nederländerna,126
2020,3,202003,Luleå,Niger,6
2020,3,202003,Luleå,Norge,248
2020,3,202003,Luleå,Polen,486
2020,3,202003,Luleå,Portugal,2
2020,3,202003,Luleå,Rumänien,2
2020,3,202003,Luleå,Ryssland,86
2020,3,202003,Luleå,Schweiz,75
2020,3,202003,Luleå,Singapore,7
2020,3,202003,Luleå,Slovakien,1
2020,3,202003,Luleå,Spanien,43
2020,3,202003,Luleå,Storbritannien,191
2020,3,202003,Luleå,Sverige,17262
2020,3,202003,Luleå,Swaziland,2
2020,3,202003,Luleå,Taiwan,2
2020,3,202003,Luleå,Thailand,2
2020,3,202003,Luleå,Tjeckien,13
2020,3,202003,Luleå,Turkiet,9
2020,3,202003,Luleå,Tyskland,740
2020,3,202003,Luleå,USA,748
2020,3,202003,Luleå,Ukraina,3
2020,3,202003,Luleå,Ungern,16
2020,3,202003,Luleå,Österrike,25
2020,3,202003,Luleå,Övriga Asien,2
2020,3,202003,Luleå,Övriga Europa,8
2020,3,202003,Luleå,Övriga Världen,3
2020,4,202004,Luleå,Bahamas,1
2020,4,202004,Luleå,Belgien,11
2020,4,202004,Luleå,Danmark,14
2020,4,202004,Luleå,Ej angivet,18
2020,4,202004,Luleå,Estland,47
2020,4,202004,Luleå,Finland,46
2020,4,202004,Luleå,Frankrike,1
2020,4,202004,Luleå,Irland,11
2020,4,202004,Luleå,Kina,2
2020,4,202004,Luleå,Lettland,1
2020,4,202004,Luleå,Litauen,6
2020,4,202004,Luleå,Norge,79
2020,4,202004,Luleå,Polen,327
2020,4,202004,Luleå,Rumänien,3
2020,4,202004,Luleå,Ryssland,8
2020,4,202004,Luleå,Storbritannien,6
2020,4,202004,Luleå,Sverige,9318
2020,4,202004,Luleå,Tyskland,109
2020,4,202004,Luleå,USA,226
2020,5,202005,Luleå,Australien,2
2020,5,202005,Luleå,Belgien,4
2020,5,202005,Luleå,Bulgarien,6
2020,5,202005,Luleå,Danmark,24
2020,5,202005,Luleå,Ej angivet,22
2020,5,202005,Luleå,Estland,22
2020,5,202005,Luleå,Finland,30
2020,5,202005,Luleå,Frankrike,2
2020,5,202005,Luleå,Georgien,2
2020,5,202005,Luleå,Italien,4
2020,5,202005,Luleå,Lettland,1
2020,5,202005,Luleå,Litauen,9
2020,5,202005,Luleå,Nederländerna,4
2020,5,202005,Luleå,Norge,89
2020,5,202005,Luleå,Polen,648
2020,5,202005,Luleå,Rumänien,15
2020,5,202005,Luleå,Schweiz,4
2020,5,202005,Luleå,Somalia,2
2020,5,202005,Luleå,Spanien,1
2020,5,202005,Luleå,Storbritannien,1
2020,5,202005,Luleå,Sverige,14959
2020,5,202005,Luleå,Tyskland,73
2020,5,202005,Luleå,USA,177
2020,5,202005,Luleå,Österrike,4
2020,6,202006,Luleå,Australien,2
2020,6,202006,Luleå,Bahamas,3
2020,6,202006,Luleå,Bulgarien,5
2020,6,202006,Luleå,Danmark,13
2020,6,202006,Luleå,Ej angivet,54
2020,6,202006,Luleå,Elfenbenskusten,4
2020,6,202006,Luleå,Estland,3
2020,6,202006,Luleå,Finland,82
2020,6,202006,Luleå,Frankrike,20
2020,6,202006,Luleå,Georgien,6
2020,6,202006,Luleå,Grekland,1
2020,6,202006,Luleå,Indien,8
2020,6,202006,Luleå,Irland,5
2020,6,202006,Luleå,Island,1
2020,6,202006,Luleå,Italien,86
2020,6,202006,Luleå,Litauen,5
2020,6,202006,Luleå,Nederländerna,1
2020,6,202006,Luleå,Norge,99
2020,6,202006,Luleå,Polen,782
2020,6,202006,Luleå,Rumänien,20
2020,6,202006,Luleå,Ryssland,4
2020,6,202006,Luleå,Schweiz,26
2020,6,202006,Luleå,Slovenien,2
2020,6,202006,Luleå,Spanien,1
2020,6,202006,Luleå,Storbritannien,14
2020,6,202006,Luleå,Sverige,20916
2020,6,202006,Luleå,Swaziland,1
2020,6,202006,Luleå,Turkiet,1
2020,6,202006,Luleå,Tyskland,342
2020,6,202006,Luleå,USA,451
2020,6,202006,Luleå,Österrike,46
2020,6,202006,Luleå,Övriga Amerika,1
2020,7,202007,Luleå,Australien,19
2020,7,202007,Luleå,Bahamas,6
2020,7,202007,Luleå,Belgien,13
2020,7,202007,Luleå,Bulgarien,4
2020,7,202007,Luleå,Danmark,68
2020,7,202007,Luleå,Ej angivet,267
2020,7,202007,Luleå,El Salvador,1
2020,7,202007,Luleå,Estland,10
2020,7,202007,Luleå,Finland,76
2020,7,202007,Luleå,Frankrike,124
2020,7,202007,Luleå,Georgien,10
2020,7,202007,Luleå,Grekland,2
2020,7,202007,Luleå,Irland,4
2020,7,202007,Luleå,Italien,23
2020,7,202007,Luleå,Japan,1
2020,7,202007,Luleå,Kina,2
2020,7,202007,Luleå,Litauen,22
2020,7,202007,Luleå,Nederländerna,63
2020,7,202007,Luleå,Niger,8
2020,7,202007,Luleå,Norge,400
2020,7,202007,Luleå,Polen,1008
2020,7,202007,Luleå,Portugal,2
2020,7,202007,Luleå,Rumänien,20
2020,7,202007,Luleå,Ryssland,2
2020,7,202007,Luleå,Schweiz,78
2020,7,202007,Luleå,Slovakien,2
2020,7,202007,Luleå,Slovenien,4
2020,7,202007,Luleå,Spanien,29
2020,7,202007,Luleå,Storbritannien,86
2020,7,202007,Luleå,Sverige,46156
2020,7,202007,Luleå,Thailand,13
2020,7,202007,Luleå,Tjeckien,8
2020,7,202007,Luleå,Tyskland,276
2020,7,202007,Luleå,USA,1745
2020,7,202007,Luleå,Ukraina,1
2020,7,202007,Luleå,Ungern,9
2020,7,202007,Luleå,Österrike,2
2020,7,202007,Luleå,Övriga Amerika,1
2020,7,202007,Luleå,Övriga Europa,7
2020,8,202008,Luleå,Australien,9
2020,8,202008,Luleå,Bahamas,10
2020,8,202008,Luleå,Belgien,10
2020,8,202008,Luleå,Brasilien,5
2020,8,202008,Luleå,Bulgarien,1
2020,8,202008,Luleå,Colombia,2
2020,8,202008,Luleå,Costa Rica,1
2020,8,202008,Luleå,Danmark,87
2020,8,202008,Luleå,Ej angivet,204
2020,8,202008,Luleå,El Salvador,2
2020,8,202008,Luleå,Estland,13
2020,8,202008,Luleå,Finland,155
2020,8,202008,Luleå,Frankrike,187
2020,8,202008,Luleå,Georgien,23
2020,8,202008,Luleå,Iran,17
2020,8,202008,Luleå,Irland,61
2020,8,202008,Luleå,Italien,44
2020,8,202008,Luleå,Lettland,7
2020,8,202008,Luleå,Litauen,36
2020,8,202008,Luleå,Luxemburg,11
2020,8,202008,Luleå,Nederländerna,64
2020,8,202008,Luleå,Niger,22
2020,8,202008,Luleå,Norge,189
2020,8,202008,Luleå,Polen,987
2020,8,202008,Luleå,Portugal,2
2020,8,202008,Luleå,Rumänien,22
2020,8,202008,Luleå,Ryssland,5
2020,8,202008,Luleå,Schweiz,126
2020,8,202008,Luleå,Slovakien,1
2020,8,202008,Luleå,Slovenien,2
2020,8,202008,Luleå,Spanien,31
2020,8,202008,Luleå,Storbritannien,87
2020,8,202008,Luleå,Sverige,36431
2020,8,202008,Luleå,Swaziland,1
2020,8,202008,Luleå,Taiwan,4
2020,8,202008,Luleå,Thailand,4
2020,8,202008,Luleå,Tjeckien,13
2020,8,202008,Luleå,Tyskland,511
2020,8,202008,Luleå,USA,1440
2020,8,202008,Luleå,Ukraina,1
2020,8,202008,Luleå,Ungern,4
2020,8,202008,Luleå,Österrike,7
2020,8,202008,Luleå,Övriga Amerika,1
2020,8,202008,Luleå,Övriga Europa,4
2020,8,202008,Luleå,Övriga Världen,6
2020,9,202009,Luleå,Bahamas,2
2020,9,202009,Luleå,Belgien,20
2020,9,202009,Luleå,Bulgarien,1
2020,9,202009,Luleå,Danmark,56
2020,9,202009,Luleå,Ej angivet,109
2020,9,202009,Luleå,El Salvador,1
2020,9,202009,Luleå,Elfenbenskusten,2
2020,9,202009,Luleå,Estland,9
2020,9,202009,Luleå,Finland,402
2020,9,202009,Luleå,Frankrike,90
2020,9,202009,Luleå,Förenade Arabemiraten,4
2020,9,202009,Luleå,Georgien,17
2020,9,202009,Luleå,Grekland,3
2020,9,202009,Luleå,Indonesien,2
2020,9,202009,Luleå,Iran,489
2020,9,202009,Luleå,Irland,16
2020,9,202009,Luleå,Italien,28
2020,9,202009,Luleå,Japan,7
2020,9,202009,Luleå,Kanada,2
2020,9,202009,Luleå,Kroatien,1
2020,9,202009,Luleå,Lettland,7
2020,9,202009,Luleå,Liechtenstein,1
2020,9,202009,Luleå,Litauen,2
2020,9,202009,Luleå,Mexiko,2
2020,9,202009,Luleå,Nederländerna,54
2020,9,202009,Luleå,Niger,2
2020,9,202009,Luleå,Norge,186
2020,9,202009,Luleå,Polen,923
2020,9,202009,Luleå,Portugal,13
2020,9,202009,Luleå,Rumänien,12
2020,9,202009,Luleå,Schweiz,111
2020,9,202009,Luleå,Slovenien,1
2020,9,202009,Luleå,Spanien,34
2020,9,202009,Luleå,Sri Lanka,3
2020,9,202009,Luleå,Storbritannien,61
2020,9,202009,Luleå,Sverige,23407
2020,9,202009,Luleå,Swaziland,2
2020,9,202009,Luleå,Thailand,67
2020,9,202009,Luleå,Tjeckien,7
2020,9,202009,Luleå,Tyskland,588
2020,9,202009,Luleå,USA,971
2020,9,202009,Luleå,Ukraina,6
2020,9,202009,Luleå,Österrike,29
2020,9,202009,Luleå,Övriga Amerika,1
2020,9,202009,Luleå,Övriga Europa,4
2020,10,202010,Luleå,Afghanistan,1
2020,10,202010,Luleå,Belgien,23
2020,10,202010,Luleå,Brasilien,1
2020,10,202010,Luleå,Bulgarien,7
2020,10,202010,Luleå,Danmark,51
2020,10,202010,Luleå,Ej angivet,105
2020,10,202010,Luleå,Estland,29
2020,10,202010,Luleå,Finland,250
2020,10,202010,Luleå,Frankrike,100
2020,10,202010,Luleå,Förenade Arabemiraten,3
2020,10,202010,Luleå,Georgien,21
2020,10,202010,Luleå,Grekland,9
2020,10,202010,Luleå,Indien,7
2020,10,202010,Luleå,Irak,5
2020,10,202010,Luleå,Iran,537
2020,10,202010,Luleå,Irland,9
2020,10,202010,Luleå,Island,3
2020,10,202010,Luleå,Italien,32
2020,10,202010,Luleå,Japan,1
2020,10,202010,Luleå,Kanada,5
2020,10,202010,Luleå,Lettland,1
2020,10,202010,Luleå,Liechtenstein,1
2020,10,202010,Luleå,Litauen,14
2020,10,202010,Luleå,Nederländerna,122
2020,10,202010,Luleå,Nepal,1
2020,10,202010,Luleå,Norge,170
2020,10,202010,Luleå,Polen,761
2020,10,202010,Luleå,Portugal,9
2020,10,202010,Luleå,Rumänien,7
2020,10,202010,Luleå,Ryssland,7
2020,10,202010,Luleå,Schweiz,131
2020,10,202010,Luleå,Slovenien,5
2020,10,202010,Luleå,Spanien,322
2020,10,202010,Luleå,Storbritannien,180
2020,10,202010,Luleå,Sverige,26878
2020,10,202010,Luleå,Swaziland,2
2020,10,202010,Luleå,Sydkorea,2
2020,10,202010,Luleå,Tjeckien,17
2020,10,202010,Luleå,Tyskland,367
2020,10,202010,Luleå,USA,1140
2020,10,202010,Luleå,Österrike,18
2020,10,202010,Luleå,Övriga Amerika,4
2020,10,202010,Luleå,Övriga Europa,7
2020,11,202011,Luleå,Andorra,3
2020,11,202011,Luleå,Belgien,44
2020,11,202011,Luleå,Brasilien,1
2020,11,202011,Luleå,Bulgarien,56
2020,11,202011,Luleå,Chile,2
2020,11,202011,Luleå,Danmark,73
2020,11,202011,Luleå,Ej angivet,82
2020,11,202011,Luleå,El Salvador,1
2020,11,202011,Luleå,Estland,3
2020,11,202011,Luleå,Finland,98
2020,11,202011,Luleå,Frankrike,85
2020,11,202011,Luleå,Grekland,40
2020,11,202011,Luleå,Iran,1010
2020,11,202011,Luleå,Irland,32
2020,11,202011,Luleå,Israel,9
2020,11,202011,Luleå,Italien,9
2020,11,202011,Luleå,Lettland,1
2020,11,202011,Luleå,Liechtenstein,2
2020,11,202011,Luleå,Litauen,17
2020,11,202011,Luleå,Malta,1
2020,11,202011,Luleå,Nederländerna,56
2020,11,202011,Luleå,Nepal,27
2020,11,202011,Luleå,Norge,37
2020,11,202011,Luleå,Nya Zeeland,1
2020,11,202011,Luleå,Pakistan,8
2020,11,202011,Luleå,Polen,626
2020,11,202011,Luleå,Portugal,5
2020,11,202011,Luleå,Rumänien,17
2020,11,202011,Luleå,Ryssland,4
2020,11,202011,Luleå,San Marino,2
2020,11,202011,Luleå,Schweiz,125
2020,11,202011,Luleå,Slovakien,2
2020,11,202011,Luleå,Spanien,108
2020,11,202011,Luleå,Storbritannien,124
2020,11,202011,Luleå,Sverige,15892
2020,11,202011,Luleå,Tjeckien,2
2020,11,202011,Luleå,Tyskland,160
2020,11,202011,Luleå,USA,529
2020,11,202011,Luleå,Ukraina,3
2020,11,202011,Luleå,Österrike,28
2020,11,202011,Luleå,Övriga Europa,7
2020,12,202012,Luleå,Albanien,1
2020,12,202012,Luleå,Belgien,60
2020,12,202012,Luleå,Bulgarien,2
2020,12,202012,Luleå,Danmark,14
2020,12,202012,Luleå,Ej angivet,75
2020,12,202012,Luleå,Estland,1
2020,12,202012,Luleå,Finland,51
2020,12,202012,Luleå,Frankrike,324
2020,12,202012,Luleå,Förenade Arabemiraten,1
2020,12,202012,Luleå,Grekland,8
2020,12,202012,Luleå,Indien,4
2020,12,202012,Luleå,Iran,541
2020,12,202012,Luleå,Irland,19
2020,12,202012,Luleå,Italien,26
2020,12,202012,Luleå,Kina,17
2020,12,202012,Luleå,Kroatien,2
2020,12,202012,Luleå,Lettland,10
2020,12,202012,Luleå,Litauen,15
2020,12,202012,Luleå,Luxemburg,36
2020,12,202012,Luleå,Mexiko,3
2020,12,202012,Luleå,Nederländerna,44
2020,12,202012,Luleå,Norge,54
2020,12,202012,Luleå,Polen,354
2020,12,202012,Luleå,Portugal,10
2020,12,202012,Luleå,Rumänien,6
2020,12,202012,Luleå,Ryssland,1
2020,12,202012,Luleå,Schweiz,112
2020,12,202012,Luleå,Slovakien,4
2020,12,202012,Luleå,Slovenien,2
2020,12,202012,Luleå,Spanien,36
2020,12,202012,Luleå,Sri Lanka,2
2020,12,202012,Luleå,Storbritannien,120
2020,12,202012,Luleå,Sverige,11575
2020,12,202012,Luleå,Taiwan,1
2020,12,202012,Luleå,Tjeckien,17
2020,12,202012,Luleå,Tyskland,221
2020,12,202012,Luleå,USA,571
2020,12,202012,Luleå,Ungern,6
2020,12,202012,Luleå,Österrike,15
2020,12,202012,Luleå,Övriga Europa,15
2021,1,202101,Luleå,Argentina,1
2021,1,202101,Luleå,Australien,3
2021,1,202101,Luleå,Belgien,33
2021,1,202101,Luleå,Danmark,8
2021,1,202101,Luleå,Ej angivet,19
2021,1,202101,Luleå,Estland,4
2021,1,202101,Luleå,Finland,20
2021,1,202101,Luleå,Frankrike,178
2021,1,202101,Luleå,Grekland,2
2021,1,202101,Luleå,Irland,529
2021,1,202101,Luleå,Italien,39
2021,1,202101,Luleå,Japan,2
2021,1,202101,Luleå,Litauen,7
2021,1,202101,Luleå,Luxemburg,8
2021,1,202101,Luleå,Malta,8
2021,1,202101,Luleå,Nederländerna,71
2021,1,202101,Luleå,Norge,23
2021,1,202101,Luleå,Polen,249
2021,1,202101,Luleå,Portugal,10
2021,1,202101,Luleå,Qatar,1
2021,1,202101,Luleå,Rumänien,16
2021,1,202101,Luleå,Ryssland,1
2021,1,202101,Luleå,Schweiz,48
2021,1,202101,Luleå,Slovakien,16
2021,1,202101,Luleå,Slovenien,2
2021,1,202101,Luleå,Spanien,8
2021,1,202101,Luleå,Storbritannien,118
2021,1,202101,Luleå,Sverige,13786
2021,1,202101,Luleå,Sydkorea,6
2021,1,202101,Luleå,Tadzjikistan,6
2021,1,202101,Luleå,Tyskland,229
2021,1,202101,Luleå,USA,552
2021,1,202101,Luleå,Ukraina,8
2021,1,202101,Luleå,Ungern,4
2021,1,202101,Luleå,Österrike,17
2021,1,202101,Luleå,Övriga Amerika,2
2021,1,202101,Luleå,Övriga Europa,11
2021,2,202102,Luleå,Australien,2
2021,2,202102,Luleå,Belgien,9
2021,2,202102,Luleå,Bulgarien,2
2021,2,202102,Luleå,Danmark,23
2021,2,202102,Luleå,Ej angivet,12
2021,2,202102,Luleå,Eritrea,1
2021,2,202102,Luleå,Estland,1
2021,2,202102,Luleå,Finland,64
2021,2,202102,Luleå,Frankrike,205
2021,2,202102,Luleå,Iran,1
2021,2,202102,Luleå,Irland,1051
2021,2,202102,Luleå,Italien,178
2021,2,202102,Luleå,Kanada,3
2021,2,202102,Luleå,Litauen,1
2021,2,202102,Luleå,Luxemburg,8
2021,2,202102,Luleå,Nederländerna,38
2021,2,202102,Luleå,Norge,9
2021,2,202102,Luleå,Polen,304
2021,2,202102,Luleå,Portugal,6
2021,2,202102,Luleå,Rumänien,115
2021,2,202102,Luleå,Schweiz,92
2021,2,202102,Luleå,Slovakien,57
2021,2,202102,Luleå,Spanien,29
2021,2,202102,Luleå,Storbritannien,166
2021,2,202102,Luleå,Sverige,16063
2021,2,202102,Luleå,Sydkorea,10
2021,2,202102,Luleå,Tyskland,326
2021,2,202102,Luleå,USA,462
2021,2,202102,Luleå,Ungern,5
2021,2,202102,Luleå,Österrike,116
2021,2,202102,Luleå,Övriga Amerika,6
2021,2,202102,Luleå,Övriga Europa,16
2021,3,202103,Luleå,Belgien,9
2021,3,202103,Luleå,Brasilien,4
2021,3,202103,Luleå,Bulgarien,19
2021,3,202103,Luleå,Danmark,22
2021,3,202103,Luleå,Ej angivet,29
2021,3,202103,Luleå,Eritrea,1
2021,3,202103,Luleå,Estland,2
2021,3,202103,Luleå,Finland,46
2021,3,202103,Luleå,Frankrike,123
2021,3,202103,Luleå,Grekland,6
2021,3,202103,Luleå,Iran,991
2021,3,202103,Luleå,Irland,195
2021,3,202103,Luleå,Italien,454
2021,3,202103,Luleå,Lettland,2
2021,3,202103,Luleå,Litauen,5
2021,3,202103,Luleå,Nederländerna,54
2021,3,202103,Luleå,Niger,4
2021,3,202103,Luleå,Norge,35
2021,3,202103,Luleå,Polen,102
2021,3,202103,Luleå,Portugal,10
2021,3,202103,Luleå,Rumänien,168
2021,3,202103,Luleå,Ryssland,3
2021,3,202103,Luleå,Schweiz,67
2021,3,202103,Luleå,Slovakien,8
2021,3,202103,Luleå,Spanien,52
2021,3,202103,Luleå,Storbritannien,198
2021,3,202103,Luleå,Sverige,16317
2021,3,202103,Luleå,Tjeckien,18
2021,3,202103,Luleå,Turkiet,1
2021,3,202103,Luleå,Tyskland,134
2021,3,202103,Luleå,USA,481
2021,3,202103,Luleå,Ungern,7
2021,3,202103,Luleå,Österrike,93
2021,4,202104,Luleå,Australien,2
2021,4,202104,Luleå,Belgien,4
2021,4,202104,Luleå,Bulgarien,28
2021,4,202104,Luleå,Danmark,47
2021,4,202104,Luleå,Ej angivet,23
2021,4,202104,Luleå,Eritrea,1
2021,4,202104,Luleå,Estland,4
2021,4,202104,Luleå,Finland,37
2021,4,202104,Luleå,Frankrike,39
2021,4,202104,Luleå,Grekland,6
2021,4,202104,Luleå,Iran,472
2021,4,202104,Luleå,Irland,164
2021,4,202104,Luleå,Italien,483
2021,4,202104,Luleå,Kanada,1
2021,4,202104,Luleå,Kina,6
2021,4,202104,Luleå,Lettland,27
2021,4,202104,Luleå,Litauen,4
2021,4,202104,Luleå,Nederländerna,24
2021,4,202104,Luleå,Norge,139
2021,4,202104,Luleå,Polen,68
2021,4,202104,Luleå,Portugal,202
2021,4,202104,Luleå,Rumänien,206
2021,4,202104,Luleå,Ryssland,2
2021,4,202104,Luleå,Schweiz,65
2021,4,202104,Luleå,Sierra Leone,61
2021,4,202104,Luleå,Slovakien,1
2021,4,202104,Luleå,Slovenien,5
2021,4,202104,Luleå,Spanien,31
2021,4,202104,Luleå,Storbritannien,110
2021,4,202104,Luleå,Sverige,14988
2021,4,202104,Luleå,Tjeckien,5
2021,4,202104,Luleå,Tyskland,87
2021,4,202104,Luleå,USA,543
2021,4,202104,Luleå,Österrike,63
2021,5,202105,Luleå,Australien,11
2021,5,202105,Luleå,Belgien,3
2021,5,202105,Luleå,Bulgarien,4
2021,5,202105,Luleå,Danmark,60
2021,5,202105,Luleå,Ej angivet,45
2021,5,202105,Luleå,Estland,17
2021,5,202105,Luleå,Finland,87
2021,5,202105,Luleå,Frankrike,68
2021,5,202105,Luleå,Georgien,2
2021,5,202105,Luleå,Irland,366
2021,5,202105,Luleå,Italien,496
2021,5,202105,Luleå,Lettland,4
2021,5,202105,Luleå,Litauen,1
2021,5,202105,Luleå,Nederländerna,56
2021,5,202105,Luleå,Norge,141
2021,5,202105,Luleå,Polen,501
2021,5,202105,Luleå,Portugal,437
2021,5,202105,Luleå,Rumänien,433
2021,5,202105,Luleå,Ryssland,11
2021,5,202105,Luleå,Schweiz,58
2021,5,202105,Luleå,Sierra Leone,63
2021,5,202105,Luleå,Spanien,22
2021,5,202105,Luleå,Storbritannien,50
2021,5,202105,Luleå,Sverige,24691
2021,5,202105,Luleå,Tjeckien,9
2021,5,202105,Luleå,Tyskland,160
2021,5,202105,Luleå,USA,4045
2021,5,202105,Luleå,Österrike,10
2021,6,202106,Luleå,Australien,35
2021,6,202106,Luleå,Belgien,9
2021,6,202106,Luleå,Bulgarien,2
2021,6,202106,Luleå,Danmark,89
2021,6,202106,Luleå,Egypten,1
2021,6,202106,Luleå,Ej angivet,82
2021,6,202106,Luleå,Estland,35
2021,6,202106,Luleå,Finland,311
2021,6,202106,Luleå,Frankrike,88
2021,6,202106,Luleå,Georgien,34
2021,6,202106,Luleå,Grekland,5
2021,6,202106,Luleå,Iran,2
2021,6,202106,Luleå,Irland,709
2021,6,202106,Luleå,Italien,570
2021,6,202106,Luleå,Lettland,5
2021,6,202106,Luleå,Litauen,46
2021,6,202106,Luleå,Luxemburg,2
2021,6,202106,Luleå,Nederländerna,75
2021,6,202106,Luleå,Niger,5
2021,6,202106,Luleå,Norge,332
2021,6,202106,Luleå,Polen,654
2021,6,202106,Luleå,Portugal,163
2021,6,202106,Luleå,Rumänien,371
2021,6,202106,Luleå,Schweiz,168
2021,6,202106,Luleå,Sierra Leone,24
2021,6,202106,Luleå,Slovenien,6
2021,6,202106,Luleå,Spanien,16
2021,6,202106,Luleå,Storbritannien,70
2021,6,202106,Luleå,Sverige,29411
2021,6,202106,Luleå,Tjeckien,2
2021,6,202106,Luleå,Tyskland,761
2021,6,202106,Luleå,USA,4753
2021,6,202106,Luleå,Österrike,11
2021,7,202107,Luleå,Andorra,2
2021,7,202107,Luleå,Australien,52
2021,7,202107,Luleå,Belgien,80
2021,7,202107,Luleå,Bulgarien,42
2021,7,202107,Luleå,Burundi,10
2021,7,202107,Luleå,Danmark,337
2021,7,202107,Luleå,Ej angivet,142
2021,7,202107,Luleå,Estland,105
2021,7,202107,Luleå,Finland,693
2021,7,202107,Luleå,Frankrike,161
2021,7,202107,Luleå,Förenade Arabemiraten,2
2021,7,202107,Luleå,Georgien,33
2021,7,202107,Luleå,Grekland,1
2021,7,202107,Luleå,Indien,7
2021,7,202107,Luleå,Iran,4
2021,7,202107,Luleå,Irland,71
2021,7,202107,Luleå,Italien,638
2021,7,202107,Luleå,Kina,6
2021,7,202107,Luleå,Kroatien,1
2021,7,202107,Luleå,Lettland,130
2021,7,202107,Luleå,Litauen,43
2021,7,202107,Luleå,Nederländerna,302
2021,7,202107,Luleå,Niger,13
2021,7,202107,Luleå,Norge,2442
2021,7,202107,Luleå,Nya Zeeland,2
2021,7,202107,Luleå,Polen,702
2021,7,202107,Luleå,Portugal,182
2021,7,202107,Luleå,Qatar,3
2021,7,202107,Luleå,Rumänien,169
2021,7,202107,Luleå,Ryssland,6
2021,7,202107,Luleå,San Marino,1
2021,7,202107,Luleå,Schweiz,366
2021,7,202107,Luleå,Slovakien,10
2021,7,202107,Luleå,Spanien,24
2021,7,202107,Luleå,Storbritannien,70
2021,7,202107,Luleå,Sverige,53001
2021,7,202107,Luleå,Swaziland,13
2021,7,202107,Luleå,Tjeckien,240
2021,7,202107,Luleå,Tyskland,896
2021,7,202107,Luleå,USA,2075
2021,7,202107,Luleå,Ukraina,21
2021,7,202107,Luleå,Ungern,3
2021,7,202107,Luleå,Österrike,72
2021,7,202107,Luleå,Övriga Amerika,2
2021,7,202107,Luleå,Övriga Europa,1
2021,8,202108,Luleå,Algeriet,2
2021,8,202108,Luleå,Australien,51
2021,8,202108,Luleå,Belgien,75
2021,8,202108,Luleå,Bulgarien,59
2021,8,202108,Luleå,Danmark,290
2021,8,202108,Luleå,Ecuador,4
2021,8,202108,Luleå,Ej angivet,124
2021,8,202108,Luleå,El Salvador,5
2021,8,202108,Luleå,Estland,66
2021,8,202108,Luleå,Finland,454
2021,8,202108,Luleå,Frankrike,329
2021,8,202108,Luleå,Georgien,61
2021,8,202108,Luleå,Grekland,12
2021,8,202108,Luleå,Indien,1
2021,8,202108,Luleå,Irak,1
2021,8,202108,Luleå,Irland,72
2021,8,202108,Luleå,Israel,2
2021,8,202108,Luleå,Italien,881
2021,8,202108,Luleå,Japan,2
2021,8,202108,Luleå,Kanada,3
2021,8,202108,Luleå,Kenya,2
2021,8,202108,Luleå,Kina,2
2021,8,202108,Luleå,Lettland,52
2021,8,202108,Luleå,Litauen,21
2021,8,202108,Luleå,Luxemburg,4
2021,8,202108,Luleå,Mexiko,2
2021,8,202108,Luleå,Nederländerna,319
2021,8,202108,Luleå,Niger,6
2021,8,202108,Luleå,Norge,2623
2021,8,202108,Luleå,Polen,659
2021,8,202108,Luleå,Portugal,327
2021,8,202108,Luleå,Rumänien,264
2021,8,202108,Luleå,Ryssland,4
2021,8,202108,Luleå,Saudiarabien,6
2021,8,202108,Luleå,Schweiz,292
2021,8,202108,Luleå,Sierra Leone,4
2021,8,202108,Luleå,Slovakien,9
2021,8,202108,Luleå,Somalia,4
2021,8,202108,Luleå,Spanien,91
2021,8,202108,Luleå,Storbritannien,139
2021,8,202108,Luleå,Sverige,41534
2021,8,202108,Luleå,Swaziland,9
2021,8,202108,Luleå,Sydafrika,28
2021,8,202108,Luleå,Taiwan,4
2021,8,202108,Luleå,Tjeckien,266
2021,8,202108,Luleå,Tyskland,1407
2021,8,202108,Luleå,USA,1626
2021,8,202108,Luleå,Ukraina,69
2021,8,202108,Luleå,Ungern,2
2021,8,202108,Luleå,Vatikanstaten,4
2021,8,202108,Luleå,Österrike,73
2021,8,202108,Luleå,Övriga Amerika,16
2021,8,202108,Luleå,Övriga Europa,4
2021,8,202108,Luleå,Övriga Världen,44
2021,9,202109,Luleå,Andorra,1
2021,9,202109,Luleå,Australien,33
2021,9,202109,Luleå,Belgien,67
2021,9,202109,Luleå,Bulgarien,1
2021,9,202109,Luleå,Chile,10
2021,9,202109,Luleå,Cypern,5
2021,9,202109,Luleå,Danmark,146
2021,9,202109,Luleå,Ej angivet,195
2021,9,202109,Luleå,El Salvador,1
2021,9,202109,Luleå,Estland,156
2021,9,202109,Luleå,Finland,382
2021,9,202109,Luleå,Frankrike,129
2021,9,202109,Luleå,Förenade Arabemiraten,2
2021,9,202109,Luleå,Georgien,15
2021,9,202109,Luleå,Grekland,4
2021,9,202109,Luleå,Indien,2
2021,9,202109,Luleå,Iran,2
2021,9,202109,Luleå,Irland,131
2021,9,202109,Luleå,Israel,8
2021,9,202109,Luleå,Italien,735
2021,9,202109,Luleå,Kanada,1
2021,9,202109,Luleå,Lettland,23
2021,9,202109,Luleå,Litauen,5
2021,9,202109,Luleå,Nederländerna,132
2021,9,202109,Luleå,Niger,6
2021,9,202109,Luleå,Norge,919
2021,9,202109,Luleå,Polen,692
2021,9,202109,Luleå,Portugal,180
2021,9,202109,Luleå,Rumänien,226
2021,9,202109,Luleå,Ryssland,5
2021,9,202109,Luleå,Schweiz,144
2021,9,202109,Luleå,Seychellerna,2
2021,9,202109,Luleå,Singapore,4
2021,9,202109,Luleå,Slovakien,28
2021,9,202109,Luleå,Slovenien,1
2021,9,202109,Luleå,Spanien,62
2021,9,202109,Luleå,Storbritannien,247
2021,9,202109,Luleå,Sverige,28875
2021,9,202109,Luleå,Swaziland,6
2021,9,202109,Luleå,Sydafrika,2
2021,9,202109,Luleå,Taiwan,6
2021,9,202109,Luleå,Tjeckien,26
2021,9,202109,Luleå,Tyskland,780
2021,9,202109,Luleå,USA,1053
2021,9,202109,Luleå,Ukraina,7
2021,9,202109,Luleå,Ungern,2
2021,9,202109,Luleå,Österrike,31
2021,9,202109,Luleå,Övriga Europa,1
2021,9,202109,Luleå,Övriga Världen,49
2021,10,202110,Luleå,Australien,35
2021,10,202110,Luleå,Belgien,12
2021,10,202110,Luleå,Brasilien,5
2021,10,202110,Luleå,Cypern,1
2021,10,202110,Luleå,Danmark,135
2021,10,202110,Luleå,Egypten,1
2021,10,202110,Luleå,Ej angivet,281
2021,10,202110,Luleå,Estland,221
2021,10,202110,Luleå,Finland,673
2021,10,202110,Luleå,Frankrike,129
2021,10,202110,Luleå,Georgien,4
2021,10,202110,Luleå,Grekland,39
2021,10,202110,Luleå,Iran,7
2021,10,202110,Luleå,Irland,124
2021,10,202110,Luleå,Island,1
2021,10,202110,Luleå,Israel,2
2021,10,202110,Luleå,Italien,965
2021,10,202110,Luleå,Japan,2
2021,10,202110,Luleå,Kroatien,1
2021,10,202110,Luleå,Lettland,4
2021,10,202110,Luleå,Litauen,11
2021,10,202110,Luleå,Nederländerna,70
2021,10,202110,Luleå,Norge,1064
2021,10,202110,Luleå,Pakistan,30
2021,10,202110,Luleå,Polen,561
2021,10,202110,Luleå,Portugal,844
2021,10,202110,Luleå,Rumänien,269
2021,10,202110,Luleå,Ryssland,2
2021,10,202110,Luleå,Saudiarabien,6
2021,10,202110,Luleå,Schweiz,198
2021,10,202110,Luleå,Slovakien,8
2021,10,202110,Luleå,Slovenien,4
2021,10,202110,Luleå,Spanien,70
2021,10,202110,Luleå,Storbritannien,175
2021,10,202110,Luleå,Sverige,30960
2021,10,202110,Luleå,Sydafrika,10
2021,10,202110,Luleå,Thailand,5
2021,10,202110,Luleå,Tjeckien,8
2021,10,202110,Luleå,Turkiet,1
2021,10,202110,Luleå,Tyskland,369
2021,10,202110,Luleå,USA,1436
2021,10,202110,Luleå,Ukraina,14
2021,10,202110,Luleå,Ungern,8
2021,10,202110,Luleå,Vitryssland,2
2021,10,202110,Luleå,Österrike,21
2021,10,202110,Luleå,Övriga Europa,1
2021,11,202111,Luleå,Andorra,2
2021,11,202111,Luleå,Australien,40
2021,11,202111,Luleå,Belgien,35
2021,11,202111,Luleå,Brasilien,10
2021,11,202111,Luleå,Bulgarien,5
2021,11,202111,Luleå,Danmark,84
2021,11,202111,Luleå,Ecuador,1
2021,11,202111,Luleå,Ej angivet,325
2021,11,202111,Luleå,Estland,55
2021,11,202111,Luleå,Finland,479
2021,11,202111,Luleå,Frankrike,608
2021,11,202111,Luleå,Georgien,2
2021,11,202111,Luleå,Indien,3
2021,11,202111,Luleå,Indonesien,1
2021,11,202111,Luleå,Irland,124
2021,11,202111,Luleå,Israel,1
2021,11,202111,Luleå,Italien,561
2021,11,202111,Luleå,Kanada,15
2021,11,202111,Luleå,Kina,2
2021,11,202111,Luleå,Lettland,23
2021,11,202111,Luleå,Litauen,8
2021,11,202111,Luleå,Luxemburg,3
2021,11,202111,Luleå,Nederländerna,108
2021,11,202111,Luleå,Niger,4
2021,11,202111,Luleå,Norge,737
2021,11,202111,Luleå,Polen,451
2021,11,202111,Luleå,Portugal,578
2021,11,202111,Luleå,Rumänien,292
2021,11,202111,Luleå,Ryssland,4
2021,11,202111,Luleå,Saudiarabien,3
2021,11,202111,Luleå,Schweiz,89
2021,11,202111,Luleå,Singapore,4
2021,11,202111,Luleå,Slovakien,278
2021,11,202111,Luleå,Slovenien,4
2021,11,202111,Luleå,Spanien,55
2021,11,202111,Luleå,Storbritannien,179
2021,11,202111,Luleå,Sverige,33368
2021,11,202111,Luleå,Sydafrika,2
2021,11,202111,Luleå,Sydkorea,2
2021,11,202111,Luleå,Taiwan,2
2021,11,202111,Luleå,Tjeckien,31
2021,11,202111,Luleå,Turkiet,2
2021,11,202111,Luleå,Tyskland,266
2021,11,202111,Luleå,USA,1357
2021,11,202111,Luleå,Österrike,13
2021,12,202112,Luleå,Andorra,4
2021,12,202112,Luleå,Australien,52
2021,12,202112,Luleå,Belgien,57
2021,12,202112,Luleå,Brasilien,18
2021,12,202112,Luleå,Bulgarien,16
2021,12,202112,Luleå,Chile,3
2021,12,202112,Luleå,Colombia,2
2021,12,202112,Luleå,Danmark,91
2021,12,202112,Luleå,Ej angivet,297
2021,12,202112,Luleå,Estland,5
2021,12,202112,Luleå,Finland,312
2021,12,202112,Luleå,Frankrike,475
2021,12,202112,Luleå,Georgien,12
2021,12,202112,Luleå,Grekland,4
2021,12,202112,Luleå,Indien,4
2021,12,202112,Luleå,Indonesien,12
2021,12,202112,Luleå,Iran,4
2021,12,202112,Luleå,Irland,80
2021,12,202112,Luleå,Israel,15
2021,12,202112,Luleå,Italien,495
2021,12,202112,Luleå,Japan,3
2021,12,202112,Luleå,Kanada,18
2021,12,202112,Luleå,Kina,22
2021,12,202112,Luleå,Lettland,11
2021,12,202112,Luleå,Litauen,19
2021,12,202112,Luleå,Luxemburg,4
2021,12,202112,Luleå,Malta,12
2021,12,202112,Luleå,Marocko,4
2021,12,202112,Luleå,Nederländerna,133
2021,12,202112,Luleå,Niger,2
2021,12,202112,Luleå,Norge,678
2021,12,202112,Luleå,Polen,311
2021,12,202112,Luleå,Portugal,227
2021,12,202112,Luleå,Rumänien,206
2021,12,202112,Luleå,Ryssland,3
2021,12,202112,Luleå,Saudiarabien,1
2021,12,202112,Luleå,Schweiz,143
2021,12,202112,Luleå,Seychellerna,1
2021,12,202112,Luleå,Singapore,6
2021,12,202112,Luleå,Spanien,658
2021,12,202112,Luleå,Storbritannien,113
2021,12,202112,Luleå,Sverige,24120
2021,12,202112,Luleå,Swaziland,8
2021,12,202112,Luleå,Tadzjikistan,2
2021,12,202112,Luleå,Tjeckien,14
2021,12,202112,Luleå,Turkiet,15
2021,12,202112,Luleå,Tyskland,892
2021,12,202112,Luleå,USA,1265
2021,12,202112,Luleå,Uganda,1
2021,12,202112,Luleå,Ukraina,7
2021,12,202112,Luleå,Österrike,39
2022,1,202201,Luleå,Andorra,8
2022,1,202201,Luleå,Australien,37
2022,1,202201,Luleå,Belgien,44
2022,1,202201,Luleå,Brasilien,4
2022,1,202201,Luleå,Bulgarien,5
2022,1,202201,Luleå,Chile,15
2022,1,202201,Luleå,Cypern,4
2022,1,202201,Luleå,Danmark,201
2022,1,202201,Luleå,Ej angivet,125
2022,1,202201,Luleå,Estland,6
2022,1,202201,Luleå,Finland,127
2022,1,202201,Luleå,Frankrike,236
2022,1,202201,Luleå,Georgien,6
2022,1,202201,Luleå,Grekland,3
2022,1,202201,Luleå,Indien,36
2022,1,202201,Luleå,Irland,122
2022,1,202201,Luleå,Island,5
2022,1,202201,Luleå,Italien,527
2022,1,202201,Luleå,Japan,6
2022,1,202201,Luleå,Kanada,6
2022,1,202201,Luleå,Kina,2
2022,1,202201,Luleå,Kroatien,6
2022,1,202201,Luleå,Lettland,10
2022,1,202201,Luleå,Litauen,12
2022,1,202201,Luleå,Luxemburg,1
2022,1,202201,Luleå,Nederländerna,356
2022,1,202201,Luleå,Niger,8
2022,1,202201,Luleå,Norge,238
2022,1,202201,Luleå,Nya Zeeland,5
2022,1,202201,Luleå,Pakistan,49
2022,1,202201,Luleå,Polen,321
2022,1,202201,Luleå,Portugal,6
2022,1,202201,Luleå,Rumänien,231
2022,1,202201,Luleå,Ryssland,10
2022,1,202201,Luleå,Schweiz,172
2022,1,202201,Luleå,Serbien,4
2022,1,202201,Luleå,Slovakien,8
2022,1,202201,Luleå,Slovenien,4
2022,1,202201,Luleå,Spanien,240
2022,1,202201,Luleå,Storbritannien,153
2022,1,202201,Luleå,Sverige,16529
2022,1,202201,Luleå,Swaziland,25
2022,1,202201,Luleå,Taiwan,1
2022,1,202201,Luleå,Thailand,2
2022,1,202201,Luleå,Tjeckien,12
2022,1,202201,Luleå,Turkiet,2
2022,1,202201,Luleå,Tyskland,956
2022,1,202201,Luleå,USA,927
2022,1,202201,Luleå,Ukraina,4
2022,1,202201,Luleå,Ungern,4
2022,1,202201,Luleå,Österrike,85
2022,2,202202,Luleå,Albanien,1
2022,2,202202,Luleå,Australien,67
2022,2,202202,Luleå,Belgien,129
2022,2,202202,Luleå,Brasilien,7
2022,2,202202,Luleå,Bulgarien,3
2022,2,202202,Luleå,Cypern,6
2022,2,202202,Luleå,Danmark,700
2022,2,202202,Luleå,Ej angivet,243
2022,2,202202,Luleå,Eritrea,1
2022,2,202202,Luleå,Estland,30
2022,2,202202,Luleå,Filippinerna,2
2022,2,202202,Luleå,Finland,378
2022,2,202202,Luleå,Frankrike,745
2022,2,202202,Luleå,Förenade Arabemiraten,4
2022,2,202202,Luleå,Georgien,2
2022,2,202202,Luleå,Grekland,47
2022,2,202202,Luleå,Indien,5
2022,2,202202,Luleå,Iran,1
2022,2,202202,Luleå,Irland,160
2022,2,202202,Luleå,Israel,3
2022,2,202202,Luleå,Italien,405
2022,2,202202,Luleå,Japan,1
2022,2,202202,Luleå,Kanada,5
2022,2,202202,Luleå,Kazakstan,16
2022,2,202202,Luleå,Kina,5
2022,2,202202,Luleå,Kroatien,2
2022,2,202202,Luleå,Lettland,10
2022,2,202202,Luleå,Litauen,22
2022,2,202202,Luleå,Luxemburg,14
2022,2,202202,Luleå,Nederländerna,2533
2022,2,202202,Luleå,Niger,24
2022,2,202202,Luleå,Nordkorea,2
2022,2,202202,Luleå,Norge,314
2022,2,202202,Luleå,Polen,155
2022,2,202202,Luleå,Portugal,2
2022,2,202202,Luleå,Rumänien,63
2022,2,202202,Luleå,Ryssland,12
2022,2,202202,Luleå,Schweiz,164
2022,2,202202,Luleå,Singapore,1
2022,2,202202,Luleå,Slovakien,4
2022,2,202202,Luleå,Slovenien,6
2022,2,202202,Luleå,Spanien,146
2022,2,202202,Luleå,Storbritannien,397
2022,2,202202,Luleå,Sverige,21789
2022,2,202202,Luleå,Swaziland,2
2022,2,202202,Luleå,Sydkorea,2
2022,2,202202,Luleå,Tjeckien,7
2022,2,202202,Luleå,Turkiet,3
2022,2,202202,Luleå,Tyskland,1135
2022,2,202202,Luleå,USA,1279
2022,2,202202,Luleå,Ukraina,7
2022,2,202202,Luleå,Ungern,22
2022,2,202202,Luleå,Österrike,93
2022,2,202202,Luleå,Övriga Världen,89
2022,3,202203,Luleå,Albanien,4
2022,3,202203,Luleå,Argentina,1
2022,3,202203,Luleå,Australien,42
2022,3,202203,Luleå,Bahrain,4
2022,3,202203,Luleå,Belgien,41
2022,3,202203,Luleå,Brasilien,1
2022,3,202203,Luleå,Bulgarien,3
2022,3,202203,Luleå,Cypern,2
2022,3,202203,Luleå,Danmark,281
2022,3,202203,Luleå,Egypten,5
2022,3,202203,Luleå,Ej angivet,211
2022,3,202203,Luleå,Estland,9
2022,3,202203,Luleå,Etiopien,1
2022,3,202203,Luleå,Finland,541
2022,3,202203,Luleå,Frankrike,493
2022,3,202203,Luleå,Förenade Arabemiraten,2
2022,3,202203,Luleå,Georgien,20
2022,3,202203,Luleå,Grekland,37
2022,3,202203,Luleå,Guatemala,3
2022,3,202203,Luleå,Indien,4
2022,3,202203,Luleå,Irland,138
2022,3,202203,Luleå,Israel,2
2022,3,202203,Luleå,Italien,244
2022,3,202203,Luleå,Japan,5
2022,3,202203,Luleå,Kanada,7
2022,3,202203,Luleå,Kazakstan,42
2022,3,202203,Luleå,Kroatien,1
2022,3,202203,Luleå,Lettland,46
2022,3,202203,Luleå,Litauen,7
2022,3,202203,Luleå,Luxemburg,2
2022,3,202203,Luleå,Moldavien,4
2022,3,202203,Luleå,Namibia,2
2022,3,202203,Luleå,Nederländerna,1691
2022,3,202203,Luleå,Nordkorea,1
2022,3,202203,Luleå,Norge,475
2022,3,202203,Luleå,Polen,327
2022,3,202203,Luleå,Portugal,15
2022,3,202203,Luleå,Rumänien,30
2022,3,202203,Luleå,Ryssland,12
2022,3,202203,Luleå,Schweiz,146
2022,3,202203,Luleå,Singapore,28
2022,3,202203,Luleå,Slovakien,5
2022,3,202203,Luleå,Slovenien,21
2022,3,202203,Luleå,Spanien,185
2022,3,202203,Luleå,Storbritannien,301
2022,3,202203,Luleå,Sverige,28464
2022,3,202203,Luleå,Taiwan,4
2022,3,202203,Luleå,Tjeckien,62
2022,3,202203,Luleå,Turkiet,4
2022,3,202203,Luleå,Tyskland,930
2022,3,202203,Luleå,USA,1531
2022,3,202203,Luleå,Ukraina,12
2022,3,202203,Luleå,Ungern,5
2022,3,202203,Luleå,Österrike,80
2022,4,202204,Luleå,Argentina,2
2022,4,202204,Luleå,Australien,5
2022,4,202204,Luleå,Belgien,16
2022,4,202204,Luleå,Brasilien,8
2022,4,202204,Luleå,Chile,2
2022,4,202204,Luleå,Colombia,3
2022,4,202204,Luleå,Danmark,102
2022,4,202204,Luleå,Demokratiska republiken Kongo,45
2022,4,202204,Luleå,Ecuador,1
2022,4,202204,Luleå,Ej angivet,103
2022,4,202204,Luleå,Eritrea,3
2022,4,202204,Luleå,Estland,18
2022,4,202204,Luleå,Finland,588
2022,4,202204,Luleå,Frankrike,121
2022,4,202204,Luleå,Grekland,2
2022,4,202204,Luleå,Irland,78
2022,4,202204,Luleå,Island,3
2022,4,202204,Luleå,Israel,2
2022,4,202204,Luleå,Italien,47
2022,4,202204,Luleå,Kanada,10
2022,4,202204,Luleå,Kazakstan,1
2022,4,202204,Luleå,Kina,2
2022,4,202204,Luleå,Lettland,109
2022,4,202204,Luleå,Litauen,3
2022,4,202204,Luleå,Luxemburg,1
2022,4,202204,Luleå,Moçambique,9
2022,4,202204,Luleå,Nederländerna,84
2022,4,202204,Luleå,Norge,1036
2022,4,202204,Luleå,Nya Zeeland,3
2022,4,202204,Luleå,Polen,484
2022,4,202204,Luleå,Portugal,28
2022,4,202204,Luleå,Rumänien,178
2022,4,202204,Luleå,Ryssland,4
2022,4,202204,Luleå,Saudiarabien,2
2022,4,202204,Luleå,Schweiz,114
2022,4,202204,Luleå,Singapore,7
2022,4,202204,Luleå,Slovakien,1
2022,4,202204,Luleå,Slovenien,11
2022,4,202204,Luleå,Spanien,146
2022,4,202204,Luleå,Storbritannien,264
2022,4,202204,Luleå,Sverige,26782
2022,4,202204,Luleå,Swaziland,5
2022,4,202204,Luleå,Sydafrika,2
2022,4,202204,Luleå,Taiwan,6
2022,4,202204,Luleå,Thailand,6
2022,4,202204,Luleå,Tjeckien,22
2022,4,202204,Luleå,Turkiet,2
2022,4,202204,Luleå,Tyskland,357
2022,4,202204,Luleå,USA,1273
2022,4,202204,Luleå,Ungern,12
2022,4,202204,Luleå,Österrike,12
2022,5,202205,Luleå,Australien,11
2022,5,202205,Luleå,Belgien,135
2022,5,202205,Luleå,Brasilien,6
2022,5,202205,Luleå,Bulgarien,1
2022,5,202205,Luleå,Danmark,74
2022,5,202205,Luleå,Ecuador,1
2022,5,202205,Luleå,Egypten,1
2022,5,202205,Luleå,Ej angivet,94
2022,5,202205,Luleå,El Salvador,4
2022,5,202205,Luleå,Estland,39
2022,5,202205,Luleå,Finland,642
2022,5,202205,Luleå,Frankrike,63
2022,5,202205,Luleå,Georgien,11
2022,5,202205,Luleå,Grekland,6
2022,5,202205,Luleå,Irland,97
2022,5,202205,Luleå,Island,3
2022,5,202205,Luleå,Israel,3
2022,5,202205,Luleå,Italien,49
2022,5,202205,Luleå,Japan,1
2022,5,202205,Luleå,Kanada,48
2022,5,202205,Luleå,Kroatien,15
2022,5,202205,Luleå,Lettland,107
2022,5,202205,Luleå,Libanon,7
2022,5,202205,Luleå,Litauen,52
2022,5,202205,Luleå,Luxemburg,5
2022,5,202205,Luleå,Malta,18
2022,5,202205,Luleå,Nederländerna,235
2022,5,202205,Luleå,Norge,1301
2022,5,202205,Luleå,Polen,351
2022,5,202205,Luleå,Portugal,16
2022,5,202205,Luleå,Rumänien,60
2022,5,202205,Luleå,Schweiz,168
2022,5,202205,Luleå,Singapore,6
2022,5,202205,Luleå,Slovakien,4
2022,5,202205,Luleå,Slovenien,6
2022,5,202205,Luleå,Spanien,70
2022,5,202205,Luleå,Storbritannien,170
2022,5,202205,Luleå,Sverige,32829
2022,5,202205,Luleå,Sydafrika,12
2022,5,202205,Luleå,Taiwan,2
2022,5,202205,Luleå,Tjeckien,12
2022,5,202205,Luleå,Turkiet,1
2022,5,202205,Luleå,Tyskland,638
2022,5,202205,Luleå,USA,1693
2022,5,202205,Luleå,Ukraina,2
2022,5,202205,Luleå,Ungern,6
2022,5,202205,Luleå,Österrike,30
2022,6,202206,Luleå,Australien,26
2022,6,202206,Luleå,Belgien,164
2022,6,202206,Luleå,Brasilien,2
2022,6,202206,Luleå,Bulgarien,11
2022,6,202206,Luleå,Chile,2
2022,6,202206,Luleå,Colombia,14
2022,6,202206,Luleå,Costa Rica,2
2022,6,202206,Luleå,Danmark,302
2022,6,202206,Luleå,Ecuador,1
2022,6,202206,Luleå,Ej angivet,151
2022,6,202206,Luleå,Estland,95
2022,6,202206,Luleå,Filippinerna,2
2022,6,202206,Luleå,Finland,1340
2022,6,202206,Luleå,Frankrike,170
2022,6,202206,Luleå,Georgien,15
2022,6,202206,Luleå,Ghana,1
2022,6,202206,Luleå,Grekland,6
2022,6,202206,Luleå,Indien,2
2022,6,202206,Luleå,Indonesien,6
2022,6,202206,Luleå,Iran,18
2022,6,202206,Luleå,Irland,101
2022,6,202206,Luleå,Island,10
2022,6,202206,Luleå,Israel,6
2022,6,202206,Luleå,Italien,193
2022,6,202206,Luleå,Kanada,24
2022,6,202206,Luleå,Kina,15
2022,6,202206,Luleå,Kroatien,38
2022,6,202206,Luleå,Lettland,153
2022,6,202206,Luleå,Litauen,12
2022,6,202206,Luleå,Luxemburg,6
2022,6,202206,Luleå,Mexiko,1
2022,6,202206,Luleå,Myanmar,1
2022,6,202206,Luleå,Nederländerna,619
2022,6,202206,Luleå,Niger,32
2022,6,202206,Luleå,Norge,5801
2022,6,202206,Luleå,Nya Zeeland,10
2022,6,202206,Luleå,Panama,2
2022,6,202206,Luleå,Polen,566
2022,6,202206,Luleå,Portugal,14
2022,6,202206,Luleå,Rumänien,84
2022,6,202206,Luleå,Ryssland,1
2022,6,202206,Luleå,Schweiz,529
2022,6,202206,Luleå,Seychellerna,4
2022,6,202206,Luleå,Slovakien,11
2022,6,202206,Luleå,Slovenien,13
2022,6,202206,Luleå,Somalia,2
2022,6,202206,Luleå,Spanien,107
2022,6,202206,Luleå,Storbritannien,290
2022,6,202206,Luleå,Sverige,32566
2022,6,202206,Luleå,Swaziland,4
2022,6,202206,Luleå,Sydafrika,6
2022,6,202206,Luleå,Sydkorea,7
2022,6,202206,Luleå,Tjeckien,29
2022,6,202206,Luleå,Turkiet,5
2022,6,202206,Luleå,Tyskland,2344
2022,6,202206,Luleå,USA,1732
2022,6,202206,Luleå,Ungern,14
2022,6,202206,Luleå,Uruguay,4
2022,6,202206,Luleå,Österrike,130
2022,6,202206,Luleå,Övriga Världen,1
2022,7,202207,Luleå,Australien,52
2022,7,202207,Luleå,Belgien,130
2022,7,202207,Luleå,Brasilien,4
2022,7,202207,Luleå,Danmark,411
2022,7,202207,Luleå,Egypten,2
2022,7,202207,Luleå,Ej angivet,349
2022,7,202207,Luleå,Estland,312
2022,7,202207,Luleå,Etiopien,5
2022,7,202207,Luleå,Filippinerna,2
2022,7,202207,Luleå,Finland,3122
2022,7,202207,Luleå,Frankrike,363
2022,7,202207,Luleå,Förenade Arabemiraten,3
2022,7,202207,Luleå,Georgien,14
2022,7,202207,Luleå,Grekland,7
2022,7,202207,Luleå,Indien,22
2022,7,202207,Luleå,Iran,14
2022,7,202207,Luleå,Irland,85
2022,7,202207,Luleå,Island,11
2022,7,202207,Luleå,Israel,11
2022,7,202207,Luleå,Italien,192
2022,7,202207,Luleå,Japan,4
2022,7,202207,Luleå,Kanada,8
2022,7,202207,Luleå,Kina,23
2022,7,202207,Luleå,Kroatien,44
2022,7,202207,Luleå,Lettland,106
2022,7,202207,Luleå,Litauen,22
2022,7,202207,Luleå,Luxemburg,12
2022,7,202207,Luleå,Mexiko,3
2022,7,202207,Luleå,Nederländerna,456
2022,7,202207,Luleå,Niger,10
2022,7,202207,Luleå,Norge,60706
2022,7,202207,Luleå,Nya Zeeland,14
2022,7,202207,Luleå,Polen,351
2022,7,202207,Luleå,Portugal,10
2022,7,202207,Luleå,Rumänien,28
2022,7,202207,Luleå,Ryssland,1
2022,7,202207,Luleå,Schweiz,548
2022,7,202207,Luleå,Seychellerna,7
2022,7,202207,Luleå,Slovakien,18
2022,7,202207,Luleå,Slovenien,10
2022,7,202207,Luleå,Somalia,4
2022,7,202207,Luleå,Spanien,299
2022,7,202207,Luleå,Storbritannien,299
2022,7,202207,Luleå,Sverige,47770
2022,7,202207,Luleå,Swaziland,4
2022,7,202207,Luleå,Sydafrika,5
2022,7,202207,Luleå,Sydkorea,1
2022,7,202207,Luleå,Tjeckien,64
2022,7,202207,Luleå,Turkiet,5
2022,7,202207,Luleå,Tyskland,2070
2022,7,202207,Luleå,USA,2318
2022,7,202207,Luleå,Ukraina,7
2022,7,202207,Luleå,Ungern,37
2022,7,202207,Luleå,Österrike,276
2022,7,202207,Luleå,Övriga Världen,53
2022,8,202208,Luleå,Afghanistan,2
2022,8,202208,Luleå,Australien,39
2022,8,202208,Luleå,Belgien,83
2022,8,202208,Luleå,Brasilien,2
2022,8,202208,Luleå,Bulgarien,9
2022,8,202208,Luleå,Danmark,301
2022,8,202208,Luleå,Ecuador,4
2022,8,202208,Luleå,Ej angivet,163
2022,8,202208,Luleå,El Salvador,2
2022,8,202208,Luleå,Estland,181
2022,8,202208,Luleå,Filippinerna,2
2022,8,202208,Luleå,Finland,1278
2022,8,202208,Luleå,Frankrike,372
2022,8,202208,Luleå,Georgien,93
2022,8,202208,Luleå,Ghana,2
2022,8,202208,Luleå,Grekland,12
2022,8,202208,Luleå,Iran,63
2022,8,202208,Luleå,Irland,133
2022,8,202208,Luleå,Island,14
2022,8,202208,Luleå,Israel,12
2022,8,202208,Luleå,Italien,266
2022,8,202208,Luleå,Japan,3
2022,8,202208,Luleå,Kanada,6
2022,8,202208,Luleå,Kina,7
2022,8,202208,Luleå,Kroatien,2
2022,8,202208,Luleå,Lettland,95
2022,8,202208,Luleå,Litauen,16
2022,8,202208,Luleå,Luxemburg,2
2022,8,202208,Luleå,Malta,2
2022,8,202208,Luleå,Nederländerna,528
2022,8,202208,Luleå,Niger,2
2022,8,202208,Luleå,Norge,13762
2022,8,202208,Luleå,Pakistan,1
2022,8,202208,Luleå,Polen,548
2022,8,202208,Luleå,Portugal,9
2022,8,202208,Luleå,Qatar,4
2022,8,202208,Luleå,Rumänien,37
2022,8,202208,Luleå,Ryssland,12
2022,8,202208,Luleå,Schweiz,414
2022,8,202208,Luleå,Seychellerna,2
2022,8,202208,Luleå,Slovakien,6
2022,8,202208,Luleå,Spanien,276
2022,8,202208,Luleå,Storbritannien,269
2022,8,202208,Luleå,Sverige,39360
2022,8,202208,Luleå,Swaziland,2
2022,8,202208,Luleå,Thailand,8
2022,8,202208,Luleå,Tjeckien,50
2022,8,202208,Luleå,Turkiet,2
2022,8,202208,Luleå,Tyskland,2018
2022,8,202208,Luleå,USA,1290
2022,8,202208,Luleå,Ukraina,16
2022,8,202208,Luleå,Ungern,17
2022,8,202208,Luleå,Vitryssland,2
2022,8,202208,Luleå,Österrike,103
2022,8,202208,Luleå,Övriga Världen,4
2022,9,202209,Luleå,Australien,20
2022,9,202209,Luleå,Belgien,33
2022,9,202209,Luleå,Bolivia,2
2022,9,202209,Luleå,Brasilien,4
2022,9,202209,Luleå,Bulgarien,10
2022,9,202209,Luleå,Colombia,2
2022,9,202209,Luleå,Cypern,4
2022,9,202209,Luleå,Danmark,105
2022,9,202209,Luleå,Ej angivet,59
2022,9,202209,Luleå,Estland,54
2022,9,202209,Luleå,Etiopien,1
2022,9,202209,Luleå,Finland,834
2022,9,202209,Luleå,Frankrike,99
2022,9,202209,Luleå,Gabon,6
2022,9,202209,Luleå,Georgien,23
2022,9,202209,Luleå,Grekland,16
2022,9,202209,Luleå,Indien,19
2022,9,202209,Luleå,Iran,1
2022,9,202209,Luleå,Irland,83
2022,9,202209,Luleå,Israel,14
2022,9,202209,Luleå,Italien,80
2022,9,202209,Luleå,Kanada,23
2022,9,202209,Luleå,Kazakstan,2
2022,9,202209,Luleå,Kina,12
2022,9,202209,Luleå,Lettland,89
2022,9,202209,Luleå,Litauen,14
2022,9,202209,Luleå,Luxemburg,2
2022,9,202209,Luleå,Malaysia,1
2022,9,202209,Luleå,Mexiko,14
2022,9,202209,Luleå,Nederländerna,183
2022,9,202209,Luleå,Norge,965
2022,9,202209,Luleå,Polen,665
2022,9,202209,Luleå,Portugal,20
2022,9,202209,Luleå,Rumänien,151
2022,9,202209,Luleå,Ryssland,9
2022,9,202209,Luleå,Schweiz,229
2022,9,202209,Luleå,Singapore,2
2022,9,202209,Luleå,Slovakien,3
2022,9,202209,Luleå,Slovenien,5
2022,9,202209,Luleå,Spanien,217
2022,9,202209,Luleå,Sri Lanka,15
2022,9,202209,Luleå,Storbritannien,216
2022,9,202209,Luleå,Sverige,29215
2022,9,202209,Luleå,Sydafrika,2
2022,9,202209,Luleå,Thailand,2
2022,9,202209,Luleå,Tjeckien,21
2022,9,202209,Luleå,Turkiet,8
2022,9,202209,Luleå,Tyskland,716
2022,9,202209,Luleå,USA,1143
2022,9,202209,Luleå,Ukraina,16
2022,9,202209,Luleå,Ungern,12
2022,9,202209,Luleå,Vitryssland,2
2022,9,202209,Luleå,Österrike,72
2022,9,202209,Luleå,Övriga Världen,1
2022,10,202210,Luleå,Australien,6
2022,10,202210,Luleå,Belgien,24
2022,10,202210,Luleå,Brasilien,12
2022,10,202210,Luleå,Burundi,3
2022,10,202210,Luleå,Chile,8
2022,10,202210,Luleå,Colombia,4
2022,10,202210,Luleå,Danmark,150
2022,10,202210,Luleå,Ej angivet,89
2022,10,202210,Luleå,Estland,30
2022,10,202210,Luleå,Finland,945
2022,10,202210,Luleå,Frankrike,129
2022,10,202210,Luleå,Förenade Arabemiraten,7
2022,10,202210,Luleå,Gabon,4
2022,10,202210,Luleå,Georgien,1
2022,10,202210,Luleå,Grekland,13
2022,10,202210,Luleå,Indien,12
2022,10,202210,Luleå,Indonesien,3
2022,10,202210,Luleå,Iran,11
2022,10,202210,Luleå,Irland,129
2022,10,202210,Luleå,Island,3
2022,10,202210,Luleå,Israel,2
2022,10,202210,Luleå,Italien,230
2022,10,202210,Luleå,Japan,1
2022,10,202210,Luleå,Kanada,13
2022,10,202210,Luleå,Kina,35
2022,10,202210,Luleå,Kroatien,6
2022,10,202210,Luleå,Lettland,95
2022,10,202210,Luleå,Litauen,8
2022,10,202210,Luleå,Luxemburg,2
2022,10,202210,Luleå,Malaysia,5
2022,10,202210,Luleå,Malta,14
2022,10,202210,Luleå,Nederländerna,190
2022,10,202210,Luleå,Norge,1206
2022,10,202210,Luleå,Nya Zeeland,4
2022,10,202210,Luleå,Panama,3
2022,10,202210,Luleå,Polen,752
2022,10,202210,Luleå,Portugal,13
2022,10,202210,Luleå,Rumänien,117
2022,10,202210,Luleå,Ryssland,19
2022,10,202210,Luleå,Saudiarabien,22
2022,10,202210,Luleå,Schweiz,139
2022,10,202210,Luleå,Singapore,7
2022,10,202210,Luleå,Slovenien,4
2022,10,202210,Luleå,Spanien,77
2022,10,202210,Luleå,Storbritannien,276
2022,10,202210,Luleå,Sverige,31925
2022,10,202210,Luleå,Swaziland,2
2022,10,202210,Luleå,Sydafrika,2
2022,10,202210,Luleå,Tadzjikistan,6
2022,10,202210,Luleå,Taiwan,6
2022,10,202210,Luleå,Thailand,2
2022,10,202210,Luleå,Tjeckien,17
2022,10,202210,Luleå,Turkiet,2
2022,10,202210,Luleå,Tyskland,466
2022,10,202210,Luleå,USA,1381
2022,10,202210,Luleå,Ukraina,2
2022,10,202210,Luleå,Ungern,7
2022,10,202210,Luleå,Österrike,75
2022,10,202210,Luleå,Övriga Asien,6
2022,11,202211,Luleå,Andorra,18
2022,11,202211,Luleå,Argentina,2
2022,11,202211,Luleå,Australien,14
2022,11,202211,Luleå,Belgien,21
2022,11,202211,Luleå,Bosnien och Hercegovina,1
2022,11,202211,Luleå,Botswana,2
2022,11,202211,Luleå,Bulgarien,16
2022,11,202211,Luleå,Chile,3
2022,11,202211,Luleå,Danmark,435
2022,11,202211,Luleå,Ecuador,4
2022,11,202211,Luleå,Ej angivet,2800
2022,11,202211,Luleå,Estland,6
2022,11,202211,Luleå,Etiopien,1
2022,11,202211,Luleå,Filippinerna,1
2022,11,202211,Luleå,Finland,549
2022,11,202211,Luleå,Frankrike,115
2022,11,202211,Luleå,Förenade Arabemiraten,1
2022,11,202211,Luleå,Georgien,2
2022,11,202211,Luleå,Grekland,9
2022,11,202211,Luleå,Indien,1
2022,11,202211,Luleå,Indonesien,3
2022,11,202211,Luleå,Irland,118
2022,11,202211,Luleå,Island,4
2022,11,202211,Luleå,Israel,13
2022,11,202211,Luleå,Italien,74
2022,11,202211,Luleå,Japan,4
2022,11,202211,Luleå,Kanada,1
2022,11,202211,Luleå,Kina,8
2022,11,202211,Luleå,Kroatien,7
2022,11,202211,Luleå,Lettland,109
2022,11,202211,Luleå,Litauen,17
2022,11,202211,Luleå,Malaysia,7
2022,11,202211,Luleå,Mexiko,1
2022,11,202211,Luleå,Nederländerna,74
2022,11,202211,Luleå,Norge,959
2022,11,202211,Luleå,Panama,2
2022,11,202211,Luleå,Peru,1
2022,11,202211,Luleå,Polen,553
2022,11,202211,Luleå,Portugal,9
2022,11,202211,Luleå,Rumänien,45
2022,11,202211,Luleå,Ryssland,17
2022,11,202211,Luleå,Schweiz,126
2022,11,202211,Luleå,Serbien,22
2022,11,202211,Luleå,Singapore,9
2022,11,202211,Luleå,Slovakien,6
2022,11,202211,Luleå,Slovenien,4
2022,11,202211,Luleå,Spanien,114
2022,11,202211,Luleå,Storbritannien,232
2022,11,202211,Luleå,Sverige,28774
2022,11,202211,Luleå,Sydafrika,4
2022,11,202211,Luleå,Sydkorea,7
2022,11,202211,Luleå,Taiwan,5
2022,11,202211,Luleå,Thailand,3
2022,11,202211,Luleå,Tjeckien,41
2022,11,202211,Luleå,Turkiet,5
2022,11,202211,Luleå,Tyskland,411
2022,11,202211,Luleå,USA,651
2022,11,202211,Luleå,Ukraina,8
2022,11,202211,Luleå,Ungern,8
2022,11,202211,Luleå,Uruguay,2
2022,11,202211,Luleå,Österrike,78
2022,12,202212,Luleå,Australien,45
2022,12,202212,Luleå,Belgien,337
2022,12,202212,Luleå,Brasilien,11
2022,12,202212,Luleå,Bulgarien,2
2022,12,202212,Luleå,Colombia,10
2022,12,202212,Luleå,Cypern,6
2022,12,202212,Luleå,Danmark,134
2022,12,202212,Luleå,Ecuador,1
2022,12,202212,Luleå,Ej angivet,126
2022,12,202212,Luleå,Estland,10
2022,12,202212,Luleå,Finland,414
2022,12,202212,Luleå,Frankrike,386
2022,12,202212,Luleå,Förenade Arabemiraten,4
2022,12,202212,Luleå,Gabon,16
2022,12,202212,Luleå,Georgien,4
2022,12,202212,Luleå,Grekland,10
2022,12,202212,Luleå,Indien,31
2022,12,202212,Luleå,Indonesien,44
2022,12,202212,Luleå,Iran,13
2022,12,202212,Luleå,Irland,22
2022,12,202212,Luleå,Island,2
2022,12,202212,Luleå,Italien,636
2022,12,202212,Luleå,Japan,5
2022,12,202212,Luleå,Kanada,1
2022,12,202212,Luleå,Kina,140
2022,12,202212,Luleå,Kroatien,8
2022,12,202212,Luleå,Lettland,5
2022,12,202212,Luleå,Litauen,17
2022,12,202212,Luleå,Luxemburg,8
2022,12,202212,Luleå,Malaysia,6
2022,12,202212,Luleå,Malta,1
2022,12,202212,Luleå,Marocko,6
2022,12,202212,Luleå,Mexiko,2
2022,12,202212,Luleå,Nederländerna,242
2022,12,202212,Luleå,Niger,20
2022,12,202212,Luleå,Norge,697
2022,12,202212,Luleå,Nya Zeeland,4
2022,12,202212,Luleå,Polen,183
2022,12,202212,Luleå,Portugal,11
2022,12,202212,Luleå,Rumänien,38
2022,12,202212,Luleå,Ryssland,9
2022,12,202212,Luleå,Schweiz,168
2022,12,202212,Luleå,Senegal,2
2022,12,202212,Luleå,Seychellerna,1
2022,12,202212,Luleå,Singapore,34
2022,12,202212,Luleå,Slovakien,7
2022,12,202212,Luleå,Spanien,661
2022,12,202212,Luleå,Storbritannien,194
2022,12,202212,Luleå,Sverige,28320
2022,12,202212,Luleå,Sydafrika,7
2022,12,202212,Luleå,Taiwan,8
2022,12,202212,Luleå,Thailand,6
2022,12,202212,Luleå,Tjeckien,46
2022,12,202212,Luleå,Turkiet,32
2022,12,202212,Luleå,Tyskland,753
2022,12,202212,Luleå,USA,1220
2022,12,202212,Luleå,Ukraina,15
2022,12,202212,Luleå,Ungern,33
2022,12,202212,Luleå,Uruguay,1
2022,12,202212,Luleå,Vietnam,2
2022,12,202212,Luleå,Österrike,48
2022,12,202212,Luleå,Övriga Asien,4
2022,12,202212,Luleå,Övriga Europa,2
2022,12,202212,Luleå,Övriga Världen,72
2023,1,202301,Luleå,Armenien,2
2023,1,202301,Luleå,Australien,22
2023,1,202301,Luleå,Belgien,102
2023,1,202301,Luleå,Bolivia,2
2023,1,202301,Luleå,Brasilien,5
2023,1,202301,Luleå,Bulgarien,10
2023,1,202301,Luleå,Burundi,3
2023,1,202301,Luleå,Costa Rica,2
2023,1,202301,Luleå,Cypern,7
2023,1,202301,Luleå,Danmark,95
2023,1,202301,Luleå,Ej angivet,75
2023,1,202301,Luleå,Estland,20
2023,1,202301,Luleå,Finland,415
2023,1,202301,Luleå,Frankrike,595
2023,1,202301,Luleå,Georgien,10
2023,1,202301,Luleå,Grekland,7
2023,1,202301,Luleå,Indien,26
2023,1,202301,Luleå,Irland,130
2023,1,202301,Luleå,Israel,5
2023,1,202301,Luleå,Italien,497
2023,1,202301,Luleå,Japan,7
2023,1,202301,Luleå,Kanada,3
2023,1,202301,Luleå,Kina,43
2023,1,202301,Luleå,Kroatien,10
2023,1,202301,Luleå,Kuwait,1
2023,1,202301,Luleå,Lettland,3
2023,1,202301,Luleå,Libanon,2
2023,1,202301,Luleå,Liechtenstein,15
2023,1,202301,Luleå,Litauen,24
2023,1,202301,Luleå,Luxemburg,17
2023,1,202301,Luleå,Malaysia,1
2023,1,202301,Luleå,Malta,5
2023,1,202301,Luleå,Nederländerna,483
2023,1,202301,Luleå,Niger,23
2023,1,202301,Luleå,Nordkorea,1
2023,1,202301,Luleå,Norge,683
2023,1,202301,Luleå,Nya Zeeland,1
2023,1,202301,Luleå,Polen,182
2023,1,202301,Luleå,Portugal,11
2023,1,202301,Luleå,Rumänien,56
2023,1,202301,Luleå,Ryssland,8
2023,1,202301,Luleå,San Marino,4
2023,1,202301,Luleå,Schweiz,174
2023,1,202301,Luleå,Serbien,5
2023,1,202301,Luleå,Seychellerna,2
2023,1,202301,Luleå,Singapore,3
2023,1,202301,Luleå,Slovakien,8
2023,1,202301,Luleå,Slovenien,4
2023,1,202301,Luleå,Spanien,628
2023,1,202301,Luleå,Storbritannien,298
2023,1,202301,Luleå,Sverige,30011
2023,1,202301,Luleå,Swaziland,10
2023,1,202301,Luleå,Sydafrika,62
2023,1,202301,Luleå,Sydkorea,2
2023,1,202301,Luleå,Tadzjikistan,4
2023,1,202301,Luleå,Taiwan,30
2023,1,202301,Luleå,Tjeckien,53
2023,1,202301,Luleå,Turkiet,20
2023,1,202301,Luleå,Tyskland,826
2023,1,202301,Luleå,USA,872
2023,1,202301,Luleå,Ukraina,10
2023,1,202301,Luleå,Ungern,16
2023,1,202301,Luleå,Vietnam,3
2023,1,202301,Luleå,Österrike,87
2023,1,202301,Luleå,Övriga Asien,2
2023,1,202301,Luleå,Övriga Europa,12
2023,1,202301,Luleå,Övriga Världen,68
2023,2,202302,Luleå,Australien,33
2023,2,202302,Luleå,Azerbajdzjan,2
2023,2,202302,Luleå,Belgien,132
2023,2,202302,Luleå,Brasilien,5
2023,2,202302,Luleå,Bulgarien,4
2023,2,202302,Luleå,Cypern,4
2023,2,202302,Luleå,Danmark,274
2023,2,202302,Luleå,Ej angivet,277
2023,2,202302,Luleå,Estland,18
2023,2,202302,Luleå,Filippinerna,2
2023,2,202302,Luleå,Finland,848
2023,2,202302,Luleå,Frankrike,532
2023,2,202302,Luleå,Förenade Arabemiraten,1
2023,2,202302,Luleå,Georgien,24
2023,2,202302,Luleå,Grekland,5
2023,2,202302,Luleå,Indien,19
2023,2,202302,Luleå,Indonesien,5
2023,2,202302,Luleå,Irland,92
2023,2,202302,Luleå,Island,13
2023,2,202302,Luleå,Israel,3
2023,2,202302,Luleå,Italien,663
2023,2,202302,Luleå,Japan,8
2023,2,202302,Luleå,Kanada,16
2023,2,202302,Luleå,Kina,21
2023,2,202302,Luleå,Kroatien,6
2023,2,202302,Luleå,Lettland,23
2023,2,202302,Luleå,Liechtenstein,4
2023,2,202302,Luleå,Litauen,14
2023,2,202302,Luleå,Luxemburg,7
2023,2,202302,Luleå,Makedonien,4
2023,2,202302,Luleå,Nederländerna,1138
2023,2,202302,Luleå,Niger,13
2023,2,202302,Luleå,Nordkorea,3
2023,2,202302,Luleå,Norge,755
2023,2,202302,Luleå,Nya Zeeland,4
2023,2,202302,Luleå,Polen,70
2023,2,202302,Luleå,Portugal,22
2023,2,202302,Luleå,Rumänien,42
2023,2,202302,Luleå,Ryssland,13
2023,2,202302,Luleå,Schweiz,229
2023,2,202302,Luleå,Singapore,4
2023,2,202302,Luleå,Slovakien,3
2023,2,202302,Luleå,Slovenien,7
2023,2,202302,Luleå,Spanien,408
2023,2,202302,Luleå,Storbritannien,339
2023,2,202302,Luleå,Sverige,36345
2023,2,202302,Luleå,Sydafrika,6
2023,2,202302,Luleå,Sydkorea,18
2023,2,202302,Luleå,Thailand,3
2023,2,202302,Luleå,Tjeckien,73
2023,2,202302,Luleå,Turkiet,21
2023,2,202302,Luleå,Tyskland,1109
2023,2,202302,Luleå,USA,1369
2023,2,202302,Luleå,Ukraina,6
2023,2,202302,Luleå,Ungern,48
2023,2,202302,Luleå,Österrike,116
2023,3,202303,Luleå,Australien,52
2023,3,202303,Luleå,Belgien,84
2023,3,202303,Luleå,Brasilien,19
2023,3,202303,Luleå,Bulgarien,3
2023,3,202303,Luleå,Burundi,2
2023,3,202303,Luleå,Chile,3
2023,3,202303,Luleå,Colombia,1
2023,3,202303,Luleå,Danmark,114
2023,3,202303,Luleå,Ej angivet,156
2023,3,202303,Luleå,El Salvador,3
2023,3,202303,Luleå,Estland,3
2023,3,202303,Luleå,Finland,611
2023,3,202303,Luleå,Frankrike,317
2023,3,202303,Luleå,Förenade Arabemiraten,9
2023,3,202303,Luleå,Georgien,2
2023,3,202303,Luleå,Grekland,195
2023,3,202303,Luleå,Indien,12
2023,3,202303,Luleå,Irland,19
2023,3,202303,Luleå,Island,3
2023,3,202303,Luleå,Israel,10
2023,3,202303,Luleå,Italien,261
2023,3,202303,Luleå,Jamaica,1
2023,3,202303,Luleå,Japan,40
2023,3,202303,Luleå,Kanada,8
2023,3,202303,Luleå,Kina,9
2023,3,202303,Luleå,Kroatien,8
2023,3,202303,Luleå,Lettland,18
2023,3,202303,Luleå,Litauen,8
2023,3,202303,Luleå,Luxemburg,20
2023,3,202303,Luleå,Makedonien,6
2023,3,202303,Luleå,Malaysia,1
2023,3,202303,Luleå,Nederländerna,219
2023,3,202303,Luleå,Norge,873
2023,3,202303,Luleå,Nya Zeeland,1
2023,3,202303,Luleå,Polen,72
2023,3,202303,Luleå,Portugal,9
2023,3,202303,Luleå,Rumänien,34
2023,3,202303,Luleå,Ryssland,2
2023,3,202303,Luleå,Schweiz,115
2023,3,202303,Luleå,Serbien,8
2023,3,202303,Luleå,Singapore,14
2023,3,202303,Luleå,Slovakien,4
2023,3,202303,Luleå,Slovenien,1
2023,3,202303,Luleå,Spanien,166
2023,3,202303,Luleå,Storbritannien,173
2023,3,202303,Luleå,Sverige,34940
2023,3,202303,Luleå,Sydafrika,8
2023,3,202303,Luleå,Sydkorea,5
2023,3,202303,Luleå,Taiwan,68
2023,3,202303,Luleå,Thailand,12
2023,3,202303,Luleå,Tjeckien,46
2023,3,202303,Luleå,Turkiet,27
2023,3,202303,Luleå,Tyskland,908
2023,3,202303,Luleå,USA,1118
2023,3,202303,Luleå,Ukraina,5
2023,3,202303,Luleå,Ungern,2
2023,3,202303,Luleå,Vitryssland,1
2023,3,202303,Luleå,Österrike,36
2023,3,202303,Luleå,Övriga Världen,190
2023,4,202304,Luleå,Afghanistan,2
2023,4,202304,Luleå,Albanien,1
2023,4,202304,Luleå,Australien,16
2023,4,202304,Luleå,Belgien,12
2023,4,202304,Luleå,Bulgarien,2
2023,4,202304,Luleå,Danmark,33
2023,4,202304,Luleå,Ej angivet,49
2023,4,202304,Luleå,Estland,3
2023,4,202304,Luleå,Finland,612
2023,4,202304,Luleå,Frankrike,94
2023,4,202304,Luleå,Förenade Arabemiraten,1
2023,4,202304,Luleå,Indien,6
2023,4,202304,Luleå,Irland,7
2023,4,202304,Luleå,Israel,14
2023,4,202304,Luleå,Italien,50
2023,4,202304,Luleå,Kanada,18
2023,4,202304,Luleå,Kina,11
2023,4,202304,Luleå,Kroatien,1
2023,4,202304,Luleå,Lettland,18
2023,4,202304,Luleå,Litauen,5
2023,4,202304,Luleå,Luxemburg,2
2023,4,202304,Luleå,Malaysia,19
2023,4,202304,Luleå,Nederländerna,35
2023,4,202304,Luleå,Norge,917
2023,4,202304,Luleå,Polen,94
2023,4,202304,Luleå,Rumänien,58
2023,4,202304,Luleå,Schweiz,72
2023,4,202304,Luleå,Spanien,71
2023,4,202304,Luleå,Storbritannien,121
2023,4,202304,Luleå,Sverige,21728
2023,4,202304,Luleå,Sydafrika,1
2023,4,202304,Luleå,Sydkorea,5
2023,4,202304,Luleå,Thailand,2
2023,4,202304,Luleå,Tjeckien,22
2023,4,202304,Luleå,Turkiet,2
2023,4,202304,Luleå,Tyskland,237
2023,4,202304,Luleå,USA,667
2023,4,202304,Luleå,Ungern,7
2023,4,202304,Luleå,Österrike,22
2023,4,202304,Luleå,Övriga Asien,1
2023,5,202305,Luleå,Australien,18
2023,5,202305,Luleå,Belgien,77
2023,5,202305,Luleå,Brasilien,2
2023,5,202305,Luleå,Costa Rica,3
2023,5,202305,Luleå,Danmark,81
2023,5,202305,Luleå,Egypten,1
2023,5,202305,Luleå,Ej angivet,32
2023,5,202305,Luleå,Elfenbenskusten,1
2023,5,202305,Luleå,Estland,22
2023,5,202305,Luleå,Etiopien,1
2023,5,202305,Luleå,Finland,889
2023,5,202305,Luleå,Frankrike,131
2023,5,202305,Luleå,Georgien,4
2023,5,202305,Luleå,Indien,4
2023,5,202305,Luleå,Indonesien,1
2023,5,202305,Luleå,Irland,14
2023,5,202305,Luleå,Israel,2
2023,5,202305,Luleå,Italien,21
2023,5,202305,Luleå,Japan,1
2023,5,202305,Luleå,Kanada,27
2023,5,202305,Luleå,Kina,10
2023,5,202305,Luleå,Kroatien,1
2023,5,202305,Luleå,Lettland,18
2023,5,202305,Luleå,Litauen,7
2023,5,202305,Luleå,Luxemburg,6
2023,5,202305,Luleå,Nederländerna,374
2023,5,202305,Luleå,Norge,1812
2023,5,202305,Luleå,Nya Zeeland,2
2023,5,202305,Luleå,Peru,4
2023,5,202305,Luleå,Polen,180
2023,5,202305,Luleå,Portugal,3
2023,5,202305,Luleå,Rumänien,79
2023,5,202305,Luleå,Ryssland,4
2023,5,202305,Luleå,Schweiz,671
2023,5,202305,Luleå,Slovenien,2
2023,5,202305,Luleå,Spanien,30
2023,5,202305,Luleå,Storbritannien,1827
2023,5,202305,Luleå,Sverige,30846
2023,5,202305,Luleå,Tjeckien,22
2023,5,202305,Luleå,Turkiet,3
2023,5,202305,Luleå,Tyskland,597
2023,5,202305,Luleå,USA,1117
2023,5,202305,Luleå,Österrike,34
2023,6,202306,Luleå,Afghanistan,3
2023,6,202306,Luleå,Australien,30
2023,6,202306,Luleå,Bangladesh,2
2023,6,202306,Luleå,Belgien,308
2023,6,202306,Luleå,Brasilien,2
2023,6,202306,Luleå,Bulgarien,9
2023,6,202306,Luleå,Burundi,9
2023,6,202306,Luleå,Chile,2
2023,6,202306,Luleå,Cypern,7
2023,6,202306,Luleå,Danmark,321
2023,6,202306,Luleå,Egypten,1
2023,6,202306,Luleå,Ej angivet,58
2023,6,202306,Luleå,Elfenbenskusten,2
2023,6,202306,Luleå,Estland,44
2023,6,202306,Luleå,Finland,2353
2023,6,202306,Luleå,Frankrike,217
2023,6,202306,Luleå,Förenade Arabemiraten,3
2023,6,202306,Luleå,Georgien,73
2023,6,202306,Luleå,Grekland,44
2023,6,202306,Luleå,Indien,6
2023,6,202306,Luleå,Indonesien,2
2023,6,202306,Luleå,Irland,23
2023,6,202306,Luleå,Israel,4
2023,6,202306,Luleå,Italien,139
2023,6,202306,Luleå,Japan,26
2023,6,202306,Luleå,Kanada,22
2023,6,202306,Luleå,Kazakstan,12
2023,6,202306,Luleå,Kina,51
2023,6,202306,Luleå,Kroatien,14
2023,6,202306,Luleå,Lettland,43
2023,6,202306,Luleå,Litauen,4
2023,6,202306,Luleå,Luxemburg,6
2023,6,202306,Luleå,Malta,2
2023,6,202306,Luleå,Mexiko,15
2023,6,202306,Luleå,Nederländerna,707
2023,6,202306,Luleå,Niger,34
2023,6,202306,Luleå,Nordkorea,2
2023,6,202306,Luleå,Norge,7493
2023,6,202306,Luleå,Polen,349
2023,6,202306,Luleå,Portugal,17
2023,6,202306,Luleå,Rumänien,14
2023,6,202306,Luleå,Ryssland,11
2023,6,202306,Luleå,Schweiz,909
2023,6,202306,Luleå,Singapore,4
2023,6,202306,Luleå,Slovakien,12
2023,6,202306,Luleå,Slovenien,12
2023,6,202306,Luleå,Somalia,2
2023,6,202306,Luleå,Spanien,149
2023,6,202306,Luleå,Storbritannien,2327
2023,6,202306,Luleå,Sverige,32918
2023,6,202306,Luleå,Sydkorea,5
2023,6,202306,Luleå,Thailand,3
2023,6,202306,Luleå,Tjeckien,73
2023,6,202306,Luleå,Tunisien,5
2023,6,202306,Luleå,Turkiet,4
2023,6,202306,Luleå,Tyskland,2158
2023,6,202306,Luleå,USA,1448
2023,6,202306,Luleå,Ungern,32
2023,6,202306,Luleå,Österrike,169
2023,6,202306,Luleå,Övriga Amerika,6
2023,6,202306,Luleå,Övriga Världen,136
2023,7,202307,Luleå,Afghanistan,2
2023,7,202307,Luleå,Argentina,6
2023,7,202307,Luleå,Australien,32
2023,7,202307,Luleå,Belgien,272
2023,7,202307,Luleå,Bulgarien,2
2023,7,202307,Luleå,Cypern,2
2023,7,202307,Luleå,Danmark,447
2023,7,202307,Luleå,Ej angivet,102
2023,7,202307,Luleå,Estland,270
2023,7,202307,Luleå,Finland,5490
2023,7,202307,Luleå,Frankrike,208
2023,7,202307,Luleå,Förenade Arabemiraten,2
2023,7,202307,Luleå,Georgien,101
2023,7,202307,Luleå,Grekland,14
2023,7,202307,Luleå,Honduras,2
2023,7,202307,Luleå,Indien,2
2023,7,202307,Luleå,Irland,41
2023,7,202307,Luleå,Island,8
2023,7,202307,Luleå,Israel,5
2023,7,202307,Luleå,Italien,109
2023,7,202307,Luleå,Japan,3
2023,7,202307,Luleå,Kanada,12
2023,7,202307,Luleå,Kazakstan,1
2023,7,202307,Luleå,Kina,15
2023,7,202307,Luleå,Kroatien,2
2023,7,202307,Luleå,Kuwait,2
2023,7,202307,Luleå,Lettland,39
2023,7,202307,Luleå,Litauen,23
2023,7,202307,Luleå,Luxemburg,6
2023,7,202307,Luleå,Mexiko,4
2023,7,202307,Luleå,Nederländerna,305
2023,7,202307,Luleå,Nicaragua,4
2023,7,202307,Luleå,Niger,10
2023,7,202307,Luleå,Nordkorea,1
2023,7,202307,Luleå,Norge,49156
2023,7,202307,Luleå,Nya Zeeland,4
2023,7,202307,Luleå,Oman,1
2023,7,202307,Luleå,Pakistan,14
2023,7,202307,Luleå,Polen,193
2023,7,202307,Luleå,Portugal,7
2023,7,202307,Luleå,Rumänien,6
2023,7,202307,Luleå,Ryssland,26
2023,7,202307,Luleå,Saudiarabien,2
2023,7,202307,Luleå,Schweiz,527
2023,7,202307,Luleå,Serbien,2
2023,7,202307,Luleå,Sierra Leone,2
2023,7,202307,Luleå,Slovakien,11
2023,7,202307,Luleå,Slovenien,13
2023,7,202307,Luleå,Spanien,57
2023,7,202307,Luleå,Storbritannien,157
2023,7,202307,Luleå,Sverige,43404
2023,7,202307,Luleå,Swaziland,6
2023,7,202307,Luleå,São Tomé och Príncipe,3
2023,7,202307,Luleå,Taiwan,6
2023,7,202307,Luleå,Thailand,1
2023,7,202307,Luleå,Tjeckien,54
2023,7,202307,Luleå,Turkiet,26
2023,7,202307,Luleå,Tyskland,1780
2023,7,202307,Luleå,USA,2103
2023,7,202307,Luleå,Ukraina,19
2023,7,202307,Luleå,Ungern,1
2023,7,202307,Luleå,Vietnam,2
2023,7,202307,Luleå,Vitryssland,1
2023,7,202307,Luleå,Österrike,228
2023,7,202307,Luleå,Övriga Världen,68
2023,8,202308,Luleå,Albanien,1
2023,8,202308,Luleå,Australien,81
2023,8,202308,Luleå,Azerbajdzjan,4
2023,8,202308,Luleå,Belgien,197
2023,8,202308,Luleå,Bulgarien,12
2023,8,202308,Luleå,Chile,3
2023,8,202308,Luleå,Costa Rica,2
2023,8,202308,Luleå,Danmark,326
2023,8,202308,Luleå,Ej angivet,105
2023,8,202308,Luleå,Estland,154
2023,8,202308,Luleå,Finland,1761
2023,8,202308,Luleå,Frankrike,354
2023,8,202308,Luleå,Förenade Arabemiraten,4
2023,8,202308,Luleå,Georgien,115
2023,8,202308,Luleå,Ghana,1
2023,8,202308,Luleå,Grekland,5
2023,8,202308,Luleå,Guatemala,2
2023,8,202308,Luleå,Indien,6
2023,8,202308,Luleå,Irak,7
2023,8,202308,Luleå,Irland,33
2023,8,202308,Luleå,Israel,4
2023,8,202308,Luleå,Italien,266
2023,8,202308,Luleå,Kanada,28
2023,8,202308,Luleå,Kina,33
2023,8,202308,Luleå,Kroatien,7
2023,8,202308,Luleå,Lettland,18
2023,8,202308,Luleå,Liechtenstein,4
2023,8,202308,Luleå,Litauen,22
2023,8,202308,Luleå,Luxemburg,18
2023,8,202308,Luleå,Nederländerna,440
2023,8,202308,Luleå,Niger,6
2023,8,202308,Luleå,Norge,10274
2023,8,202308,Luleå,Nya Zeeland,3
2023,8,202308,Luleå,Pakistan,4
2023,8,202308,Luleå,Peru,4
2023,8,202308,Luleå,Polen,145
2023,8,202308,Luleå,Portugal,7
2023,8,202308,Luleå,Rumänien,12
2023,8,202308,Luleå,Ryssland,3
2023,8,202308,Luleå,Schweiz,444
2023,8,202308,Luleå,Seychellerna,5
2023,8,202308,Luleå,Slovakien,6
2023,8,202308,Luleå,Slovenien,17
2023,8,202308,Luleå,Spanien,164
2023,8,202308,Luleå,Storbritannien,237
2023,8,202308,Luleå,Sverige,36241
2023,8,202308,Luleå,Swaziland,7
2023,8,202308,Luleå,Sydafrika,3
2023,8,202308,Luleå,Sydkorea,2
2023,8,202308,Luleå,São Tomé och Príncipe,2
2023,8,202308,Luleå,Thailand,2
2023,8,202308,Luleå,Tjeckien,48
2023,8,202308,Luleå,Turkiet,28
2023,8,202308,Luleå,Tyskland,2143
2023,8,202308,Luleå,USA,1914
2023,8,202308,Luleå,Ukraina,6
2023,8,202308,Luleå,Ungern,11
2023,8,202308,Luleå,Österrike,88
2023,8,202308,Luleå,Övriga Världen,1
2023,9,202309,Luleå,Argentina,2
2023,9,202309,Luleå,Australien,46
2023,9,202309,Luleå,Belgien,100
2023,9,202309,Luleå,Brasilien,2
2023,9,202309,Luleå,Bulgarien,8
2023,9,202309,Luleå,Chile,1
2023,9,202309,Luleå,Cypern,4
2023,9,202309,Luleå,Danmark,97
2023,9,202309,Luleå,Ej angivet,63
2023,9,202309,Luleå,Estland,54
2023,9,202309,Luleå,Finland,1134
2023,9,202309,Luleå,Frankrike,150
2023,9,202309,Luleå,Georgien,36
2023,9,202309,Luleå,Grekland,2
2023,9,202309,Luleå,Guatemala,49
2023,9,202309,Luleå,Indien,23
2023,9,202309,Luleå,Irland,72
2023,9,202309,Luleå,Island,3
2023,9,202309,Luleå,Israel,7
2023,9,202309,Luleå,Italien,203
2023,9,202309,Luleå,Japan,10
2023,9,202309,Luleå,Kanada,4
2023,9,202309,Luleå,Kina,37
2023,9,202309,Luleå,Kroatien,3
2023,9,202309,Luleå,Lettland,55
2023,9,202309,Luleå,Litauen,5
2023,9,202309,Luleå,Luxemburg,6
2023,9,202309,Luleå,Malta,2
2023,9,202309,Luleå,Marocko,1
2023,9,202309,Luleå,Nederländerna,105
2023,9,202309,Luleå,Nicaragua,1
2023,9,202309,Luleå,Niger,9
2023,9,202309,Luleå,Norge,1187
2023,9,202309,Luleå,Peru,1
2023,9,202309,Luleå,Polen,186
2023,9,202309,Luleå,Portugal,4
2023,9,202309,Luleå,Rumänien,15
2023,9,202309,Luleå,Schweiz,257
2023,9,202309,Luleå,Serbien,5
2023,9,202309,Luleå,Seychellerna,1
2023,9,202309,Luleå,Slovakien,8
2023,9,202309,Luleå,Slovenien,4
2023,9,202309,Luleå,Spanien,213
2023,9,202309,Luleå,Storbritannien,121
2023,9,202309,Luleå,Sverige,27349
2023,9,202309,Luleå,Sydafrika,33
2023,9,202309,Luleå,Taiwan,22
2023,9,202309,Luleå,Thailand,5
2023,9,202309,Luleå,Tjeckien,24
2023,9,202309,Luleå,Turkiet,28
2023,9,202309,Luleå,Tyskland,758
2023,9,202309,Luleå,USA,1165
2023,9,202309,Luleå,Ukraina,16
2023,9,202309,Luleå,Ungern,7
2023,9,202309,Luleå,Vitryssland,3
2023,9,202309,Luleå,Österrike,63
2023,10,202310,Luleå,Afghanistan,2
2023,10,202310,Luleå,Australien,6
2023,10,202310,Luleå,Bahrain,1
2023,10,202310,Luleå,Belgien,35
2023,10,202310,Luleå,Botswana,2
2023,10,202310,Luleå,Brasilien,3
2023,10,202310,Luleå,Bulgarien,3
2023,10,202310,Luleå,Danmark,107
2023,10,202310,Luleå,Ej angivet,16
2023,10,202310,Luleå,Estland,12
2023,10,202310,Luleå,Filippinerna,1
2023,10,202310,Luleå,Finland,1255
2023,10,202310,Luleå,Frankrike,107
2023,10,202310,Luleå,Grekland,2
2023,10,202310,Luleå,Indien,28
2023,10,202310,Luleå,Irland,14
2023,10,202310,Luleå,Italien,111
2023,10,202310,Luleå,Japan,7
2023,10,202310,Luleå,Kanada,14
2023,10,202310,Luleå,Kina,18
2023,10,202310,Luleå,Kroatien,1
2023,10,202310,Luleå,Lettland,22
2023,10,202310,Luleå,Litauen,4
2023,10,202310,Luleå,Luxemburg,1
2023,10,202310,Luleå,Malaysia,1
2023,10,202310,Luleå,Malta,12
2023,10,202310,Luleå,Marocko,2
2023,10,202310,Luleå,Nederländerna,60
2023,10,202310,Luleå,Norge,929
2023,10,202310,Luleå,Oman,4
2023,10,202310,Luleå,Polen,211
2023,10,202310,Luleå,Portugal,12
2023,10,202310,Luleå,Rumänien,43
2023,10,202310,Luleå,Saint Kitts och Nevis,2
2023,10,202310,Luleå,Schweiz,172
2023,10,202310,Luleå,Serbien,3
2023,10,202310,Luleå,Slovenien,6
2023,10,202310,Luleå,Spanien,149
2023,10,202310,Luleå,Storbritannien,84
2023,10,202310,Luleå,Sverige,26357
2023,10,202310,Luleå,Sydafrika,16
2023,10,202310,Luleå,Taiwan,3
2023,10,202310,Luleå,Thailand,2
2023,10,202310,Luleå,Tjeckien,7
2023,10,202310,Luleå,Tunisien,2
2023,10,202310,Luleå,Turkiet,17
2023,10,202310,Luleå,Tyskland,355
2023,10,202310,Luleå,USA,1061
2023,10,202310,Luleå,Ukraina,19
2023,10,202310,Luleå,Ungern,7
2023,10,202310,Luleå,Österrike,13
2023,10,202310,Luleå,Övriga Europa,2
2023,11,202311,Luleå,Andorra,4
2023,11,202311,Luleå,Argentina,4
2023,11,202311,Luleå,Australien,18
2023,11,202311,Luleå,Belgien,13
2023,11,202311,Luleå,Brasilien,2
2023,11,202311,Luleå,Bulgarien,1
2023,11,202311,Luleå,Danmark,52
2023,11,202311,Luleå,Ej angivet,16
2023,11,202311,Luleå,El Salvador,1
2023,11,202311,Luleå,Estland,10
2023,11,202311,Luleå,Finland,437
2023,11,202311,Luleå,Frankrike,113
2023,11,202311,Luleå,Förenade Arabemiraten,1
2023,11,202311,Luleå,Grekland,1
2023,11,202311,Luleå,Guatemala,5
2023,11,202311,Luleå,Indien,14
2023,11,202311,Luleå,Iran,1
2023,11,202311,Luleå,Irland,29
2023,11,202311,Luleå,Italien,190
2023,11,202311,Luleå,Japan,11
2023,11,202311,Luleå,Kanada,11
2023,11,202311,Luleå,Kina,28
2023,11,202311,Luleå,Kroatien,5
2023,11,202311,Luleå,Lettland,9
2023,11,202311,Luleå,Litauen,10
2023,11,202311,Luleå,Luxemburg,1
2023,11,202311,Luleå,Mexiko,7
2023,11,202311,Luleå,Nederländerna,92
2023,11,202311,Luleå,Norge,443
2023,11,202311,Luleå,Polen,29
2023,11,202311,Luleå,Portugal,12
2023,11,202311,Luleå,Rumänien,11
2023,11,202311,Luleå,Schweiz,36
2023,11,202311,Luleå,Singapore,26
2023,11,202311,Luleå,Slovakien,1
2023,11,202311,Luleå,Slovenien,3
2023,11,202311,Luleå,Spanien,92
2023,11,202311,Luleå,Storbritannien,122
2023,11,202311,Luleå,Sverige,30579
2023,11,202311,Luleå,Sydafrika,4
2023,11,202311,Luleå,Sydkorea,4
2023,11,202311,Luleå,Taiwan,9
2023,11,202311,Luleå,Tjeckien,31
2023,11,202311,Luleå,Turkiet,6
2023,11,202311,Luleå,Tyskland,302
2023,11,202311,Luleå,USA,1535
2023,11,202311,Luleå,Uganda,2
2023,11,202311,Luleå,Ukraina,7
2023,11,202311,Luleå,Ungern,11
2023,11,202311,Luleå,Österrike,34
2023,11,202311,Luleå,Övriga Världen,4
2023,12,202312,Luleå,Australien,99
2023,12,202312,Luleå,Azerbajdzjan,2
2023,12,202312,Luleå,Belgien,124
2023,12,202312,Luleå,Brasilien,8
2023,12,202312,Luleå,Bulgarien,6
2023,12,202312,Luleå,Chile,2
2023,12,202312,Luleå,Costa Rica,3
2023,12,202312,Luleå,Cypern,20
2023,12,202312,Luleå,Danmark,72
2023,12,202312,Luleå,Ej angivet,45
2023,12,202312,Luleå,El Salvador,1
2023,12,202312,Luleå,Estland,8
2023,12,202312,Luleå,Filippinerna,16
2023,12,202312,Luleå,Finland,731
2023,12,202312,Luleå,Frankrike,475
2023,12,202312,Luleå,Förenade Arabemiraten,7
2023,12,202312,Luleå,Grekland,218
2023,12,202312,Luleå,Indien,21
2023,12,202312,Luleå,Irland,24
2023,12,202312,Luleå,Italien,785
2023,12,202312,Luleå,Japan,20
2023,12,202312,Luleå,Kanada,15
2023,12,202312,Luleå,Kina,482
2023,12,202312,Luleå,Kroatien,10
2023,12,202312,Luleå,Lettland,28
2023,12,202312,Luleå,Litauen,12
2023,12,202312,Luleå,Malaysia,21
2023,12,202312,Luleå,Malta,38
2023,12,202312,Luleå,Marocko,4
2023,12,202312,Luleå,Mexiko,2
2023,12,202312,Luleå,Nederländerna,183
2023,12,202312,Luleå,Niger,16
2023,12,202312,Luleå,Norge,533
2023,12,202312,Luleå,Polen,29
2023,12,202312,Luleå,Portugal,37
2023,12,202312,Luleå,Rumänien,36
2023,12,202312,Luleå,Ryssland,2
2023,12,202312,Luleå,Schweiz,175
2023,12,202312,Luleå,Singapore,36
2023,12,202312,Luleå,Slovakien,8
2023,12,202312,Luleå,Slovenien,2
2023,12,202312,Luleå,Spanien,468
2023,12,202312,Luleå,Sri Lanka,6
2023,12,202312,Luleå,Storbritannien,221
2023,12,202312,Luleå,Sverige,26685
2023,12,202312,Luleå,Sydafrika,19
2023,12,202312,Luleå,Sydkorea,1
2023,12,202312,Luleå,Taiwan,50
2023,12,202312,Luleå,Thailand,19
2023,12,202312,Luleå,Tjeckien,19
2023,12,202312,Luleå,Turkiet,8
2023,12,202312,Luleå,Tyskland,662
2023,12,202312,Luleå,USA,1570
2023,12,202312,Luleå,Ukraina,3
2023,12,202312,Luleå,Ungern,10
2023,12,202312,Luleå,Vitryssland,4
2023,12,202312,Luleå,Österrike,54
2023,12,202312,Luleå,Övriga Världen,19
2024,1,202401,Luleå,Argentina,4
2024,1,202401,Luleå,Australien,69
2024,1,202401,Luleå,Belgien,96
2024,1,202401,Luleå,Bosnien och Hercegovina,1
2024,1,202401,Luleå,Brasilien,8
2024,1,202401,Luleå,Cypern,2
2024,1,202401,Luleå,Danmark,388
2024,1,202401,Luleå,Ej angivet,1573
2024,1,202401,Luleå,Estland,12
2024,1,202401,Luleå,Etiopien,6
2024,1,202401,Luleå,Filippinerna,2
2024,1,202401,Luleå,Finland,527
2024,1,202401,Luleå,Frankrike,543
2024,1,202401,Luleå,Grekland,113
2024,1,202401,Luleå,Indien,5
2024,1,202401,Luleå,Indonesien,30
2024,1,202401,Luleå,Iran,1
2024,1,202401,Luleå,Irland,41
2024,1,202401,Luleå,Island,1
2024,1,202401,Luleå,Israel,16
2024,1,202401,Luleå,Italien,880
2024,1,202401,Luleå,Japan,7
2024,1,202401,Luleå,Kina,129
2024,1,202401,Luleå,Kroatien,2
2024,1,202401,Luleå,Lettland,11
2024,1,202401,Luleå,Litauen,30
2024,1,202401,Luleå,Luxemburg,25
2024,1,202401,Luleå,Makedonien,3
2024,1,202401,Luleå,Malaysia,31
2024,1,202401,Luleå,Malta,4
2024,1,202401,Luleå,Mexiko,2
2024,1,202401,Luleå,Nederländerna,842
2024,1,202401,Luleå,Norge,360
2024,1,202401,Luleå,Nya Zeeland,2
2024,1,202401,Luleå,Pakistan,2
2024,1,202401,Luleå,Polen,71
2024,1,202401,Luleå,Portugal,39
2024,1,202401,Luleå,Rumänien,15
2024,1,202401,Luleå,Ryssland,8
2024,1,202401,Luleå,Schweiz,302
2024,1,202401,Luleå,Singapore,37
2024,1,202401,Luleå,Slovakien,5
2024,1,202401,Luleå,Spanien,339
2024,1,202401,Luleå,Storbritannien,271
2024,1,202401,Luleå,Sverige,26854
2024,1,202401,Luleå,Swaziland,6
2024,1,202401,Luleå,Sydkorea,4
2024,1,202401,Luleå,Taiwan,31
2024,1,202401,Luleå,Tjeckien,10
2024,1,202401,Luleå,Turkiet,42
2024,1,202401,Luleå,Tyskland,934
2024,1,202401,Luleå,USA,1286
2024,1,202401,Luleå,Ukraina,5
2024,1,202401,Luleå,Ungern,3
2024,1,202401,Luleå,Österrike,69
2024,1,202401,Luleå,Övriga Världen,30
2024,2,202402,Luleå,Algeriet,3
2024,2,202402,Luleå,Argentina,6
2024,2,202402,Luleå,Australien,83
2024,2,202402,Luleå,Belgien,229
2024,2,202402,Luleå,Brasilien,6
2024,2,202402,Luleå,Chile,5
2024,2,202402,Luleå,Colombia,6
2024,2,202402,Luleå,Costa Rica,6
2024,2,202402,Luleå,Danmark,240
2024,2,202402,Luleå,Ej angivet,2719
2024,2,202402,Luleå,Estland,7
2024,2,202402,Luleå,Finland,496
2024,2,202402,Luleå,Frankrike,566
2024,2,202402,Luleå,Förenade Arabemiraten,12
2024,2,202402,Luleå,Ghana,6
2024,2,202402,Luleå,Grekland,16
2024,2,202402,Luleå,Indien,19
2024,2,202402,Luleå,Indonesien,3
2024,2,202402,Luleå,Irland,53
2024,2,202402,Luleå,Island,14
2024,2,202402,Luleå,Italien,1314
2024,2,202402,Luleå,Japan,32
2024,2,202402,Luleå,Kanada,1
2024,2,202402,Luleå,Kazakstan,8
2024,2,202402,Luleå,Kina,137
2024,2,202402,Luleå,Kroatien,8
2024,2,202402,Luleå,Lettland,12
2024,2,202402,Luleå,Liechtenstein,4
2024,2,202402,Luleå,Litauen,13
2024,2,202402,Luleå,Luxemburg,36
2024,2,202402,Luleå,Malaysia,30
2024,2,202402,Luleå,Nederländerna,1761
2024,2,202402,Luleå,Nigeria,1
2024,2,202402,Luleå,Nordkorea,2
2024,2,202402,Luleå,Norge,426
2024,2,202402,Luleå,Nya Zeeland,5
2024,2,202402,Luleå,Pakistan,1
2024,2,202402,Luleå,Peru,1
2024,2,202402,Luleå,Polen,92
2024,2,202402,Luleå,Portugal,59
2024,2,202402,Luleå,Qatar,5
2024,2,202402,Luleå,Rumänien,17
2024,2,202402,Luleå,Ryssland,1
2024,2,202402,Luleå,Schweiz,207
2024,2,202402,Luleå,Serbien,1
2024,2,202402,Luleå,Singapore,15
2024,2,202402,Luleå,Slovakien,2
2024,2,202402,Luleå,Slovenien,23
2024,2,202402,Luleå,Spanien,209
2024,2,202402,Luleå,Sri Lanka,4
2024,2,202402,Luleå,Storbritannien,373
2024,2,202402,Luleå,Sverige,29666
2024,2,202402,Luleå,Sydafrika,3
2024,2,202402,Luleå,Sydkorea,24
2024,2,202402,Luleå,Taiwan,64
2024,2,202402,Luleå,Tjeckien,10
2024,2,202402,Luleå,Turkiet,23
2024,2,202402,Luleå,Tyskland,1546
2024,2,202402,Luleå,USA,1925
2024,2,202402,Luleå,Ukraina,6
2024,2,202402,Luleå,Vitryssland,6
2024,2,202402,Luleå,Österrike,96
2024,2,202402,Luleå,Övriga Asien,1
2024,2,202402,Luleå,Övriga Världen,183
2024,3,202403,Luleå,Albanien,1
2024,3,202403,Luleå,Algeriet,12
2024,3,202403,Luleå,Australien,136
2024,3,202403,Luleå,Belgien,143
2024,3,202403,Luleå,Bosnien och Hercegovina,1
2024,3,202403,Luleå,Brasilien,31
2024,3,202403,Luleå,Chile,1
2024,3,202403,Luleå,Danmark,103
2024,3,202403,Luleå,Ecuador,2
2024,3,202403,Luleå,Egypten,1
2024,3,202403,Luleå,Ej angivet,1236
2024,3,202403,Luleå,Estland,2
2024,3,202403,Luleå,Filippinerna,5
2024,3,202403,Luleå,Finland,1141
2024,3,202403,Luleå,Frankrike,446
2024,3,202403,Luleå,Georgien,8
2024,3,202403,Luleå,Grekland,29
2024,3,202403,Luleå,Indien,10
2024,3,202403,Luleå,Iran,2
2024,3,202403,Luleå,Irland,37
2024,3,202403,Luleå,Israel,2
2024,3,202403,Luleå,Italien,672
2024,3,202403,Luleå,Japan,27
2024,3,202403,Luleå,Kanada,2
2024,3,202403,Luleå,Kina,71
2024,3,202403,Luleå,Kroatien,8
2024,3,202403,Luleå,Lettland,6
2024,3,202403,Luleå,Litauen,7
2024,3,202403,Luleå,Luxemburg,1
2024,3,202403,Luleå,Malaysia,11
2024,3,202403,Luleå,Malta,2
2024,3,202403,Luleå,Nederländerna,321
2024,3,202403,Luleå,Norge,875
2024,3,202403,Luleå,Panama,2
2024,3,202403,Luleå,Peru,2
2024,3,202403,Luleå,Polen,78
2024,3,202403,Luleå,Portugal,9
2024,3,202403,Luleå,Rumänien,4
2024,3,202403,Luleå,Schweiz,223
2024,3,202403,Luleå,Singapore,16
2024,3,202403,Luleå,Slovakien,11
2024,3,202403,Luleå,Slovenien,7
2024,3,202403,Luleå,Spanien,241
2024,3,202403,Luleå,Storbritannien,202
2024,3,202403,Luleå,Sverige,33789
2024,3,202403,Luleå,Sydkorea,1
2024,3,202403,Luleå,Taiwan,5
2024,3,202403,Luleå,Thailand,17
2024,3,202403,Luleå,Tjeckien,28
2024,3,202403,Luleå,Turkiet,13
2024,3,202403,Luleå,Tyskland,1216
2024,3,202403,Luleå,USA,2131
2024,3,202403,Luleå,Ukraina,6
2024,3,202403,Luleå,Ungern,4
2024,3,202403,Luleå,Österrike,99
2024,3,202403,Luleå,Övriga Asien,1
2024,3,202403,Luleå,Övriga Världen,4
2024,4,202404,Luleå,Australien,29
2024,4,202404,Luleå,Belgien,22
2024,4,202404,Luleå,Brasilien,1
2024,4,202404,Luleå,Costa Rica,2
2024,4,202404,Luleå,Danmark,57
2024,4,202404,Luleå,Ej angivet,362
2024,4,202404,Luleå,Estland,2
2024,4,202404,Luleå,Filippinerna,2
2024,4,202404,Luleå,Finland,779
2024,4,202404,Luleå,Frankrike,91
2024,4,202404,Luleå,Grekland,5
2024,4,202404,Luleå,Irland,12
2024,4,202404,Luleå,Island,5
2024,4,202404,Luleå,Italien,10
2024,4,202404,Luleå,Kanada,5
2024,4,202404,Luleå,Kina,19
2024,4,202404,Luleå,Litauen,4
2024,4,202404,Luleå,Luxemburg,7
2024,4,202404,Luleå,Mexiko,3
2024,4,202404,Luleå,Nederländerna,57
2024,4,202404,Luleå,Nigeria,4
2024,4,202404,Luleå,Norge,390
2024,4,202404,Luleå,Polen,32
2024,4,202404,Luleå,Portugal,25
2024,4,202404,Luleå,Rumänien,4
2024,4,202404,Luleå,Ryssland,2
2024,4,202404,Luleå,Schweiz,43
2024,4,202404,Luleå,Singapore,1
2024,4,202404,Luleå,Slovakien,3
2024,4,202404,Luleå,Slovenien,1
2024,4,202404,Luleå,Spanien,42
2024,4,202404,Luleå,Storbritannien,73
2024,4,202404,Luleå,Sverige,22271
2024,4,202404,Luleå,Swaziland,1
2024,4,202404,Luleå,Sydkorea,3
2024,4,202404,Luleå,Thailand,2
2024,4,202404,Luleå,Tjeckien,57
2024,4,202404,Luleå,Turkiet,15
2024,4,202404,Luleå,Tyskland,481
2024,4,202404,Luleå,USA,1054
2024,4,202404,Luleå,Ukraina,2
2024,4,202404,Luleå,Vietnam,3
2024,4,202404,Luleå,Österrike,56
2024,4,202404,Luleå,Övriga Asien,1
2024,5,202405,Luleå,Australien,26
2024,5,202405,Luleå,Belgien,44
2024,5,202405,Luleå,Brasilien,14
2024,5,202405,Luleå,Cypern,5
2024,5,202405,Luleå,Danmark,122
2024,5,202405,Luleå,Ej angivet,904
2024,5,202405,Luleå,Elfenbenskusten,2
2024,5,202405,Luleå,Estland,33
2024,5,202405,Luleå,Finland,1248
2024,5,202405,Luleå,Frankrike,85
2024,5,202405,Luleå,Grekland,4
2024,5,202405,Luleå,Indien,2
2024,5,202405,Luleå,Irak,1
2024,5,202405,Luleå,Irland,26
2024,5,202405,Luleå,Island,7
2024,5,202405,Luleå,Italien,80
2024,5,202405,Luleå,Kanada,6
2024,5,202405,Luleå,Kazakstan,1
2024,5,202405,Luleå,Kina,51
2024,5,202405,Luleå,Kroatien,5
2024,5,202405,Luleå,Lettland,23
2024,5,202405,Luleå,Litauen,6
2024,5,202405,Luleå,Nederländerna,130
2024,5,202405,Luleå,Norge,1425
2024,5,202405,Luleå,Nya Zeeland,12
2024,5,202405,Luleå,Polen,56
2024,5,202405,Luleå,Portugal,8
2024,5,202405,Luleå,Rumänien,1
2024,5,202405,Luleå,Ryssland,2
2024,5,202405,Luleå,Schweiz,142
2024,5,202405,Luleå,Slovakien,1
2024,5,202405,Luleå,Slovenien,9
2024,5,202405,Luleå,Somalia,2
2024,5,202405,Luleå,Spanien,43
2024,5,202405,Luleå,Storbritannien,146
2024,5,202405,Luleå,Sverige,30101
2024,5,202405,Luleå,Sydafrika,7
2024,5,202405,Luleå,Thailand,1
2024,5,202405,Luleå,Tjeckien,33
2024,5,202405,Luleå,Turkiet,2
2024,5,202405,Luleå,Tyskland,674
2024,5,202405,Luleå,USA,1134
2024,5,202405,Luleå,Uganda,1
2024,5,202405,Luleå,Ungern,5
2024,5,202405,Luleå,Vitryssland,2
2024,5,202405,Luleå,Österrike,51
2024,5,202405,Luleå,Övriga Amerika,1
2024,6,202406,Luleå,Albanien,2
2024,6,202406,Luleå,Argentina,3
2024,6,202406,Luleå,Australien,48
2024,6,202406,Luleå,Belgien,115
2024,6,202406,Luleå,Brasilien,2
2024,6,202406,Luleå,Bulgarien,2
2024,6,202406,Luleå,Chile,2
2024,6,202406,Luleå,Colombia,8
2024,6,202406,Luleå,Costa Rica,1
2024,6,202406,Luleå,Cypern,8
2024,6,202406,Luleå,Danmark,365
2024,6,202406,Luleå,Egypten,3
2024,6,202406,Luleå,Ej angivet,824
2024,6,202406,Luleå,El Salvador,1
2024,6,202406,Luleå,Elfenbenskusten,2
2024,6,202406,Luleå,Eritrea,1
2024,6,202406,Luleå,Estland,36
2024,6,202406,Luleå,Filippinerna,1
2024,6,202406,Luleå,Finland,2777
2024,6,202406,Luleå,Frankrike,162
2024,6,202406,Luleå,Grekland,13
2024,6,202406,Luleå,Indien,22
2024,6,202406,Luleå,Iran,8
2024,6,202406,Luleå,Irland,43
2024,6,202406,Luleå,Island,5
2024,6,202406,Luleå,Italien,109
2024,6,202406,Luleå,Japan,10
2024,6,202406,Luleå,Kanada,55
2024,6,202406,Luleå,Kazakstan,2
2024,6,202406,Luleå,Kina,101
2024,6,202406,Luleå,Kroatien,25
2024,6,202406,Luleå,Lettland,21
2024,6,202406,Luleå,Litauen,17
2024,6,202406,Luleå,Luxemburg,18
2024,6,202406,Luleå,Monaco,4
2024,6,202406,Luleå,Myanmar,1
2024,6,202406,Luleå,Nederländerna,664
2024,6,202406,Luleå,Niger,9
2024,6,202406,Luleå,Norge,10040
2024,6,202406,Luleå,Nya Zeeland,7
2024,6,202406,Luleå,Polen,132
2024,6,202406,Luleå,Portugal,241
2024,6,202406,Luleå,Rumänien,21
2024,6,202406,Luleå,Schweiz,489
2024,6,202406,Luleå,Singapore,2
2024,6,202406,Luleå,Slovakien,8
2024,6,202406,Luleå,Slovenien,6
2024,6,202406,Luleå,Spanien,39
2024,6,202406,Luleå,Storbritannien,247
2024,6,202406,Luleå,Sverige,31757
2024,6,202406,Luleå,Sydafrika,5
2024,6,202406,Luleå,Sydkorea,21
2024,6,202406,Luleå,Syrien,4
2024,6,202406,Luleå,Taiwan,6
2024,6,202406,Luleå,Thailand,7
2024,6,202406,Luleå,Tjeckien,76
2024,6,202406,Luleå,Turkiet,2
2024,6,202406,Luleå,Tyskland,2457
2024,6,202406,Luleå,USA,1598
2024,6,202406,Luleå,Uganda,1
2024,6,202406,Luleå,Ukraina,5
2024,6,202406,Luleå,Ungern,22
2024,6,202406,Luleå,Österrike,190
2024,6,202406,Luleå,Övriga Världen,4
2024,7,202407,Luleå,Albanien,3
2024,7,202407,Luleå,Algeriet,1
2024,7,202407,Luleå,Argentina,2
2024,7,202407,Luleå,Australien,27
2024,7,202407,Luleå,Belgien,118
2024,7,202407,Luleå,Bosnien och Hercegovina,1
2024,7,202407,Luleå,Brasilien,2
2024,7,202407,Luleå,Costa Rica,5
2024,7,202407,Luleå,Danmark,596
2024,7,202407,Luleå,Ej angivet,1621
2024,7,202407,Luleå,El Salvador,1
2024,7,202407,Luleå,Elfenbenskusten,4
2024,7,202407,Luleå,Estland,39
2024,7,202407,Luleå,Filippinerna,1
2024,7,202407,Luleå,Finland,5644
2024,7,202407,Luleå,Frankrike,419
2024,7,202407,Luleå,Förenade Arabemiraten,8
2024,7,202407,Luleå,Georgien,10
2024,7,202407,Luleå,Grekland,4
2024,7,202407,Luleå,Indonesien,2
2024,7,202407,Luleå,Irland,35
2024,7,202407,Luleå,Island,9
2024,7,202407,Luleå,Israel,4
2024,7,202407,Luleå,Italien,107
2024,7,202407,Luleå,Japan,11
2024,7,202407,Luleå,Kanada,18
2024,7,202407,Luleå,Kazakstan,1
2024,7,202407,Luleå,Kina,157
2024,7,202407,Luleå,Kroatien,11
2024,7,202407,Luleå,Lettland,38
2024,7,202407,Luleå,Liechtenstein,1
2024,7,202407,Luleå,Litauen,29
2024,7,202407,Luleå,Nederländerna,660
2024,7,202407,Luleå,Niger,18
2024,7,202407,Luleå,Norge,51528
2024,7,202407,Luleå,Nya Zeeland,8
2024,7,202407,Luleå,Polen,169
2024,7,202407,Luleå,Portugal,10
2024,7,202407,Luleå,Qatar,1
2024,7,202407,Luleå,Rumänien,4
2024,7,202407,Luleå,Ryssland,4
2024,7,202407,Luleå,Schweiz,588
2024,7,202407,Luleå,Singapore,10
2024,7,202407,Luleå,Slovakien,13
2024,7,202407,Luleå,Slovenien,1
2024,7,202407,Luleå,Spanien,62
2024,7,202407,Luleå,Storbritannien,267
2024,7,202407,Luleå,Sverige,44566
2024,7,202407,Luleå,Sydafrika,4
2024,7,202407,Luleå,Sydkorea,6
2024,7,202407,Luleå,Taiwan,6
2024,7,202407,Luleå,Thailand,9
2024,7,202407,Luleå,Tjeckien,73
2024,7,202407,Luleå,Turkiet,7
2024,7,202407,Luleå,Tyskland,2036
2024,7,202407,Luleå,USA,2376
2024,7,202407,Luleå,Ukraina,4
2024,7,202407,Luleå,Ungern,5
2024,7,202407,Luleå,Vitryssland,1
2024,7,202407,Luleå,Österrike,107
2024,7,202407,Luleå,Övriga Amerika,4
2024,7,202407,Luleå,Övriga Världen,6
2024,8,202408,Luleå,Argentina,4
2024,8,202408,Luleå,Australien,40
2024,8,202408,Luleå,Belgien,75
2024,8,202408,Luleå,Benin,2
2024,8,202408,Luleå,Brasilien,6
2024,8,202408,Luleå,Bulgarien,12
2024,8,202408,Luleå,Colombia,4
2024,8,202408,Luleå,Costa Rica,1
2024,8,202408,Luleå,Cypern,7
2024,8,202408,Luleå,Danmark,312
2024,8,202408,Luleå,Dominikanska republiken,2
2024,8,202408,Luleå,Egypten,1
2024,8,202408,Luleå,Ej angivet,824
2024,8,202408,Luleå,Estland,72
2024,8,202408,Luleå,Finland,2134
2024,8,202408,Luleå,Frankrike,334
2024,8,202408,Luleå,Förenade Arabemiraten,4
2024,8,202408,Luleå,Georgien,11
2024,8,202408,Luleå,Grekland,16
2024,8,202408,Luleå,Indien,2
2024,8,202408,Luleå,Irland,21
2024,8,202408,Luleå,Italien,371
2024,8,202408,Luleå,Japan,3
2024,8,202408,Luleå,Kanada,36
2024,8,202408,Luleå,Kazakstan,1
2024,8,202408,Luleå,Kenya,1
2024,8,202408,Luleå,Kina,122
2024,8,202408,Luleå,Kongo-Brazzaville,6
2024,8,202408,Luleå,Kroatien,36
2024,8,202408,Luleå,Kuwait,2
2024,8,202408,Luleå,Lettland,47
2024,8,202408,Luleå,Litauen,21
2024,8,202408,Luleå,Luxemburg,24
2024,8,202408,Luleå,Marocko,4
2024,8,202408,Luleå,Mexiko,2
2024,8,202408,Luleå,Nederländerna,349
2024,8,202408,Luleå,Niger,8
2024,8,202408,Luleå,Norge,8658
2024,8,202408,Luleå,Nya Zeeland,4
2024,8,202408,Luleå,Polen,159
2024,8,202408,Luleå,Portugal,25
2024,8,202408,Luleå,Qatar,1
2024,8,202408,Luleå,Rumänien,7
2024,8,202408,Luleå,Ryssland,1
2024,8,202408,Luleå,Schweiz,433
2024,8,202408,Luleå,Serbien,2
2024,8,202408,Luleå,Sierra Leone,2
2024,8,202408,Luleå,Singapore,1
2024,8,202408,Luleå,Slovakien,9
2024,8,202408,Luleå,Somalia,1
2024,8,202408,Luleå,Spanien,104
2024,8,202408,Luleå,Sri Lanka,1
2024,8,202408,Luleå,Storbritannien,149
2024,8,202408,Luleå,Sverige,40556
2024,8,202408,Luleå,Swaziland,2
2024,8,202408,Luleå,Sydkorea,6
2024,8,202408,Luleå,Taiwan,4
2024,8,202408,Luleå,Thailand,21
2024,8,202408,Luleå,Tjeckien,61
2024,8,202408,Luleå,Turkiet,1
2024,8,202408,Luleå,Tyskland,1553
2024,8,202408,Luleå,USA,1797
2024,8,202408,Luleå,Ukraina,7
2024,8,202408,Luleå,Ungern,11
2024,8,202408,Luleå,Vitryssland,1
2024,8,202408,Luleå,Österrike,116
2024,8,202408,Luleå,Övriga Världen,1
2024,9,202409,Luleå,Argentina,3
2024,9,202409,Luleå,Australien,20
2024,9,202409,Luleå,Belgien,35
2024,9,202409,Luleå,Bulgarien,2
2024,9,202409,Luleå,Colombia,5
2024,9,202409,Luleå,Costa Rica,1
2024,9,202409,Luleå,Danmark,133
2024,9,202409,Luleå,Ej angivet,810
2024,9,202409,Luleå,Estland,19
2024,9,202409,Luleå,Finland,1344
2024,9,202409,Luleå,Frankrike,80
2024,9,202409,Luleå,Georgien,2
2024,9,202409,Luleå,Grekland,4
2024,9,202409,Luleå,Indonesien,4
2024,9,202409,Luleå,Irland,43
2024,9,202409,Luleå,Island,2
2024,9,202409,Luleå,Israel,1
2024,9,202409,Luleå,Italien,119
2024,9,202409,Luleå,Japan,4
2024,9,202409,Luleå,Kanada,11
2024,9,202409,Luleå,Kina,161
2024,9,202409,Luleå,Kroatien,7
2024,9,202409,Luleå,Lettland,11
2024,9,202409,Luleå,Liechtenstein,4
2024,9,202409,Luleå,Litauen,16
2024,9,202409,Luleå,Luxemburg,4
2024,9,202409,Luleå,Malta,1
2024,9,202409,Luleå,Nederländerna,142
2024,9,202409,Luleå,Norge,850
2024,9,202409,Luleå,Nya Zeeland,4
2024,9,202409,Luleå,Polen,65
2024,9,202409,Luleå,Portugal,4
2024,9,202409,Luleå,Qatar,2
2024,9,202409,Luleå,Ryssland,2
2024,9,202409,Luleå,Saudiarabien,1
2024,9,202409,Luleå,Schweiz,119
2024,9,202409,Luleå,Serbien,6
2024,9,202409,Luleå,Singapore,5
2024,9,202409,Luleå,Slovenien,12
2024,9,202409,Luleå,Somalia,1
2024,9,202409,Luleå,Spanien,89
2024,9,202409,Luleå,Sri Lanka,2
2024,9,202409,Luleå,Storbritannien,179
2024,9,202409,Luleå,Sverige,32437
2024,9,202409,Luleå,Sydkorea,1
2024,9,202409,Luleå,Taiwan,4
2024,9,202409,Luleå,Thailand,12
2024,9,202409,Luleå,Tjeckien,22
2024,9,202409,Luleå,Turkiet,3
2024,9,202409,Luleå,Tyskland,694
2024,9,202409,Luleå,USA,1282
2024,9,202409,Luleå,Ukraina,1
2024,9,202409,Luleå,Ungern,1
2024,9,202409,Luleå,Uruguay,12
2024,9,202409,Luleå,Österrike,40
2024,10,202410,Luleå,Andorra,2
2024,10,202410,Luleå,Argentina,5
2024,10,202410,Luleå,Australien,6
2024,10,202410,Luleå,Belgien,31
2024,10,202410,Luleå,Brasilien,7
2024,10,202410,Luleå,Bulgarien,3
2024,10,202410,Luleå,Danmark,122
2024,10,202410,Luleå,Ej angivet,1004
2024,10,202410,Luleå,Estland,12
2024,10,202410,Luleå,Finland,1268
2024,10,202410,Luleå,Frankrike,95
2024,10,202410,Luleå,Gabon,2
2024,10,202410,Luleå,Georgien,1
2024,10,202410,Luleå,Grekland,6
2024,10,202410,Luleå,Indien,12
2024,10,202410,Luleå,Indonesien,2
2024,10,202410,Luleå,Irland,32
2024,10,202410,Luleå,Island,1
2024,10,202410,Luleå,Italien,110
2024,10,202410,Luleå,Japan,6
2024,10,202410,Luleå,Kanada,33
2024,10,202410,Luleå,Kazakstan,3
2024,10,202410,Luleå,Kina,133
2024,10,202410,Luleå,Kroatien,12
2024,10,202410,Luleå,Lettland,9
2024,10,202410,Luleå,Litauen,2
2024,10,202410,Luleå,Luxemburg,1
2024,10,202410,Luleå,Malaysia,3
2024,10,202410,Luleå,Malta,4
2024,10,202410,Luleå,Mexiko,2
2024,10,202410,Luleå,Nederländerna,173
2024,10,202410,Luleå,Norge,556
2024,10,202410,Luleå,Polen,28
2024,10,202410,Luleå,Portugal,5
2024,10,202410,Luleå,Rumänien,17
2024,10,202410,Luleå,Ryssland,2
2024,10,202410,Luleå,Schweiz,103
2024,10,202410,Luleå,Singapore,7
2024,10,202410,Luleå,Slovakien,4
2024,10,202410,Luleå,Slovenien,5
2024,10,202410,Luleå,Spanien,124
2024,10,202410,Luleå,Storbritannien,66
2024,10,202410,Luleå,Sverige,31851
2024,10,202410,Luleå,Taiwan,7
2024,10,202410,Luleå,Thailand,28
2024,10,202410,Luleå,Tjeckien,5
2024,10,202410,Luleå,Turkiet,12
2024,10,202410,Luleå,Tyskland,312
2024,10,202410,Luleå,USA,1423
2024,10,202410,Luleå,Ukraina,4
2024,10,202410,Luleå,Ungern,2
2024,10,202410,Luleå,Österrike,12
2024,10,202410,Luleå,Övriga Världen,2
2024,11,202411,Luleå,Albanien,3
2024,11,202411,Luleå,Andorra,3
2024,11,202411,Luleå,Australien,16
2024,11,202411,Luleå,Belgien,38
2024,11,202411,Luleå,Brasilien,2
2024,11,202411,Luleå,Bulgarien,3
2024,11,202411,Luleå,Colombia,2
2024,11,202411,Luleå,Cypern,7
2024,11,202411,Luleå,Danmark,97
2024,11,202411,Luleå,Ecuador,1
2024,11,202411,Luleå,Egypten,9
2024,11,202411,Luleå,Ej angivet,1099
2024,11,202411,Luleå,El Salvador,1
2024,11,202411,Luleå,Estland,17
2024,11,202411,Luleå,Finland,725
2024,11,202411,Luleå,Frankrike,90
2024,11,202411,Luleå,Förenade Arabemiraten,6
2024,11,202411,Luleå,Grekland,2
2024,11,202411,Luleå,Guatemala,9
2024,11,202411,Luleå,Indien,1
2024,11,202411,Luleå,Irland,36
2024,11,202411,Luleå,Island,9
2024,11,202411,Luleå,Israel,6
2024,11,202411,Luleå,Italien,227
2024,11,202411,Luleå,Japan,14
2024,11,202411,Luleå,Kanada,42
2024,11,202411,Luleå,Kina,159
2024,11,202411,Luleå,Kroatien,6
2024,11,202411,Luleå,Lettland,12
2024,11,202411,Luleå,Litauen,11
2024,11,202411,Luleå,Malaysia,5
2024,11,202411,Luleå,Nederländerna,107
2024,11,202411,Luleå,Niger,2
2024,11,202411,Luleå,Norge,468
2024,11,202411,Luleå,Polen,45
2024,11,202411,Luleå,Portugal,12
2024,11,202411,Luleå,Rumänien,4
2024,11,202411,Luleå,Schweiz,60
2024,11,202411,Luleå,Singapore,25
2024,11,202411,Luleå,Slovakien,2
2024,11,202411,Luleå,Slovenien,3
2024,11,202411,Luleå,Spanien,104
2024,11,202411,Luleå,Storbritannien,96
2024,11,202411,Luleå,Sverige,30933
2024,11,202411,Luleå,Sydafrika,2
2024,11,202411,Luleå,Sydkorea,1
2024,11,202411,Luleå,Taiwan,17
2024,11,202411,Luleå,Thailand,6
2024,11,202411,Luleå,Tjeckien,15
2024,11,202411,Luleå,Turkiet,3
2024,11,202411,Luleå,Tyskland,245
2024,11,202411,Luleå,USA,1277
2024,11,202411,Luleå,Ukraina,6
2024,11,202411,Luleå,Österrike,30
2024,12,202412,Luleå,Argentina,6
2024,12,202412,Luleå,Australien,189
2024,12,202412,Luleå,Belgien,135
2024,12,202412,Luleå,Brasilien,5
2024,12,202412,Luleå,Colombia,10
2024,12,202412,Luleå,Cypern,3
2024,12,202412,Luleå,Danmark,146
2024,12,202412,Luleå,Ecuador,10
2024,12,202412,Luleå,Ej angivet,276
2024,12,202412,Luleå,Estland,9
2024,12,202412,Luleå,Finland,704
2024,12,202412,Luleå,Frankrike,631
2024,12,202412,Luleå,Förenade Arabemiraten,24
2024,12,202412,Luleå,Georgien,4
2024,12,202412,Luleå,Grekland,174
2024,12,202412,Luleå,Indien,7
2024,12,202412,Luleå,Indonesien,8
2024,12,202412,Luleå,Irak,1
2024,12,202412,Luleå,Irland,28
2024,12,202412,Luleå,Italien,661
2024,12,202412,Luleå,Japan,4
2024,12,202412,Luleå,Kanada,40
2024,12,202412,Luleå,Kina,221
2024,12,202412,Luleå,Kroatien,3
2024,12,202412,Luleå,Lettland,20
2024,12,202412,Luleå,Litauen,36
2024,12,202412,Luleå,Luxemburg,4
2024,12,202412,Luleå,Malaysia,11
2024,12,202412,Luleå,Malta,21
2024,12,202412,Luleå,Nederländerna,251
2024,12,202412,Luleå,Norge,454
2024,12,202412,Luleå,Nya Zeeland,2
2024,12,202412,Luleå,Polen,84
2024,12,202412,Luleå,Portugal,13
2024,12,202412,Luleå,Rumänien,20
2024,12,202412,Luleå,Ryssland,5
2024,12,202412,Luleå,Schweiz,225
2024,12,202412,Luleå,Serbien,2
2024,12,202412,Luleå,Singapore,46
2024,12,202412,Luleå,Slovenien,8
2024,12,202412,Luleå,Spanien,193
2024,12,202412,Luleå,Storbritannien,191
2024,12,202412,Luleå,Sverige,26930
2024,12,202412,Luleå,Swaziland,3
2024,12,202412,Luleå,Sydafrika,2
2024,12,202412,Luleå,Taiwan,21
2024,12,202412,Luleå,Thailand,7
2024,12,202412,Luleå,Tjeckien,25
2024,12,202412,Luleå,Turkiet,17
2024,12,202412,Luleå,Tyskland,633
2024,12,202412,Luleå,USA,1432
2024,12,202412,Luleå,Ukraina,8
2024,12,202412,Luleå,Ungern,7
2024,12,202412,Luleå,Österrike,29
2024,12,202412,Luleå,Övriga Världen,3
2025,1,202501,Luleå,Argentina,19
2025,1,202501,Luleå,Australien,303
2025,1,202501,Luleå,Belgien,186
2025,1,202501,Luleå,Brasilien,23
2025,1,202501,Luleå,Bulgarien,2
2025,1,202501,Luleå,Colombia,3
2025,1,202501,Luleå,Costa Rica,1
2025,1,202501,Luleå,Cypern,3
2025,1,202501,Luleå,Danmark,314
2025,1,202501,Luleå,Ej angivet,17
2025,1,202501,Luleå,El Salvador,2
2025,1,202501,Luleå,Estland,21
2025,1,202501,Luleå,Filippinerna,3
2025,1,202501,Luleå,Finland,731
2025,1,202501,Luleå,Frankrike,2452
2025,1,202501,Luleå,Förenade Arabemiraten,5
2025,1,202501,Luleå,Georgien,2
2025,1,202501,Luleå,Grekland,25
2025,1,202501,Luleå,Indien,29
2025,1,202501,Luleå,Indonesien,41
2025,1,202501,Luleå,Iran,9
2025,1,202501,Luleå,Irland,41
2025,1,202501,Luleå,Israel,2
2025,1,202501,Luleå,Italien,1018
2025,1,202501,Luleå,Japan,39
2025,1,202501,Luleå,Jordanien,1
2025,1,202501,Luleå,Kanada,20
2025,1,202501,Luleå,Kina,521
2025,1,202501,Luleå,Kroatien,7
2025,1,202501,Luleå,Kuwait,1
2025,1,202501,Luleå,Lettland,22
2025,1,202501,Luleå,Libanon,1
2025,1,202501,Luleå,Litauen,11
2025,1,202501,Luleå,Luxemburg,9
2025,1,202501,Luleå,Malaysia,3
2025,1,202501,Luleå,Marocko,3
2025,1,202501,Luleå,Mexiko,3
2025,1,202501,Luleå,Nederländerna,999
2025,1,202501,Luleå,Nordkorea,2
2025,1,202501,Luleå,Norge,365
2025,1,202501,Luleå,Nya Zeeland,7
2025,1,202501,Luleå,Polen,79
2025,1,202501,Luleå,Portugal,15
2025,1,202501,Luleå,Qatar,1
2025,1,202501,Luleå,Rumänien,26
2025,1,202501,Luleå,Ryssland,6
2025,1,202501,Luleå,Saudiarabien,1
2025,1,202501,Luleå,Schweiz,216
2025,1,202501,Luleå,Singapore,51
2025,1,202501,Luleå,Slovakien,15
2025,1,202501,Luleå,Slovenien,3
2025,1,202501,Luleå,Spanien,149
2025,1,202501,Luleå,Storbritannien,468
2025,1,202501,Luleå,Sverige,26824
2025,1,202501,Luleå,Swaziland,5
2025,1,202501,Luleå,Sydafrika,11
2025,1,202501,Luleå,Sydkorea,31
2025,1,202501,Luleå,Syrien,3
2025,1,202501,Luleå,Taiwan,81
2025,1,202501,Luleå,Tanzania,6
2025,1,202501,Luleå,Thailand,3
2025,1,202501,Luleå,Tjeckien,71
2025,1,202501,Luleå,Turkiet,87
2025,1,202501,Luleå,Tyskland,1179
2025,1,202501,Luleå,USA,1462
2025,1,202501,Luleå,Ukraina,7
2025,1,202501,Luleå,Ungern,23
2025,1,202501,Luleå,Uruguay,1
2025,1,202501,Luleå,Vatikanstaten,1
2025,1,202501,Luleå,Vietnam,22
2025,1,202501,Luleå,Österrike,47
2025,2,202502,Luleå,Albanien,1
2025,2,202502,Luleå,Andorra,1
2025,2,202502,Luleå,Argentina,10
2025,2,202502,Luleå,Australien,192
2025,2,202502,Luleå,Azerbajdzjan,1
2025,2,202502,Luleå,Bahrain,2
2025,2,202502,Luleå,Belgien,773
2025,2,202502,Luleå,Bosnien och Hercegovina,2
2025,2,202502,Luleå,Botswana,3
2025,2,202502,Luleå,Brasilien,99
2025,2,202502,Luleå,Bulgarien,4
2025,2,202502,Luleå,Burkina Faso,10
2025,2,202502,Luleå,Chile,11
2025,2,202502,Luleå,Colombia,1
2025,2,202502,Luleå,Cypern,36
2025,2,202502,Luleå,Danmark,576
2025,2,202502,Luleå,Ecuador,4
2025,2,202502,Luleå,Ej angivet,45
2025,2,202502,Luleå,Estland,46
2025,2,202502,Luleå,Finland,542
2025,2,202502,Luleå,Frankrike,2342
2025,2,202502,Luleå,Förenade Arabemiraten,6
2025,2,202502,Luleå,Georgien,2
2025,2,202502,Luleå,Grekland,15
2025,2,202502,Luleå,Grenada,1
2025,2,202502,Luleå,Indien,102
2025,2,202502,Luleå,Indonesien,14
2025,2,202502,Luleå,Irak,1
2025,2,202502,Luleå,Irland,28
2025,2,202502,Luleå,Island,4
2025,2,202502,Luleå,Israel,17
2025,2,202502,Luleå,Italien,1002
2025,2,202502,Luleå,Japan,43
2025,2,202502,Luleå,Kanada,26
2025,2,202502,Luleå,Kazakstan,2
2025,2,202502,Luleå,Kina,164
2025,2,202502,Luleå,Kroatien,6
2025,2,202502,Luleå,Kuwait,3
2025,2,202502,Luleå,Lettland,22
2025,2,202502,Luleå,Liechtenstein,4
2025,2,202502,Luleå,Litauen,18
2025,2,202502,Luleå,Luxemburg,37
2025,2,202502,Luleå,Makedonien,7
2025,2,202502,Luleå,Malaysia,33
2025,2,202502,Luleå,Malta,9
2025,2,202502,Luleå,Marocko,33
2025,2,202502,Luleå,Mexiko,5
2025,2,202502,Luleå,Nederländerna,2282
2025,2,202502,Luleå,Nigeria,1
2025,2,202502,Luleå,Nordkorea,3
2025,2,202502,Luleå,Norge,597
2025,2,202502,Luleå,Nya Zeeland,18
2025,2,202502,Luleå,Polen,114
2025,2,202502,Luleå,Portugal,61
2025,2,202502,Luleå,Rumänien,23
2025,2,202502,Luleå,Ryssland,7
2025,2,202502,Luleå,Saudiarabien,2
2025,2,202502,Luleå,Schweiz,523
2025,2,202502,Luleå,Singapore,16
2025,2,202502,Luleå,Slovakien,17
2025,2,202502,Luleå,Slovenien,39
2025,2,202502,Luleå,Spanien,296
2025,2,202502,Luleå,Sri Lanka,2
2025,2,202502,Luleå,Storbritannien,1094
2025,2,202502,Luleå,Sverige,30673
2025,2,202502,Luleå,Swaziland,3
2025,2,202502,Luleå,Sydafrika,10
2025,2,202502,Luleå,Sydkorea,275
2025,2,202502,Luleå,Taiwan,75
2025,2,202502,Luleå,Thailand,10
2025,2,202502,Luleå,Tjeckien,196
2025,2,202502,Luleå,Turkiet,104
2025,2,202502,Luleå,Tyskland,3383
2025,2,202502,Luleå,USA,2450
2025,2,202502,Luleå,Ukraina,5
2025,2,202502,Luleå,Ungern,35
2025,2,202502,Luleå,Uruguay,4
2025,2,202502,Luleå,Vietnam,28
2025,2,202502,Luleå,Österrike,219
2025,3,202503,Luleå,Australien,321
2025,3,202503,Luleå,Bahrain,17
2025,3,202503,Luleå,Belgien,598
2025,3,202503,Luleå,Brasilien,35
2025,3,202503,Luleå,Bulgarien,3
2025,3,202503,Luleå,Costa Rica,4
2025,3,202503,Luleå,Cypern,1
2025,3,202503,Luleå,Danmark,298
2025,3,202503,Luleå,Ej angivet,73
2025,3,202503,Luleå,El Salvador,1
2025,3,202503,Luleå,Estland,36
2025,3,202503,Luleå,Filippinerna,1
2025,3,202503,Luleå,Finland,1025
2025,3,202503,Luleå,Frankrike,1693
2025,3,202503,Luleå,Förenade Arabemiraten,14
2025,3,202503,Luleå,Grekland,16
2025,3,202503,Luleå,Indien,76
2025,3,202503,Luleå,Indonesien,4
2025,3,202503,Luleå,Irland,151
2025,3,202503,Luleå,Island,7
2025,3,202503,Luleå,Israel,2
2025,3,202503,Luleå,Italien,523
2025,3,202503,Luleå,Japan,38
2025,3,202503,Luleå,Jordanien,3
2025,3,202503,Luleå,Kanada,12
2025,3,202503,Luleå,Kazakstan,1
2025,3,202503,Luleå,Kina,61
2025,3,202503,Luleå,Lettland,23
2025,3,202503,Luleå,Libanon,1
2025,3,202503,Luleå,Litauen,19
2025,3,202503,Luleå,Luxemburg,1
2025,3,202503,Luleå,Malaysia,9
2025,3,202503,Luleå,Malta,1
2025,3,202503,Luleå,Marocko,3
2025,3,202503,Luleå,Mexiko,1
2025,3,202503,Luleå,Moçambique,5
2025,3,202503,Luleå,Nederländerna,721
2025,3,202503,Luleå,Norge,666
2025,3,202503,Luleå,Nya Zeeland,3
2025,3,202503,Luleå,Peru,1
2025,3,202503,Luleå,Polen,63
2025,3,202503,Luleå,Portugal,31
2025,3,202503,Luleå,Rumänien,45
2025,3,202503,Luleå,Ryssland,2
2025,3,202503,Luleå,San Marino,1
2025,3,202503,Luleå,Saudiarabien,7
2025,3,202503,Luleå,Schweiz,294
2025,3,202503,Luleå,Serbien,4
2025,3,202503,Luleå,Singapore,18
2025,3,202503,Luleå,Slovakien,2
2025,3,202503,Luleå,Slovenien,8
2025,3,202503,Luleå,Spanien,99
2025,3,202503,Luleå,Storbritannien,492
2025,3,202503,Luleå,Sverige,30422
2025,3,202503,Luleå,Swaziland,8
2025,3,202503,Luleå,Sydafrika,3
2025,3,202503,Luleå,Sydkorea,9
2025,3,202503,Luleå,Taiwan,173
2025,3,202503,Luleå,Thailand,9
2025,3,202503,Luleå,Tjeckien,41
2025,3,202503,Luleå,Trinidad och Tobago,1
2025,3,202503,Luleå,Turkiet,42
2025,3,202503,Luleå,Tyskland,1329
2025,3,202503,Luleå,USA,1762
2025,3,202503,Luleå,Ukraina,7
2025,3,202503,Luleå,Ungern,9
2025,3,202503,Luleå,Österrike,78
2025,4,202504,Luleå,Argentina,1
2025,4,202504,Luleå,Australien,5
2025,4,202504,Luleå,Belgien,163
2025,4,202504,Luleå,Brasilien,11
2025,4,202504,Luleå,Bulgarien,1
2025,4,202504,Luleå,Colombia,1
2025,4,202504,Luleå,Costa Rica,3
2025,4,202504,Luleå,Cypern,1
2025,4,202504,Luleå,Danmark,138
2025,4,202504,Luleå,Ecuador,2
2025,4,202504,Luleå,Ej angivet,119
2025,4,202504,Luleå,El Salvador,1
2025,4,202504,Luleå,Estland,33
2025,4,202504,Luleå,Filippinerna,2
2025,4,202504,Luleå,Finland,986
2025,4,202504,Luleå,Frankrike,136
2025,4,202504,Luleå,Förenade Arabemiraten,4
2025,4,202504,Luleå,Grekland,1
2025,4,202504,Luleå,Indien,6
2025,4,202504,Luleå,Indonesien,13
2025,4,202504,Luleå,Irland,31
2025,4,202504,Luleå,Island,1
2025,4,202504,Luleå,Israel,4
2025,4,202504,Luleå,Italien,57
2025,4,202504,Luleå,Kanada,37
2025,4,202504,Luleå,Kina,5
2025,4,202504,Luleå,Kroatien,12
2025,4,202504,Luleå,Lettland,13
2025,4,202504,Luleå,Libanon,1
2025,4,202504,Luleå,Litauen,16
2025,4,202504,Luleå,Luxemburg,9
2025,4,202504,Luleå,Mexiko,1
2025,4,202504,Luleå,Moçambique,2
2025,4,202504,Luleå,Myanmar,2
2025,4,202504,Luleå,Nederländerna,90
2025,4,202504,Luleå,Norge,1054
2025,4,202504,Luleå,Oman,1
2025,4,202504,Luleå,Polen,42
2025,4,202504,Luleå,Portugal,40
2025,4,202504,Luleå,Qatar,1
2025,4,202504,Luleå,Rumänien,91
2025,4,202504,Luleå,Ryssland,1
2025,4,202504,Luleå,Schweiz,62
2025,4,202504,Luleå,Serbien,2
2025,4,202504,Luleå,Singapore,13
2025,4,202504,Luleå,Slovakien,4
2025,4,202504,Luleå,Spanien,50
2025,4,202504,Luleå,Storbritannien,155
2025,4,202504,Luleå,Sverige,22539
2025,4,202504,Luleå,Taiwan,1
2025,4,202504,Luleå,Thailand,15
2025,4,202504,Luleå,Tjeckien,86
2025,4,202504,Luleå,Turkiet,5
2025,4,202504,Luleå,Tyskland,347
2025,4,202504,Luleå,USA,943
2025,4,202504,Luleå,Ukraina,76
2025,4,202504,Luleå,Ungern,1
2025,4,202504,Luleå,Vietnam,1
2025,4,202504,Luleå,Österrike,13
2025,5,202505,Luleå,Afghanistan,4
2025,5,202505,Luleå,Australien,18
2025,5,202505,Luleå,Bangladesh,1
2025,5,202505,Luleå,Belgien,87
2025,5,202505,Luleå,Brasilien,5
2025,5,202505,Luleå,Bulgarien,2
2025,5,202505,Luleå,Chile,2
2025,5,202505,Luleå,Costa Rica,5
2025,5,202505,Luleå,Danmark,199
2025,5,202505,Luleå,Ej angivet,96
2025,5,202505,Luleå,El Salvador,2
2025,5,202505,Luleå,Estland,24
2025,5,202505,Luleå,Finland,1114
2025,5,202505,Luleå,Frankrike,89
2025,5,202505,Luleå,Georgien,1
2025,5,202505,Luleå,Grekland,9
2025,5,202505,Luleå,Indien,4
2025,5,202505,Luleå,Iran,6
2025,5,202505,Luleå,Irland,25
2025,5,202505,Luleå,Island,1
2025,5,202505,Luleå,Italien,64
2025,5,202505,Luleå,Japan,4
2025,5,202505,Luleå,Kanada,20
2025,5,202505,Luleå,Kina,7
2025,5,202505,Luleå,Kroatien,5
2025,5,202505,Luleå,Lettland,205
2025,5,202505,Luleå,Litauen,15
2025,5,202505,Luleå,Luxemburg,7
2025,5,202505,Luleå,Moçambique,4
2025,5,202505,Luleå,Nederländerna,148
2025,5,202505,Luleå,Norge,1436
2025,5,202505,Luleå,Nya Zeeland,2
2025,5,202505,Luleå,Polen,118
2025,5,202505,Luleå,Portugal,17
2025,5,202505,Luleå,Rumänien,48
2025,5,202505,Luleå,Schweiz,188
2025,5,202505,Luleå,Singapore,6
2025,5,202505,Luleå,Slovakien,4
2025,5,202505,Luleå,Slovenien,9
2025,5,202505,Luleå,Somalia,1
2025,5,202505,Luleå,Spanien,100
2025,5,202505,Luleå,Sri Lanka,6
2025,5,202505,Luleå,Storbritannien,192
2025,5,202505,Luleå,Sverige,30441
2025,5,202505,Luleå,Swaziland,2
2025,5,202505,Luleå,Sydafrika,4
2025,5,202505,Luleå,Taiwan,2
2025,5,202505,Luleå,Tchad,4
2025,5,202505,Luleå,Thailand,1
2025,5,202505,Luleå,Tjeckien,25
2025,5,202505,Luleå,Tunisien,1
2025,5,202505,Luleå,Turkiet,11
2025,5,202505,Luleå,Tyskland,641
2025,5,202505,Luleå,USA,2992
2025,5,202505,Luleå,Ukraina,15
2025,5,202505,Luleå,Österrike,34
2025,6,202506,Luleå,Algeriet,4
2025,6,202506,Luleå,Andorra,4
2025,6,202506,Luleå,Argentina,11
2025,6,202506,Luleå,Australien,42
2025,6,202506,Luleå,Belgien,112
2025,6,202506,Luleå,Brasilien,2
2025,6,202506,Luleå,Bulgarien,1
2025,6,202506,Luleå,Cypern,2
2025,6,202506,Luleå,Danmark,343
2025,6,202506,Luleå,Ej angivet,12
2025,6,202506,Luleå,El Salvador,5
2025,6,202506,Luleå,Eritrea,3
2025,6,202506,Luleå,Estland,71
2025,6,202506,Luleå,Finland,2745
2025,6,202506,Luleå,Frankrike,214
2025,6,202506,Luleå,Förenade Arabemiraten,4
2025,6,202506,Luleå,Georgien,16
2025,6,202506,Luleå,Grekland,1
2025,6,202506,Luleå,Indien,18
2025,6,202506,Luleå,Indonesien,2
2025,6,202506,Luleå,Iran,4
2025,6,202506,Luleå,Irland,11
2025,6,202506,Luleå,Island,2
2025,6,202506,Luleå,Italien,143
2025,6,202506,Luleå,Japan,3
2025,6,202506,Luleå,Kanada,18
2025,6,202506,Luleå,Kina,20
2025,6,202506,Luleå,Kroatien,14
2025,6,202506,Luleå,Lettland,162
2025,6,202506,Luleå,Liechtenstein,6
2025,6,202506,Luleå,Litauen,18
2025,6,202506,Luleå,Luxemburg,2
2025,6,202506,Luleå,Malaysia,1
2025,6,202506,Luleå,Mexiko,1
2025,6,202506,Luleå,Nederländerna,374
2025,6,202506,Luleå,Niger,5
2025,6,202506,Luleå,Norge,8636
2025,6,202506,Luleå,Nya Zeeland,3
2025,6,202506,Luleå,Polen,231
2025,6,202506,Luleå,Portugal,12
2025,6,202506,Luleå,Qatar,2
2025,6,202506,Luleå,Rumänien,17
2025,6,202506,Luleå,Saudiarabien,4
2025,6,202506,Luleå,Schweiz,618
2025,6,202506,Luleå,Singapore,9
2025,6,202506,Luleå,Slovakien,29
2025,6,202506,Luleå,Slovenien,22
2025,6,202506,Luleå,Spanien,163
2025,6,202506,Luleå,Storbritannien,362
2025,6,202506,Luleå,Sverige,31667
2025,6,202506,Luleå,Swaziland,2
2025,6,202506,Luleå,Sydafrika,2
2025,6,202506,Luleå,Syrien,2
2025,6,202506,Luleå,Taiwan,9
2025,6,202506,Luleå,Thailand,2
2025,6,202506,Luleå,Tjeckien,43
2025,6,202506,Luleå,Turkiet,2
2025,6,202506,Luleå,Tyskland,2235
2025,6,202506,Luleå,USA,3466
2025,6,202506,Luleå,Ukraina,59
2025,6,202506,Luleå,Ungern,37
2025,6,202506,Luleå,Vitryssland,6
2025,6,202506,Luleå,Österrike,115
2025,7,202507,Luleå,Algeriet,1
2025,7,202507,Luleå,Australien,41
2025,7,202507,Luleå,Belgien,123
2025,7,202507,Luleå,Brasilien,8
2025,7,202507,Luleå,Bulgarien,1
2025,7,202507,Luleå,Burundi,28
2025,7,202507,Luleå,Centralafrikanska republiken,4
2025,7,202507,Luleå,Costa Rica,2
2025,7,202507,Luleå,Danmark,499
2025,7,202507,Luleå,Ej angivet,58
2025,7,202507,Luleå,El Salvador,9
2025,7,202507,Luleå,Elfenbenskusten,4
2025,7,202507,Luleå,Eritrea,3
2025,7,202507,Luleå,Estland,64
2025,7,202507,Luleå,Filippinerna,1
2025,7,202507,Luleå,Finland,5520
2025,7,202507,Luleå,Frankrike,282
2025,7,202507,Luleå,Förenade Arabemiraten,2
2025,7,202507,Luleå,Georgien,22
2025,7,202507,Luleå,Ghana,17
2025,7,202507,Luleå,Grekland,8
2025,7,202507,Luleå,Indien,20
2025,7,202507,Luleå,Indonesien,5
2025,7,202507,Luleå,Irland,25
2025,7,202507,Luleå,Island,4
2025,7,202507,Luleå,Israel,7
2025,7,202507,Luleå,Italien,180
2025,7,202507,Luleå,Japan,9
2025,7,202507,Luleå,Kanada,11
2025,7,202507,Luleå,Kina,32
2025,7,202507,Luleå,Kroatien,3
2025,7,202507,Luleå,Lettland,61
2025,7,202507,Luleå,Litauen,43
2025,7,202507,Luleå,Luxemburg,5
2025,7,202507,Luleå,Mexiko,2
2025,7,202507,Luleå,Nederländerna,370
2025,7,202507,Luleå,Niger,10
2025,7,202507,Luleå,Norge,49120
2025,7,202507,Luleå,Nya Zeeland,6
2025,7,202507,Luleå,Polen,170
2025,7,202507,Luleå,Portugal,41
2025,7,202507,Luleå,Rumänien,31
2025,7,202507,Luleå,Ryssland,9
2025,7,202507,Luleå,Saudiarabien,1
2025,7,202507,Luleå,Schweiz,814
2025,7,202507,Luleå,Serbien,1
2025,7,202507,Luleå,Sierra Leone,3
2025,7,202507,Luleå,Singapore,7
2025,7,202507,Luleå,Slovakien,34
2025,7,202507,Luleå,Slovenien,20
2025,7,202507,Luleå,Spanien,147
2025,7,202507,Luleå,Storbritannien,306
2025,7,202507,Luleå,Sverige,42088
2025,7,202507,Luleå,Swaziland,6
2025,7,202507,Luleå,Sydkorea,5
2025,7,202507,Luleå,Syrien,4
2025,7,202507,Luleå,Taiwan,8
2025,7,202507,Luleå,Thailand,3
2025,7,202507,Luleå,Tjeckien,109
2025,7,202507,Luleå,Turkiet,6
2025,7,202507,Luleå,Tyskland,2248
2025,7,202507,Luleå,USA,2221
2025,7,202507,Luleå,Ukraina,59
2025,7,202507,Luleå,Ungern,23
2025,7,202507,Luleå,Vitryssland,4
2025,7,202507,Luleå,Österrike,167
2025,8,202508,Luleå,Australien,50
2025,8,202508,Luleå,Belgien,214
2025,8,202508,Luleå,Bosnien och Hercegovina,1
2025,8,202508,Luleå,Brasilien,3
2025,8,202508,Luleå,Bulgarien,4
2025,8,202508,Luleå,Chile,8
2025,8,202508,Luleå,Colombia,3
2025,8,202508,Luleå,Cypern,16
2025,8,202508,Luleå,Danmark,280
2025,8,202508,Luleå,Ej angivet,100
2025,8,202508,Luleå,El Salvador,12
2025,8,202508,Luleå,Eritrea,2
2025,8,202508,Luleå,Estland,38
2025,8,202508,Luleå,Filippinerna,1
2025,8,202508,Luleå,Finland,1842
2025,8,202508,Luleå,Frankrike,478
2025,8,202508,Luleå,Förenade Arabemiraten,7
2025,8,202508,Luleå,Georgien,21
2025,8,202508,Luleå,Grekland,14
2025,8,202508,Luleå,Indien,4
2025,8,202508,Luleå,Indonesien,4
2025,8,202508,Luleå,Iran,3
2025,8,202508,Luleå,Irland,18
2025,8,202508,Luleå,Israel,19
2025,8,202508,Luleå,Italien,497
2025,8,202508,Luleå,Japan,9
2025,8,202508,Luleå,Kanada,100
2025,8,202508,Luleå,Kina,57
2025,8,202508,Luleå,Kroatien,40
2025,8,202508,Luleå,Kuwait,2
2025,8,202508,Luleå,Lettland,55
2025,8,202508,Luleå,Litauen,58
2025,8,202508,Luleå,Luxemburg,16
2025,8,202508,Luleå,Malta,3
2025,8,202508,Luleå,Mexiko,30
2025,8,202508,Luleå,Nederländerna,649
2025,8,202508,Luleå,Niger,4
2025,8,202508,Luleå,Norge,8106
2025,8,202508,Luleå,Nya Zeeland,2
2025,8,202508,Luleå,Pakistan,3
2025,8,202508,Luleå,Polen,227
2025,8,202508,Luleå,Portugal,72
2025,8,202508,Luleå,Rumänien,13
2025,8,202508,Luleå,Schweiz,743
2025,8,202508,Luleå,Serbien,2
2025,8,202508,Luleå,Singapore,4
2025,8,202508,Luleå,Slovakien,4
2025,8,202508,Luleå,Slovenien,14
2025,8,202508,Luleå,Spanien,206
2025,8,202508,Luleå,Storbritannien,351
2025,8,202508,Luleå,Sverige,39723
2025,8,202508,Luleå,Swaziland,3
2025,8,202508,Luleå,Sydafrika,17
2025,8,202508,Luleå,Sydkorea,4
2025,8,202508,Luleå,Taiwan,8
2025,8,202508,Luleå,Thailand,12
2025,8,202508,Luleå,Tjeckien,95
2025,8,202508,Luleå,Tunisien,1
2025,8,202508,Luleå,Turkiet,8
2025,8,202508,Luleå,Tyskland,2312
2025,8,202508,Luleå,USA,2081
2025,8,202508,Luleå,Ukraina,43
2025,8,202508,Luleå,Ungern,17
2025,8,202508,Luleå,Uruguay,6
2025,8,202508,Luleå,Uzbekistan,5
2025,8,202508,Luleå,Vitryssland,1
2025,8,202508,Luleå,Österrike,278
2025,9,202509,Luleå,Argentina,1
2025,9,202509,Luleå,Australien,118
2025,9,202509,Luleå,Belgien,60
2025,9,202509,Luleå,Brasilien,18
2025,9,202509,Luleå,Chile,3
2025,9,202509,Luleå,Colombia,6
2025,9,202509,Luleå,Cypern,24
2025,9,202509,Luleå,Danmark,270
2025,9,202509,Luleå,Egypten,2
2025,9,202509,Luleå,Ej angivet,62
2025,9,202509,Luleå,El Salvador,5
2025,9,202509,Luleå,Eritrea,1
2025,9,202509,Luleå,Estland,21
2025,9,202509,Luleå,Filippinerna,4
2025,9,202509,Luleå,Finland,1152
2025,9,202509,Luleå,Frankrike,147
2025,9,202509,Luleå,Förenade Arabemiraten,5
2025,9,202509,Luleå,Georgien,5
2025,9,202509,Luleå,Grekland,2
2025,9,202509,Luleå,Indien,25
2025,9,202509,Luleå,Indonesien,2
2025,9,202509,Luleå,Iran,8
2025,9,202509,Luleå,Irland,36
2025,9,202509,Luleå,Israel,4
2025,9,202509,Luleå,Italien,117
2025,9,202509,Luleå,Japan,21
2025,9,202509,Luleå,Kanada,35
2025,9,202509,Luleå,Kazakstan,1
2025,9,202509,Luleå,Kina,45
2025,9,202509,Luleå,Kroatien,6
2025,9,202509,Luleå,Lettland,28
2025,9,202509,Luleå,Litauen,32
2025,9,202509,Luleå,Luxemburg,2
2025,9,202509,Luleå,Malaysia,4
2025,9,202509,Luleå,Malta,15
2025,9,202509,Luleå,Mexiko,2
2025,9,202509,Luleå,Moldavien,1
2025,9,202509,Luleå,Monaco,1
2025,9,202509,Luleå,Mongoliet,7
2025,9,202509,Luleå,Nederländerna,185
2025,9,202509,Luleå,Niger,2
2025,9,202509,Luleå,Norge,1134
2025,9,202509,Luleå,Pakistan,5
2025,9,202509,Luleå,Peru,7
2025,9,202509,Luleå,Polen,96
2025,9,202509,Luleå,Portugal,644
2025,9,202509,Luleå,Qatar,1
2025,9,202509,Luleå,Rumänien,16
2025,9,202509,Luleå,Ryssland,1
2025,9,202509,Luleå,Schweiz,176
2025,9,202509,Luleå,Singapore,31
2025,9,202509,Luleå,Slovakien,10
2025,9,202509,Luleå,Slovenien,22
2025,9,202509,Luleå,Spanien,98
2025,9,202509,Luleå,Storbritannien,224
2025,9,202509,Luleå,Sverige,33752
2025,9,202509,Luleå,Swaziland,17
2025,9,202509,Luleå,Sydafrika,22
2025,9,202509,Luleå,Sydkorea,2
2025,9,202509,Luleå,Taiwan,19
2025,9,202509,Luleå,Thailand,2
2025,9,202509,Luleå,Tjeckien,41
2025,9,202509,Luleå,Turkiet,15
2025,9,202509,Luleå,Tyskland,1042
2025,9,202509,Luleå,USA,1560
2025,9,202509,Luleå,Ukraina,30
2025,9,202509,Luleå,Ungern,2
2025,9,202509,Luleå,Uzbekistan,4
2025,9,202509,Luleå,Österrike,38
2025,10,202510,Luleå,Afghanistan,4
2025,10,202510,Luleå,Albanien,4
2025,10,202510,Luleå,Angola,2
2025,10,202510,Luleå,Antigua och Barbuda,2
2025,10,202510,Luleå,Argentina,6
2025,10,202510,Luleå,Armenien,3
2025,10,202510,Luleå,Australien,29
2025,10,202510,Luleå,Belgien,24
2025,10,202510,Luleå,Brasilien,23
2025,10,202510,Luleå,Bulgarien,1
2025,10,202510,Luleå,Chile,3
2025,10,202510,Luleå,Colombia,2
2025,10,202510,Luleå,Danmark,226
2025,10,202510,Luleå,Egypten,1
2025,10,202510,Luleå,Ej angivet,166
2025,10,202510,Luleå,El Salvador,11
2025,10,202510,Luleå,Estland,78
2025,10,202510,Luleå,Etiopien,3
2025,10,202510,Luleå,Filippinerna,9
2025,10,202510,Luleå,Finland,1132
2025,10,202510,Luleå,Frankrike,629
2025,10,202510,Luleå,Förenade Arabemiraten,10
2025,10,202510,Luleå,Gabon,3
2025,10,202510,Luleå,Georgien,4
2025,10,202510,Luleå,Grekland,7
2025,10,202510,Luleå,Indien,36
2025,10,202510,Luleå,Indonesien,1
2025,10,202510,Luleå,Irland,24
2025,10,202510,Luleå,Island,10
2025,10,202510,Luleå,Israel,7
2025,10,202510,Luleå,Italien,107
2025,10,202510,Luleå,Japan,10
2025,10,202510,Luleå,Kanada,14
2025,10,202510,Luleå,Kazakstan,2
2025,10,202510,Luleå,Kina,51
2025,10,202510,Luleå,Kroatien,2
2025,10,202510,Luleå,Lettland,45
2025,10,202510,Luleå,Litauen,42
2025,10,202510,Luleå,Malaysia,14
2025,10,202510,Luleå,Malta,1
2025,10,202510,Luleå,Mexiko,4
2025,10,202510,Luleå,Moçambique,6
2025,10,202510,Luleå,Nederländerna,82
2025,10,202510,Luleå,Nigeria,2
2025,10,202510,Luleå,Norge,789
2025,10,202510,Luleå,Nya Zeeland,2
2025,10,202510,Luleå,Panama,2
2025,10,202510,Luleå,Peru,3
2025,10,202510,Luleå,Polen,51
2025,10,202510,Luleå,Portugal,625
2025,10,202510,Luleå,Rumänien,20
2025,10,202510,Luleå,San Marino,2
2025,10,202510,Luleå,Saudiarabien,2
2025,10,202510,Luleå,Schweiz,102
2025,10,202510,Luleå,Singapore,23
2025,10,202510,Luleå,Slovakien,1
2025,10,202510,Luleå,Slovenien,15
2025,10,202510,Luleå,Spanien,141
2025,10,202510,Luleå,Storbritannien,250
2025,10,202510,Luleå,Sverige,35951
2025,10,202510,Luleå,Swaziland,1
2025,10,202510,Luleå,Sydafrika,2
2025,10,202510,Luleå,Sydkorea,10
2025,10,202510,Luleå,Taiwan,37
2025,10,202510,Luleå,Thailand,18
2025,10,202510,Luleå,Tjeckien,13
2025,10,202510,Luleå,Turkiet,5
2025,10,202510,Luleå,Tyskland,499
2025,10,202510,Luleå,USA,1676
2025,10,202510,Luleå,Ukraina,3
2025,10,202510,Luleå,Ungern,5
2025,10,202510,Luleå,Uzbekistan,5
2025,10,202510,Luleå,Venezuela,5
2025,10,202510,Luleå,Österrike,32
2025,11,202511,Luleå,Afghanistan,2
2025,11,202511,Luleå,Andorra,3
2025,11,202511,Luleå,Argentina,6
2025,11,202511,Luleå,Australien,49
2025,11,202511,Luleå,Azerbajdzjan,15
2025,11,202511,Luleå,Belgien,59
2025,11,202511,Luleå,Brasilien,11
2025,11,202511,Luleå,Colombia,1
2025,11,202511,Luleå,Danmark,189
2025,11,202511,Luleå,Djibouti,6
2025,11,202511,Luleå,Ecuador,2
2025,11,202511,Luleå,Ej angivet,106
2025,11,202511,Luleå,El Salvador,7
2025,11,202511,Luleå,Eritrea,1
2025,11,202511,Luleå,Estland,12
2025,11,202511,Luleå,Filippinerna,10
2025,11,202511,Luleå,Finland,716
2025,11,202511,Luleå,Frankrike,179
2025,11,202511,Luleå,Förenade Arabemiraten,28
2025,11,202511,Luleå,Gabon,19
2025,11,202511,Luleå,Grekland,15
2025,11,202511,Luleå,Indien,22
2025,11,202511,Luleå,Indonesien,2
2025,11,202511,Luleå,Iran,4
2025,11,202511,Luleå,Irland,21
2025,11,202511,Luleå,Island,26
2025,11,202511,Luleå,Israel,9
2025,11,202511,Luleå,Italien,136
2025,11,202511,Luleå,Japan,10
2025,11,202511,Luleå,Jordanien,1
2025,11,202511,Luleå,Kanada,35
2025,11,202511,Luleå,Kazakstan,1
2025,11,202511,Luleå,Kina,154
2025,11,202511,Luleå,Kroatien,9
2025,11,202511,Luleå,Lettland,14
2025,11,202511,Luleå,Litauen,104
2025,11,202511,Luleå,Luxemburg,5
2025,11,202511,Luleå,Makedonien,2
2025,11,202511,Luleå,Malaysia,30
2025,11,202511,Luleå,Malta,2
2025,11,202511,Luleå,Mexiko,2
2025,11,202511,Luleå,Moçambique,1
2025,11,202511,Luleå,Myanmar,3
2025,11,202511,Luleå,Nederländerna,64
2025,11,202511,Luleå,Norge,715
2025,11,202511,Luleå,Pakistan,1
2025,11,202511,Luleå,Polen,81
2025,11,202511,Luleå,Portugal,24
2025,11,202511,Luleå,Rumänien,9
2025,11,202511,Luleå,Saudiarabien,4
2025,11,202511,Luleå,Schweiz,111
2025,11,202511,Luleå,Senegal,2
2025,11,202511,Luleå,Singapore,182
2025,11,202511,Luleå,Slovakien,20
2025,11,202511,Luleå,Slovenien,12
2025,11,202511,Luleå,Spanien,87
2025,11,202511,Luleå,Storbritannien,224
2025,11,202511,Luleå,Sverige,29918
2025,11,202511,Luleå,Sydafrika,17
2025,11,202511,Luleå,Sydkorea,3
2025,11,202511,Luleå,Taiwan,104
2025,11,202511,Luleå,Thailand,21
2025,11,202511,Luleå,Tjeckien,80
2025,11,202511,Luleå,Turkiet,16
2025,11,202511,Luleå,Tyskland,377
2025,11,202511,Luleå,USA,1584
2025,11,202511,Luleå,Ukraina,7
2025,11,202511,Luleå,Ungern,1
2025,11,202511,Luleå,Uzbekistan,5
2025,11,202511,Luleå,Venezuela,1
2025,11,202511,Luleå,Österrike,50
2025,12,202512,Luleå,Albanien,1
2025,12,202512,Luleå,Argentina,3
2025,12,202512,Luleå,Australien,134
2025,12,202512,Luleå,Bahamas,11
2025,12,202512,Luleå,Belgien,379
2025,12,202512,Luleå,Bolivia,16
2025,12,202512,Luleå,Brasilien,48
2025,12,202512,Luleå,Bulgarien,15
2025,12,202512,Luleå,Colombia,8
2025,12,202512,Luleå,Costa Rica,1
2025,12,202512,Luleå,Danmark,223
2025,12,202512,Luleå,Djibouti,2
2025,12,202512,Luleå,Egypten,1
2025,12,202512,Luleå,Ej angivet,81
2025,12,202512,Luleå,El Salvador,1
2025,12,202512,Luleå,Estland,34
2025,12,202512,Luleå,Filippinerna,7
2025,12,202512,Luleå,Finland,632
2025,12,202512,Luleå,Frankrike,1682
2025,12,202512,Luleå,Förenade Arabemiraten,12
2025,12,202512,Luleå,Grekland,64
2025,12,202512,Luleå,Guatemala,1
2025,12,202512,Luleå,Indien,69
2025,12,202512,Luleå,Indonesien,24
2025,12,202512,Luleå,Iran,3
2025,12,202512,Luleå,Irland,34
2025,12,202512,Luleå,Island,12
2025,12,202512,Luleå,Israel,5
2025,12,202512,Luleå,Italien,645
2025,12,202512,Luleå,Japan,29
2025,12,202512,Luleå,Jordanien,4
2025,12,202512,Luleå,Kanada,18
2025,12,202512,Luleå,Kazakstan,8
2025,12,202512,Luleå,Kina,272
2025,12,202512,Luleå,Kiribati,1
2025,12,202512,Luleå,Kroatien,3
2025,12,202512,Luleå,Lettland,16
2025,12,202512,Luleå,Litauen,36
2025,12,202512,Luleå,Luxemburg,21
2025,12,202512,Luleå,Malaysia,30
2025,12,202512,Luleå,Maldiverna,52
2025,12,202512,Luleå,Malta,12
2025,12,202512,Luleå,Marocko,1
2025,12,202512,Luleå,Mauritius,3
2025,12,202512,Luleå,Mexiko,5
2025,12,202512,Luleå,Nederländerna,447
2025,12,202512,Luleå,Nigeria,1
2025,12,202512,Luleå,Nordkorea,1
2025,12,202512,Luleå,Norge,679
2025,12,202512,Luleå,Nya Zeeland,8
2025,12,202512,Luleå,Peru,2
2025,12,202512,Luleå,Polen,202
2025,12,202512,Luleå,Portugal,43
2025,12,202512,Luleå,Rumänien,54
2025,12,202512,Luleå,Saudiarabien,2
2025,12,202512,Luleå,Schweiz,251
2025,12,202512,Luleå,Singapore,148
2025,12,202512,Luleå,Slovakien,26
2025,12,202512,Luleå,Slovenien,13
2025,12,202512,Luleå,Spanien,261
2025,12,202512,Luleå,Sri Lanka,1
2025,12,202512,Luleå,Storbritannien,661
2025,12,202512,Luleå,Sverige,27318
2025,12,202512,Luleå,Swaziland,42
2025,12,202512,Luleå,Sydafrika,9
2025,12,202512,Luleå,Sydkorea,10
2025,12,202512,Luleå,Taiwan,96
2025,12,202512,Luleå,Thailand,16
2025,12,202512,Luleå,Tjeckien,37
2025,12,202512,Luleå,Tunisien,2
2025,12,202512,Luleå,Turkiet,21
2025,12,202512,Luleå,Tyskland,1465
2025,12,202512,Luleå,USA,1597
2025,12,202512,Luleå,Ukraina,27
2025,12,202512,Luleå,Ungern,9
2025,12,202512,Luleå,Uzbekistan,5
2025,12,202512,Luleå,Vietnam,2
2025,12,202512,Luleå,Österrike,347
2026,1,202601,Luleå,Albanien,2
2026,1,202601,Luleå,Argentina,1
2026,1,202601,Luleå,Australien,78
2026,1,202601,Luleå,Belgien,104
2026,1,202601,Luleå,Brasilien,12
2026,1,202601,Luleå,Chile,6
2026,1,202601,Luleå,Colombia,6
2026,1,202601,Luleå,Danmark,166
2026,1,202601,Luleå,Ej angivet,4
2026,1,202601,Luleå,Estland,18
2026,1,202601,Luleå,Finland,503
2026,1,202601,Luleå,Frankrike,2236
2026,1,202601,Luleå,Förenade Arabemiraten,15
2026,1,202601,Luleå,Georgien,3
2026,1,202601,Luleå,Grekland,52
2026,1,202601,Luleå,Indien,12
2026,1,202601,Luleå,Iran,9
2026,1,202601,Luleå,Irland,16
2026,1,202601,Luleå,Israel,9
2026,1,202601,Luleå,Italien,1360
2026,1,202601,Luleå,Japan,24
2026,1,202601,Luleå,Kanada,3
2026,1,202601,Luleå,Kina,219
2026,1,202601,Luleå,Kroatien,9
2026,1,202601,Luleå,Lettland,12
2026,1,202601,Luleå,Liechtenstein,4
2026,1,202601,Luleå,Litauen,12
2026,1,202601,Luleå,Luxemburg,8
2026,1,202601,Luleå,Malaysia,30
2026,1,202601,Luleå,Maldiverna,16
2026,1,202601,Luleå,Malta,2
2026,1,202601,Luleå,Nederländerna,517
2026,1,202601,Luleå,Norge,422
2026,1,202601,Luleå,Polen,158
2026,1,202601,Luleå,Portugal,16
2026,1,202601,Luleå,Rumänien,23
2026,1,202601,Luleå,Schweiz,414
2026,1,202601,Luleå,Singapore,2
2026,1,202601,Luleå,Slovakien,30
2026,1,202601,Luleå,Slovenien,5
2026,1,202601,Luleå,Spanien,173
2026,1,202601,Luleå,Storbritannien,372
2026,1,202601,Luleå,Sverige,26590
2026,1,202601,Luleå,Sydafrika,12
2026,1,202601,Luleå,Sydkorea,15
2026,1,202601,Luleå,Taiwan,118
2026,1,202601,Luleå,Thailand,4
2026,1,202601,Luleå,Tjeckien,13
2026,1,202601,Luleå,Turkiet,57
2026,1,202601,Luleå,Tyskland,987
2026,1,202601,Luleå,USA,1273
2026,1,202601,Luleå,Ukraina,6
2026,1,202601,Luleå,Ungern,5
2026,1,202601,Luleå,Uzbekistan,5
2026,1,202601,Luleå,Venezuela,35
2026,1,202601,Luleå,Österrike,62
2026,2,202602,Luleå,Albanien,2
2026,2,202602,Luleå,Argentina,1
2026,2,202602,Luleå,Armenien,1
2026,2,202602,Luleå,Australien,94
2026,2,202602,Luleå,Belgien,421
2026,2,202602,Luleå,Brasilien,32
2026,2,202602,Luleå,Bulgarien,26
2026,2,202602,Luleå,Burkina Faso,1
2026,2,202602,Luleå,Chile,12
2026,2,202602,Luleå,Colombia,4
2026,2,202602,Luleå,Cypern,39
2026,2,202602,Luleå,Danmark,363
2026,2,202602,Luleå,Ej angivet,22
2026,2,202602,Luleå,Estland,144
2026,2,202602,Luleå,Filippinerna,74
2026,2,202602,Luleå,Finland,760
2026,2,202602,Luleå,Frankrike,3486
2026,2,202602,Luleå,Förenade Arabemiraten,4
2026,2,202602,Luleå,Gabon,12
2026,2,202602,Luleå,Grekland,13
2026,2,202602,Luleå,Indien,37
2026,2,202602,Luleå,Indonesien,5
2026,2,202602,Luleå,Iran,3
2026,2,202602,Luleå,Irland,43
2026,2,202602,Luleå,Israel,5
2026,2,202602,Luleå,Italien,651
2026,2,202602,Luleå,Japan,16
2026,2,202602,Luleå,Kanada,10
2026,2,202602,Luleå,Kina,311
2026,2,202602,Luleå,Kroatien,13
2026,2,202602,Luleå,Lettland,15
2026,2,202602,Luleå,Liechtenstein,4
2026,2,202602,Luleå,Litauen,27
2026,2,202602,Luleå,Luxemburg,47
2026,2,202602,Luleå,Makedonien,4
2026,2,202602,Luleå,Malaysia,12
2026,2,202602,Luleå,Malta,4
2026,2,202602,Luleå,Marocko,16
2026,2,202602,Luleå,Mexiko,6
2026,2,202602,Luleå,Nederländerna,1708
2026,2,202602,Luleå,Nigeria,1
2026,2,202602,Luleå,Norge,382
2026,2,202602,Luleå,Nya Zeeland,18
2026,2,202602,Luleå,Panama,2
2026,2,202602,Luleå,Polen,135
2026,2,202602,Luleå,Portugal,55
2026,2,202602,Luleå,Rumänien,19
2026,2,202602,Luleå,Schweiz,638
2026,2,202602,Luleå,Singapore,10
2026,2,202602,Luleå,Slovakien,15
2026,2,202602,Luleå,Slovenien,28
2026,2,202602,Luleå,Spanien,274
2026,2,202602,Luleå,Storbritannien,533
2026,2,202602,Luleå,Sverige,31434
2026,2,202602,Luleå,Sydafrika,2
2026,2,202602,Luleå,Sydkorea,124
2026,2,202602,Luleå,Taiwan,65
2026,2,202602,Luleå,Thailand,60
2026,2,202602,Luleå,Tjeckien,46
2026,2,202602,Luleå,Turkiet,45
2026,2,202602,Luleå,Tyskland,1497
2026,2,202602,Luleå,USA,1583
2026,2,202602,Luleå,Ukraina,6
2026,2,202602,Luleå,Ungern,29
2026,2,202602,Luleå,Vietnam,27
2026,2,202602,Luleå,Österrike,206
2026,3,202603,Luleå,Argentina,2
2026,3,202603,Luleå,Australien,174
2026,3,202603,Luleå,Belgien,251
2026,3,202603,Luleå,Benin,2
2026,3,202603,Luleå,Brasilien,11
2026,3,202603,Luleå,Bulgarien,4
2026,3,202603,Luleå,Costa Rica,1
2026,3,202603,Luleå,Cypern,12
2026,3,202603,Luleå,Danmark,118
2026,3,202603,Luleå,Ej angivet,24
2026,3,202603,Luleå,Estland,10
2026,3,202603,Luleå,Etiopien,1
2026,3,202603,Luleå,Finland,882
2026,3,202603,Luleå,Frankrike,2423
2026,3,202603,Luleå,Georgien,32
2026,3,202603,Luleå,Grekland,21
2026,3,202603,Luleå,Indien,29
2026,3,202603,Luleå,Indonesien,11
2026,3,202603,Luleå,Irland,22
2026,3,202603,Luleå,Island,3
2026,3,202603,Luleå,Israel,4
2026,3,202603,Luleå,Italien,777
2026,3,202603,Luleå,Japan,11
2026,3,202603,Luleå,Kanada,35
2026,3,202603,Luleå,Kina,183
2026,3,202603,Luleå,Kroatien,12
2026,3,202603,Luleå,Lettland,6
2026,3,202603,Luleå,Litauen,23
2026,3,202603,Luleå,Luxemburg,34
2026,3,202603,Luleå,Malta,4
2026,3,202603,Luleå,Mexiko,7
2026,3,202603,Luleå,Nederländerna,414
2026,3,202603,Luleå,Norge,675
2026,3,202603,Luleå,Polen,96
2026,3,202603,Luleå,Portugal,30
2026,3,202603,Luleå,Rumänien,16
2026,3,202603,Luleå,Ryssland,3
2026,3,202603,Luleå,Saudiarabien,4
2026,3,202603,Luleå,Schweiz,149
2026,3,202603,Luleå,Serbien,2
2026,3,202603,Luleå,Singapore,17
2026,3,202603,Luleå,Slovakien,17
2026,3,202603,Luleå,Slovenien,30
2026,3,202603,Luleå,Spanien,214
2026,3,202603,Luleå,Storbritannien,245
2026,3,202603,Luleå,Sverige,30011
2026,3,202603,Luleå,Sydafrika,1
2026,3,202603,Luleå,Sydkorea,3
2026,3,202603,Luleå,Taiwan,70
2026,3,202603,Luleå,Thailand,43
2026,3,202603,Luleå,Tjeckien,27
2026,3,202603,Luleå,Turkiet,75
2026,3,202603,Luleå,Tyskland,1044
2026,3,202603,Luleå,USA,1515
2026,3,202603,Luleå,Ukraina,4
2026,3,202603,Luleå,Ungern,18
2026,3,202603,Luleå,Uruguay,4
2026,3,202603,Luleå,Uzbekistan,5
2026,3,202603,Luleå,Österrike,66
2026,4,202604,Luleå,Argentina,1
2026,4,202604,Luleå,Australien,2
2026,4,202604,Luleå,Belgien,76
2026,4,202604,Luleå,Bulgarien,5
2026,4,202604,Luleå,Colombia,2
2026,4,202604,Luleå,Danmark,68
2026,4,202604,Luleå,Ej angivet,37
2026,4,202604,Luleå,Estland,24
2026,4,202604,Luleå,Finland,722
2026,4,202604,Luleå,Frankrike,101
2026,4,202604,Luleå,Förenade Arabemiraten,1
2026,4,202604,Luleå,Indien,3
2026,4,202604,Luleå,Irland,18
2026,4,202604,Luleå,Island,1
2026,4,202604,Luleå,Italien,95
2026,4,202604,Luleå,Kanada,12
2026,4,202604,Luleå,Kina,12
2026,4,202604,Luleå,Kroatien,6
2026,4,202604,Luleå,Lettland,12
2026,4,202604,Luleå,Litauen,12
2026,4,202604,Luleå,Luxemburg,6
2026,4,202604,Luleå,Nederländerna,190
2026,4,202604,Luleå,Norge,645
2026,4,202604,Luleå,Polen,59
2026,4,202604,Luleå,Portugal,25
2026,4,202604,Luleå,Rumänien,2
2026,4,202604,Luleå,Ryssland,9
2026,4,202604,Luleå,Saudiarabien,12
2026,4,202604,Luleå,Schweiz,76
2026,4,202604,Luleå,Singapore,4
2026,4,202604,Luleå,Slovakien,7
2026,4,202604,Luleå,Slovenien,2
2026,4,202604,Luleå,Spanien,42
2026,4,202604,Luleå,Storbritannien,47
2026,4,202604,Luleå,Sverige,22024
2026,4,202604,Luleå,Thailand,25
2026,4,202604,Luleå,Tjeckien,26
2026,4,202604,Luleå,Tyskland,245
2026,4,202604,Luleå,USA,1007
2026,4,202604,Luleå,Ungern,6
2026,4,202604,Luleå,Vitryssland,4
2026,4,202604,Luleå,Österrike,35
2026,5,202605,Luleå,Andorra,2
2026,5,202605,Luleå,Angola,2
2026,5,202605,Luleå,Australien,65
2026,5,202605,Luleå,Belgien,91
2026,5,202605,Luleå,Bulgarien,4
2026,5,202605,Luleå,Chile,1
2026,5,202605,Luleå,Costa Rica,1
2026,5,202605,Luleå,Danmark,167
2026,5,202605,Luleå,Egypten,2
2026,5,202605,Luleå,Ej angivet,44
2026,5,202605,Luleå,El Salvador,2
2026,5,202605,Luleå,Elfenbenskusten,5
2026,5,202605,Luleå,Estland,20
2026,5,202605,Luleå,Finland,1169
2026,5,202605,Luleå,Frankrike,507
2026,5,202605,Luleå,Georgien,1
2026,5,202605,Luleå,Grekland,27
2026,5,202605,Luleå,Indien,4
2026,5,202605,Luleå,Iran,1
2026,5,202605,Luleå,Irland,21
2026,5,202605,Luleå,Island,1
2026,5,202605,Luleå,Italien,386
2026,5,202605,Luleå,Japan,10
2026,5,202605,Luleå,Kanada,35
2026,5,202605,Luleå,Kina,26
2026,5,202605,Luleå,Kirgizistan,2
2026,5,202605,Luleå,Kroatien,17
2026,5,202605,Luleå,Lettland,19
2026,5,202605,Luleå,Litauen,29
2026,5,202605,Luleå,Luxemburg,8
2026,5,202605,Luleå,Mexiko,3
2026,5,202605,Luleå,Nederländerna,203
2026,5,202605,Luleå,Norge,1448
2026,5,202605,Luleå,Pakistan,4
2026,5,202605,Luleå,Panama,3
2026,5,202605,Luleå,Polen,155
2026,5,202605,Luleå,Portugal,27
2026,5,202605,Luleå,Rumänien,49
2026,5,202605,Luleå,Ryssland,14
2026,5,202605,Luleå,Schweiz,136
2026,5,202605,Luleå,Singapore,2
2026,5,202605,Luleå,Slovakien,3
2026,5,202605,Luleå,Slovenien,2
2026,5,202605,Luleå,Spanien,58
2026,5,202605,Luleå,Storbritannien,205
2026,5,202605,Luleå,Sverige,30526
2026,5,202605,Luleå,Sydafrika,7
2026,5,202605,Luleå,Taiwan,3
2026,5,202605,Luleå,Thailand,13
2026,5,202605,Luleå,Tjeckien,35
2026,5,202605,Luleå,Turkiet,12
2026,5,202605,Luleå,Tyskland,909
2026,5,202605,Luleå,USA,1814
2026,5,202605,Luleå,Ukraina,17
2026,5,202605,Luleå,Ungern,5
2026,5,202605,Luleå,Vitryssland,4
2026,5,202605,Luleå,Zimbabwe,10
2026,5,202605,Luleå,Österrike,62
2026,6,202606,Luleå,Albanien,1
2026,6,202606,Luleå,Andorra,2
2026,6,202606,Luleå,Argentina,3
2026,6,202606,Luleå,Australien,45
2026,6,202606,Luleå,Belgien,63
2026,6,202606,Luleå,Brasilien,8
2026,6,202606,Luleå,Chile,20
2026,6,202606,Luleå,Danmark,208
2026,6,202606,Luleå,Ej angivet,70
2026,6,202606,Luleå,Elfenbenskusten,18
2026,6,202606,Luleå,Estland,57
2026,6,202606,Luleå,Filippinerna,3
2026,6,202606,Luleå,Finland,3245
2026,6,202606,Luleå,Frankrike,13509
2026,6,202606,Luleå,Förenade Arabemiraten,9
2026,6,202606,Luleå,Grekland,66
2026,6,202606,Luleå,Indien,15
2026,6,202606,Luleå,Irland,68
2026,6,202606,Luleå,Island,13
2026,6,202606,Luleå,Israel,3
2026,6,202606,Luleå,Italien,797
2026,6,202606,Luleå,Japan,8
2026,6,202606,Luleå,Kanada,45
2026,6,202606,Luleå,Kina,19
2026,6,202606,Luleå,Kroatien,33
2026,6,202606,Luleå,Lettland,23
2026,6,202606,Luleå,Liechtenstein,5
2026,6,202606,Luleå,Litauen,16
2026,6,202606,Luleå,Luxemburg,5
2026,6,202606,Luleå,Malta,1
2026,6,202606,Luleå,Marocko,5
2026,6,202606,Luleå,Mexiko,1
2026,6,202606,Luleå,Nederländerna,532
2026,6,202606,Luleå,Niger,15
2026,6,202606,Luleå,Norge,7177
2026,6,202606,Luleå,Nya Zeeland,1
2026,6,202606,Luleå,Polen,198
2026,6,202606,Luleå,Portugal,20
2026,6,202606,Luleå,Rumänien,26
2026,6,202606,Luleå,Ryssland,18
2026,6,202606,Luleå,Saudiarabien,10
2026,6,202606,Luleå,Schweiz,479
2026,6,202606,Luleå,Singapore,13
2026,6,202606,Luleå,Slovakien,11
2026,6,202606,Luleå,Slovenien,12
2026,6,202606,Luleå,Spanien,136
2026,6,202606,Luleå,Storbritannien,425
2026,6,202606,Luleå,Sverige,38720
2026,6,202606,Luleå,Sydafrika,2
2026,6,202606,Luleå,Sydkorea,1
2026,6,202606,Luleå,Taiwan,4
2026,6,202606,Luleå,Thailand,27
2026,6,202606,Luleå,Tjeckien,154
2026,6,202606,Luleå,Turkiet,13
2026,6,202606,Luleå,Tyskland,2027
2026,6,202606,Luleå,USA,2558
2026,6,202606,Luleå,Ukraina,57
2026,6,202606,Luleå,Ungern,23
2026,6,202606,Luleå,Österrike,165
2026,7,202607,Luleå,Argentina,2
2026,7,202607,Luleå,Australien,41
2026,7,202607,Luleå,Belgien,117
2026,7,202607,Luleå,Brasilien,1
2026,7,202607,Luleå,Bulgarien,1
2026,7,202607,Luleå,Burundi,24
2026,7,202607,Luleå,Colombia,4
2026,7,202607,Luleå,Costa Rica,3
2026,7,202607,Luleå,Cypern,2
2026,7,202607,Luleå,Danmark,374
2026,7,202607,Luleå,Ej angivet,33
2026,7,202607,Luleå,El Salvador,1
2026,7,202607,Luleå,Elfenbenskusten,6
2026,7,202607,Luleå,Estland,47
2026,7,202607,Luleå,Finland,5438
2026,7,202607,Luleå,Frankrike,306
2026,7,202607,Luleå,Förenade Arabemiraten,2
2026,7,202607,Luleå,Georgien,36
2026,7,202607,Luleå,Grekland,65
2026,7,202607,Luleå,Indien,2
2026,7,202607,Luleå,Iran,6
2026,7,202607,Luleå,Irland,43
2026,7,202607,Luleå,Island,4
2026,7,202607,Luleå,Israel,1
2026,7,202607,Luleå,Italien,192
2026,7,202607,Luleå,Japan,9
2026,7,202607,Luleå,Kanada,14
2026,7,202607,Luleå,Kina,8
2026,7,202607,Luleå,Kroatien,72
2026,7,202607,Luleå,Lettland,34
2026,7,202607,Luleå,Litauen,35
2026,7,202607,Luleå,Nederländerna,448
2026,7,202607,Luleå,Niger,15
2026,7,202607,Luleå,Norge,54231
2026,7,202607,Luleå,Nya Zeeland,4
2026,7,202607,Luleå,Polen,206
2026,7,202607,Luleå,Portugal,15
2026,7,202607,Luleå,Rumänien,26
2026,7,202607,Luleå,Ryssland,20
2026,7,202607,Luleå,Saudiarabien,4
2026,7,202607,Luleå,Schweiz,868
2026,7,202607,Luleå,Sierra Leone,3
2026,7,202607,Luleå,Singapore,2
2026,7,202607,Luleå,Slovakien,22
2026,7,202607,Luleå,Slovenien,25
2026,7,202607,Luleå,Spanien,74
2026,7,202607,Luleå,Storbritannien,257
2026,7,202607,Luleå,Sverige,54573
2026,7,202607,Luleå,Swaziland,6
2026,7,202607,Luleå,Sydafrika,1
2026,7,202607,Luleå,Sydkorea,3
2026,7,202607,Luleå,Thailand,29
2026,7,202607,Luleå,Tjeckien,109
2026,7,202607,Luleå,Turkiet,12
2026,7,202607,Luleå,Tyskland,2139
2026,7,202607,Luleå,USA,3308
2026,7,202607,Luleå,Ukraina,35
2026,7,202607,Luleå,Ungern,11
2026,7,202607,Luleå,Vitryssland,4
2026,7,202607,Luleå,Österrike,167
2026,8,202608,Luleå,Australien,23
2026,8,202608,Luleå,Belgien,185
2026,8,202608,Luleå,Bosnien och Hercegovina,1
2026,8,202608,Luleå,Brasilien,29
2026,8,202608,Luleå,Bulgarien,8
2026,8,202608,Luleå,Cypern,2
2026,8,202608,Luleå,Danmark,188
2026,8,202608,Luleå,Ej angivet,108
2026,8,202608,Luleå,El Salvador,3
2026,8,202608,Luleå,Estland,50
2026,8,202608,Luleå,Filippinerna,1
2026,8,202608,Luleå,Finland,2522
2026,8,202608,Luleå,Frankrike,413
2026,8,202608,Luleå,Förenade Arabemiraten,9
2026,8,202608,Luleå,Georgien,10
2026,8,202608,Luleå,Indien,4
2026,8,202608,Luleå,Indonesien,26
2026,8,202608,Luleå,Iran,5
2026,8,202608,Luleå,Irland,35
2026,8,202608,Luleå,Island,13
2026,8,202608,Luleå,Israel,16
2026,8,202608,Luleå,Italien,455
2026,8,202608,Luleå,Japan,30
2026,8,202608,Luleå,Kanada,12
2026,8,202608,Luleå,Kazakstan,1
2026,8,202608,Luleå,Kina,23
2026,8,202608,Luleå,Kroatien,5
2026,8,202608,Luleå,Lettland,25
2026,8,202608,Luleå,Liechtenstein,2
2026,8,202608,Luleå,Litauen,40
2026,8,202608,Luleå,Luxemburg,15
2026,8,202608,Luleå,Malta,2
2026,8,202608,Luleå,Mexiko,4
2026,8,202608,Luleå,Nauru,2
2026,8,202608,Luleå,Nederländerna,412
2026,8,202608,Luleå,Nigeria,2
2026,8,202608,Luleå,Norge,8539
2026,8,202608,Luleå,Nya Zeeland,3
2026,8,202608,Luleå,Panama,12
2026,8,202608,Luleå,Polen,374
2026,8,202608,Luleå,Portugal,15
2026,8,202608,Luleå,Rumänien,92
2026,8,202608,Luleå,Ryssland,2
2026,8,202608,Luleå,Saudiarabien,2
2026,8,202608,Luleå,Schweiz,548
2026,8,202608,Luleå,Serbien,1
2026,8,202608,Luleå,Singapore,2
2026,8,202608,Luleå,Slovakien,5
2026,8,202608,Luleå,Slovenien,15
2026,8,202608,Luleå,Spanien,154
2026,8,202608,Luleå,Storbritannien,433
2026,8,202608,Luleå,Sverige,43253
2026,8,202608,Luleå,Swaziland,2
2026,8,202608,Luleå,Sydkorea,2
2026,8,202608,Luleå,Taiwan,4
2026,8,202608,Luleå,Thailand,33
2026,8,202608,Luleå,Tjeckien,85
2026,8,202608,Luleå,Turkiet,15
2026,8,202608,Luleå,Tyskland,1772
2026,8,202608,Luleå,USA,1901
2026,8,202608,Luleå,Ukraina,47
2026,8,202608,Luleå,Ungern,19
2026,8,202608,Luleå,Uruguay,2
2026,8,202608,Luleå,Vitryssland,1
2026,8,202608,Luleå,Österrike,252
